maker,asin,jan,amazon_price,list_price_teika,netsea_wholesale_excl,netsea_supplier,note
サンデーペイント,B005NGYVD8,4906754275168,21970.0,,,,NETSEA該当なし＝実卸はメーカー見積必要
ユニチャーム,B00PTB87O6,4520699612132,7270.0,,,,NETSEA該当なし＝実卸はメーカー見積必要
ダイドーハント (DAIDOHANT),B085T5W5WL,4962123360170,9969.0,,,,NETSEA該当なし＝実卸はメーカー見積必要
エプソン,B0CBLRH1HC,4988617476134,16130.0,,,,NETSEA該当なし＝実卸はメーカー見積必要
STARTECH.COM,B00519BF2W,0065030842983,6277.0,,,,NETSEA該当なし＝実卸はメーカー見積必要
ファイブラセル,B007IG8I26,0837654779149,9574.0,4400.0,,,NETSEA該当なし＝実卸はメーカー見積必要
レゴ(LEGO),B09QFWT3G2,5702017231044,6974.0,,,,NETSEA該当なし＝実卸はメーカー見積必要
シモジマ(Shimojima),B004XFKLA2,4901755711813,2006.0,1874.0,,,NETSEA該当なし＝実卸はメーカー見積必要
ユニ・チャーム,B0CXHPWS59,4520699697047,2449.0,,,,NETSEA該当なし＝実卸はメーカー見積必要
Hasbro,B08SQTW817,5010993862252,5865.0,,,,NETSEA該当なし＝実卸はメーカー見積必要
看板ショップ,B019FAESKS,,5065.0,,,,NETSEA該当なし＝実卸はメーカー見積必要
ウェイモール(WEIMALL),B00MFGP7XW,,27690.0,,,,NETSEA該当なし＝実卸はメーカー見積必要
岩田製作所,B00TLGNDF8,,4300.0,,,,NETSEA該当なし＝実卸はメーカー見積必要
ブルーブルー(Blue Blue),B08LVJ5VMC,4580510964673,2450.0,1910.0,,,NETSEA該当なし＝実卸はメーカー見積必要
ダヴィンチ(da Vinci),B00409HPF0,4017505116415,9156.0,9500.0,,,NETSEA該当なし＝実卸はメーカー見積必要
アルテ,B0012RAWM6,0699234428522,2400.0,2860.0,,,NETSEA該当なし＝実卸はメーカー見積必要
ササガワ(Sasagawa),B010VDR6KW,4974268831972,3946.0,4350.0,,,NETSEA該当なし＝実卸はメーカー見積必要
シャチハタ,B002ECB2AY,4974052322754,1818.0,1900.0,,,NETSEA該当なし＝実卸はメーカー見積必要
アイオーデータ,B07SB93BXH,4957180132303,16100.0,20800.0,,,NETSEA該当なし＝実卸はメーカー見積必要
ダイワ(DAIWA),B001LRZIV2,4960652750820,22595.0,31000.0,,,NETSEA該当なし＝実卸はメーカー見積必要
スターテック(StarTech.com),B09WQGR91D,0065030885096,6811.0,15737.0,,,NETSEA該当なし＝実卸はメーカー見積必要
ケンコー(Kenko),B00UT34UQI,4961607300664,1832.0,,,,NETSEA該当なし＝実卸はメーカー見積必要
いなばペットフード,B07M76W4NZ,4901133636240,3370.0,,,,NETSEA該当なし＝実卸はメーカー見積必要
Hamee(ハミィ),B0CGZY98MQ,4522327959558,3980.0,3300.0,,,NETSEA該当なし＝実卸はメーカー見積必要
アストロプロダクツ,B07KZW9D8X,2003000008463,2309.0,1749.0,,,NETSEA該当なし＝実卸はメーカー見積必要
新東亜交易,B00N9OG0LM,4959283054834,5001.0,6000.0,,,NETSEA該当なし＝実卸はメーカー見積必要
"Jinjiacheng Photography Equipment Co.,Ltd.",B0GJSGQ4L9,6974810555880,1938.0,2680.0,,,NETSEA該当なし＝実卸はメーカー見積必要
PDA工房,B0F3JG1QT9,4582684425561,1514.0,1782.0,,,NETSEA該当なし＝実卸はメーカー見積必要
レイメイ藤井,B084RTVMSB,4902562480879,1980.0,3700.0,,,NETSEA該当なし＝実卸はメーカー見積必要
Fender(フェンダー),B00IJY9YGA,0885978508921,4620.0,5000.0,,,NETSEA該当なし＝実卸はメーカー見積必要
因幡電工(INABA DENKO),B00569BLMG,4518301011640,1950.0,3020.0,,,NETSEA該当なし＝実卸はメーカー見積必要
サンライズ,B08KXP27ST,4973321940163,2071.0,,,,NETSEA該当なし＝実卸はメーカー見積必要
ブシロード(BUSHIROAD),B0CR9QJSCX,4573592715349,4300.0,3636.0,,,NETSEA該当なし＝実卸はメーカー見積必要
リス(RISU),B001BCY8GI,4909818075438,12700.0,20500.0,,,NETSEA該当なし＝実卸はメーカー見積必要
ベルメゾン,B099WGWCZQ,,3990.0,3990.0,,,NETSEA該当なし＝実卸はメーカー見積必要
三陽金属,B002653JV4,4984037000232,3182.0,3380.0,,,NETSEA該当なし＝実卸はメーカー見積必要
横トナ,B0G2B26BG5,,5042.0,5480.0,,,NETSEA該当なし＝実卸はメーカー見積必要
カクダイ(KAKUDAI),B07QYYT9X1,4972353090860,4410.0,7100.0,,,NETSEA該当なし＝実卸はメーカー見積必要
ダーツショップDARTS HiVe（ダーツハイブ）,B0GPD8ZRN8,,,2200.0,,,NETSEA該当なし＝実卸はメーカー見積必要
ドギーマン,B06XGTQGB5,4976555951226,3549.0,,,,NETSEA該当なし＝実卸はメーカー見積必要
GORIX(ゴリックス),B0FSCNJ3WV,,1599.0,4840.0,,,NETSEA該当なし＝実卸はメーカー見積必要
イングレム,B0FSL47GP7,4570128329544,2376.0,2400.0,,,NETSEA該当なし＝実卸はメーカー見積必要
PEUGEOT(プジョー),B000J18YYO,4006950014025,9090.0,11000.0,,,NETSEA該当なし＝実卸はメーカー見積必要
AQUA(アクア),B0F28TPF6L,4582702126173,3290.0,4990.0,,,NETSEA該当なし＝実卸はメーカー見積必要
ITC,B0DZ5LQN33,,18480.0,,,,NETSEA該当なし＝実卸はメーカー見積必要
デビフペット,B0848WKRDV,4970501022367,2250.0,,,,NETSEA該当なし＝実卸はメーカー見積必要
ダンロップ(DUNLOP),B099ZCPR6X,4907913278488,2000.0,3500.0,,,NETSEA該当なし＝実卸はメーカー見積必要
リコー,B013HB7RQ8,4961311884580,17013.0,21900.0,,,NETSEA該当なし＝実卸はメーカー見積必要
グッドスマイルカンパニー(GOOD SMILE COMPANY),B0DJVFNDDF,4580590198470,7238.0,4000.0,,,NETSEA該当なし＝実卸はメーカー見積必要
スクウェア・エニックス(SQUARE ENIX),B0FB93PB8S,4988601373432,3450.0,4000.0,,,NETSEA該当なし＝実卸はメーカー見積必要
サンカ(Sanka),B07TW3DYTY,4990127226611,2139.0,,,,NETSEA該当なし＝実卸はメーカー見積必要
サンスター文具(Sun-Star Stationery),B0D7LY9FT2,4901770766294,1980.0,2000.0,,,NETSEA該当なし＝実卸はメーカー見積必要
ナカバヤシ(Nakabayashi),B01M1NHCU3,4902205437963,2980.0,2320.0,,,NETSEA該当なし＝実卸はメーカー見積必要
アイシア,B07B127XW3,4571104715900,1950.0,,,,NETSEA該当なし＝実卸はメーカー見積必要
ラパラ(Rapala),B0B72K2C3T,4589756443379,1745.0,1700.0,,,NETSEA該当なし＝実卸はメーカー見積必要
