採否,除外理由,商品名(Amazon),asin,jan,カテゴリ,仕入先名,BuyBox実価格,相乗り数,名寄せ一致,score,仕入URL,※Keepa固有の加工値(月間ドロップ数/過去最安値/365日最安/月間販売数/実セラー数)と卸値の列は規約上の理由でリポジトリから除外。完全版は ~/Documents/AI Company 素材/Amazon物販事業/keepa-netsea-full-20260906/
候補,,ARTIST SUPPORT ITEM COLLABORATION 1/,B0DJD67WZM,4582779492997,hobby,ARTIST SUPPORT ITEM COLLABORATION 1/2ハンド,3800,2,1.0,351,https://store.shopping.yahoo.co.jp/amiami/goods-04538459.html,
候補,,【お手入れ簡単】ドウシシャ 卓上扇風機 スリムコンパクトファン Lite,B0BXBMQQHD,4550557284027,home_kitchen,ドウシシャ 卓上扇風機 スリムコンパクトファン Lite 3電源（AC USB ,4680,2,0.67,221,https://store.shopping.yahoo.co.jp/lifestyle-007/60369.html,
候補,,阪和 mercyu メルシーユー 詰替用フレグランスオイル MRUS-5,B08L53J7RY,4944370029185,home_kitchen,メルシーユー 詰め替え フレグランスオイル 480ml 2本セット MRUS-5,4280,3,0.67,167,https://store.shopping.yahoo.co.jp/otegoro-m/o-n-b08l53j7ry.html,
候補,,東北エスパル 伊達 直 (替刃式) 裁断用 TECY-0360,B00LP4JT7U,4969968102620,diy_tools,板金ハサミ 伊達直 替刃式 裁断用 東北エスパル TECY-0360,54800,5,0.86,140,https://store.shopping.yahoo.co.jp/oktools/tecy-0360.html,
候補,,【修正パーツなし】フレームアームズ・ガール 迅雷 [Fresh Skin,B01BHK3JAE,4934054108213,hobby,中古プラモデル [修正パーツ付] 迅雷 Fresh Skin Limbs App,4010,5,1.0,136,https://store.shopping.yahoo.co.jp/suruga-ya/603070909001.html,
候補,,ポケットモンスター サウンドぬいぐるみ ポケモン モルペコ (まんぷくも,B09K7JP4Y7,4904790713514,toys,サウンドぬいぐるみ ポケモン モルペコ[タカラトミーアーツ]《在庫切れ》,3800,5,0.75,95,https://store.shopping.yahoo.co.jp/amiami/goods-04146224.html,
候補,,スイスイおえかき ドラえもん どこでもボード【ひらがな・とけい・ABC・,B07PP2QZRT,4977554212684,toys,スイスイおえかき ドラえもん どこでもボード【ひらがな・とけい・ABC・おえかき,4280,5,1.0,89,https://store.shopping.yahoo.co.jp/japantradeshop/4977554212684.html,
候補,,カードファイト！！ ヴァンガード スペシャルシリーズ第8弾 はじめようデ,B0C14638HJ,4573592712492,toys,カードファイト！！ ヴァンガード スペシャルシリーズ第8弾 はじめようデッキセッ,6850,3,1.0,88,https://store.shopping.yahoo.co.jp/amiami/card-00021257.html,
候補,,東北エスパル ニューロール TENR-0240,B00LP4JEOS,4969968102743,diy_tools,ニューロールα ハンド折曲機 東北エスパル TENR-1240,53100,2,0.8,70,https://store.shopping.yahoo.co.jp/oktools/nyu-ro-ru.html,
候補,,ヴァイスシュヴァルツブラウ ブースターパック ホロスターズ BOX,B0CMQDSV27,4573592713833,toys,ヴァイスシュヴァルツ ブラウ ブースターパック ホロスターズ 10パック入り /,4980,2,0.5,62,https://store.shopping.yahoo.co.jp/fishingcat/11286.html,
候補,,ガチアクタ VIBRATION STARS -エンジン- 約19㎝,B0GJTRJ9D1,4573102694416,hobby,中古フィギュア エンジン 「ガチアクタ」 VIBRATION STARS-エンジ,3544,2,0.8,41,https://store.shopping.yahoo.co.jp/suruga-ya/602309699001.html,
候補,,ティファール ケトル 1.2L ジャスティンプラス カカオブラック KO,B00LGM51IC,3045386368792,home_kitchen,ティファール電気ケトル 1.2L ジャスティンプラス カカオブラック 湯沸かし ,7180,5,0.83,36,https://store.shopping.yahoo.co.jp/trendline/3045386368792.html,
候補,,303 High Tech Fabric Guard ハイテックファブリ,B000221H08,0082043006508,hobby,【撥水剤】303 ファブリックガード（FABRIC GUARD）スプレーボトル(,6358,2,0.5,21,https://store.shopping.yahoo.co.jp/dc12v-shop/dc12vsp-2900418mk.html,
候補,,ikins iPhone 16 Pro ケース 天然貝 ステンドグラス ,B0DG8K94B5,4582741611326,appliances,ikins 天然貝ケース for iPhone 16 Pro ステンドグラス ピ,5890,3,1.0,7,https://item.rakuten.co.jp/e-bear/4582741611326/?rafcid=wsc_i_is_4ed6972d-e2cc-4305-981d-a8f878fdd2c3,
候補,,ikins iPhone 16 ケース 天然貝 神奈川沖浪裏 [ パール,B0DG8JJWF6,4582741611159,appliances,ikins アイキンス 天然貝ケース for iPhone 16 神奈川沖浪裏 ,5890,2,0.86,6,https://item.rakuten.co.jp/b-surprise2/4582741611159/?rafcid=wsc_i_is_4ed6972d-e2cc-4305-981d-a8f878fdd2c3,
候補,,ikins iPhone 16 ケース 天然貝 モナ・リザ [ パール ,B0DG8K9XHF,4582741611173,appliances,ikins アイキンス 天然貝ケース for iPhone 16 モナ・リザ I,5890,3,0.86,6,https://item.rakuten.co.jp/b-surprise2/4582741611173/?rafcid=wsc_i_is_4ed6972d-e2cc-4305-981d-a8f878fdd2c3,
候補,,ikins iPhone 16 Pro ケース 天然貝 魚と猫 [ パー,B0DG8KV3YZ,4582741611203,appliances,ikins アイキンス 天然貝ケース for iPhone 16 Pro 魚と猫,5890,3,0.86,6,https://item.rakuten.co.jp/b-surprise2/4582741611203/?rafcid=wsc_i_is_4ed6972d-e2cc-4305-981d-a8f878fdd2c3,
除外,ブランド制限,OLYMPUS 電動式パンケーキズームレンズ M.ZUIKO DIGIT,B013N4V40E,8808311551165,appliances,【中古】（新古品） OLYMPUS 電動式パンケーキズームレンズ M.ZUIKO,31999,4,0.8,1190,https://item.rakuten.co.jp/bearhomes/2025-04-27-170/?rafcid=wsc_i_is_4ed6972d-e2cc-4305-981d-a8f878fdd2c3,
除外,ブランド制限,タカラトミー プラレール 200系カラー新幹線 (E2系) ＆ E3系新,B0BQTN62L8,4904810903376,toys,【関東 中部 送料無料】プラレール 200系カラー新幹線 (E2系) ＆ E3系,9990,3,0.75,590,https://store.shopping.yahoo.co.jp/toys-selection/4904810903376.html,
除外,ブランド制限,京セラ(Kyocera) 旧リョービ プロ用 充電式小型レシプロソー 本,B09R44D3YP,4960673616150,diy_tools,KYOCERA 京セラ　プロ用品　14.4V充電式小型レシプロソー　DRJ120,20000,9,0.83,501,https://store.shopping.yahoo.co.jp/handskotera/drj120.html,
除外,ブランド制限,西川 敷きパッド 冷感 ファミリーサイズ 洗える ひんやり＆タオル地 リ,B086X4G89Z,4976008646693,home_kitchen,冷感敷きパッド ファミリーサイズ ワイドキング 200×205cm 西川 夏 ひ,8780,2,0.8,459,https://store.shopping.yahoo.co.jp/k-q/9f-pm37001224.html,
除外,ブランド制限,ドクターエア　3DスーパーブレードS（ブラック）,B01N022O5E,4580235554869,sports,ドクターエア 3DスーパーブレードS SB-002BK Dr.Air エクササイ,21800,3,0.75,454,https://store.shopping.yahoo.co.jp/refun/20173.html,
除外,ブランド制限,TOMIX Nゲージ 国鉄 72・73形 鶴見線 セット 98490 鉄,B0B2Z34S92,4543736984900,hobby,TOMIX Nゲージ 98490 国鉄 72・73形通勤電車(鶴見線) 3両セッ,18000,4,1.0,378,https://store.shopping.yahoo.co.jp/ootsukamokei/98490.html,
除外,ブランド制限/名寄せ低,Dragon Ball S.H.フィギュアーツ 孫悟飯ビースト 約140,B0CCX83ZH3,4573102650412,toys,S.H.Figuarts 孫悟飯ビースト ドラゴンボール超 スーパーヒーロー◆新,25630,10,0.33,376,https://store.shopping.yahoo.co.jp/bii-dama/52990962.html,
除外,ブランド制限,仮面ライダーギーツ PREMIUM DX メモリアルビートレイズバックル,B0CKRKR1X7,4570118107619,toys,仮面ライダーギーツ PREMIUM DX メモリアルビートレイズバックル,4848,4,1.0,338,https://store.shopping.yahoo.co.jp/tamari-do/lid2f3c6aa30.html,
除外,ブランド制限,Continental(コンチネンタル) Ultra Sport 3 B,B083RV5PSP,4019238026641,sports,(即納)(正規品)Continental コンチネンタル ULTRA SPORT,7100,6,1.0,282,https://item.rakuten.co.jp/vehicle/80001566/?rafcid=wsc_i_is_4ed6972d-e2cc-4305-981d-a8f878fdd2c3,
除外,ブランド制限,テトラ (Tetra) クールパワーボックス CPX-75 冷却 アクア,B00D8R9QUC,4560147399246,pet,テトラ　水槽用クーラー　クールパワーボックス　ＣＰＸ−７５　対応水量２００リット,58000,2,0.43,272,https://store.shopping.yahoo.co.jp/chanet/169054.html,
除外,ブランド制限,DIESEL iPhone14Plusケース レザー ハンドストラップ ,B0BBW6YXSR,8718846108942,appliances,【送料無料】DIESEL ディーゼル iPhone 14 Plus ケース アイ,6800,2,0.8,264,https://item.rakuten.co.jp/smartstyle-select/50285/?rafcid=wsc_i_is_4ed6972d-e2cc-4305-981d-a8f878fdd2c3,
除外,ブランド制限,Bamix（バーミックス）フードプロセッサー 万能 調理用 (スマートプ,B0DKHKMPVG,4523931057852,home_kitchen,バーミックス bamix M300 プラス ハンドブレンダー フードプロセッサー,51700,4,0.5,232,https://store.shopping.yahoo.co.jp/liberta/m300pac.html,
除外,ブランド制限/名寄せ低,パナソニック(Panasonic) 漏電ブレーカ BJW-50型 3P3,B00IX8DX1Y,4547441225471,diy_tools,ホーチキ 火災警報器・報知器 無線連動型 煙式 SS-2LRA-10HCC,11100,7,0.0,205,https://store.shopping.yahoo.co.jp/rail-link-store/4560184701002.html,
除外,ブランド制限,24mm F/2.8 Di III OSD M1:2 F051SF ソニ,B07ZQL5CZT,4960371006659,appliances,タムロン TAMRON 24mm F/2.8 Di III OSD M1:2 F,37620,6,0.86,194,https://item.rakuten.co.jp/ebest/4960371006659/?rafcid=wsc_i_is_4ed6972d-e2cc-4305-981d-a8f878fdd2c3,
除外,ブランド制限,アニプレックス Fate/Grand Order フォーリナー/葛飾北斎,B0BKLH8LTS,4534530880727,hobby,『中古即納』{FIG} ANIPLEX+限定 フォーリナー/葛飾北斎 英霊祭装 ,16758,9,1.0,183,https://store.shopping.yahoo.co.jp/mediaworld-plus/61246431001.html,
除外,ブランド制限,MARUMI PLフィルター EXUS サーキュラーPL 67mm コン,B00CCZ40DO,4957638092111,appliances,【ネコポス発送商品】［マルミ］ EXUS（エグザス）サーキュラーP.L 67mm,8677,10,0.43,171,https://item.rakuten.co.jp/mituboshicamera/4957638092111/?rafcid=wsc_i_is_4ed6972d-e2cc-4305-981d-a8f878fdd2c3,
除外,/薬機・許可,【セット販売】ピュリナワン キャット 健康マルチケア 腎臓/尿路・お腹・,B0FM6ZNNFZ,4902201217323,pet,ピュリナワン　ドライ　健康マルチケア　１１歳以上　サーモン＆ツナ　２ｋｇ（５００,5274,2,0.38,168,https://store.shopping.yahoo.co.jp/chanet/316510.html,
除外,/薬機・許可,ミルク本舗 オトナのヤギミルク ペット用 1kg,B00U5OYJ0S,4560441580074,pet,ミルク本舗 オランダ産 大人のやぎミルク 1kg 脱脂乳ヤギミルク 犬用 猫用 ,13650,2,0.67,158,https://store.shopping.yahoo.co.jp/mystyle-pet/milk-002.html,
除外,ブランド制限/名寄せ低,S.H.Figuarts サム ABS＆PVC製 約165mm 塗装済み,B0DRLKCJD9,4573102675170,hobby,【中古】S.H.Figuarts サム「崩壊：スターレイル」,25200,6,0.33,150,https://store.shopping.yahoo.co.jp/baton-store/cfga-10283.html,
除外,ブランド制限,ダンロップ(DUNLOP) スリクソン ZXi4 アイアン 単品 【カタ,B0DGJY7RKG,4907913408717,sports,【7/5限定!エントリーで当店全品ポイント10倍!】 DUNLOP ダンロップ ,28600,2,0.86,147,https://item.rakuten.co.jp/ezaki-g/dp-ir-zxi4-m1/?rafcid=wsc_i_is_4ed6972d-e2cc-4305-981d-a8f878fdd2c3,
除外,ブランド制限,[BANDAI] [バンダイ] 仮面ライダーガッチャード DXレジェンド,B0CZCYRMYF,4570118204721,toys,仮面ライダーガッチャード DXレジェンドカメンライザー◆新品Ss,5990,9,0.5,102,https://store.shopping.yahoo.co.jp/bii-dama/52009919.html,
除外,ブランド制限,ジョイパレット(JOYPALETTE) アンパンマン おすしい~っぱい!,B08BGGNSPR,4975201181857,toys,ジョイパレット(JOYPALETTE) アンパンマン おすしい~っぱい アンパン,16470,7,1.0,80,https://store.shopping.yahoo.co.jp/hapitize/kwbfde186aeb.html,
除外,/名寄せ低,ハイロジック 指をはさまない!赤ちゃんの安全を考えてるベビー用品 ベビー,B00A4PVNYS,4960983963012,baby,ベビーフェンス とおりゃんせ　入数1個,6263,7,0.0,56,https://item.rakuten.co.jp/kurashi-h/00096301-001/?rafcid=wsc_i_is_4ed6972d-e2cc-4305-981d-a8f878fdd2c3,
除外,ブランド制限/名寄せ低,シマノ(SHIMANO) ロッド 並継 ソルト オシアプラッガーリミテッ,B08TW46ZQL,4969363302472,sports,シマノ(SHIMANO) オシアプラッガーリミテッド S88H 302472,73000,7,0.33,52,https://item.rakuten.co.jp/naturum-fishing/3188535/?rafcid=wsc_i_is_4ed6972d-e2cc-4305-981d-a8f878fdd2c3,
除外,ブランド制限,グリーンマックス Nゲージ 東京モノレール1000形ディスプレイキット ,B0F1862JNL,4946950290701,hobby,グリーンマックス (N) 2907 東京モノレール1000形ディスプレイキット(,15029,6,0.83,51,https://store.shopping.yahoo.co.jp/joshin/4946950290701-53-76644.html,
除外,/名寄せ低,【自動首振り】 ドウシシャ 卓上扇風機 スリムコンパクトファン Swin,B0BXBNSYP3,4550557284119,home_kitchen,［ スリムコンパクトファン Swing ］扇風機 首振り 卓上 コンパクト 電池,6500,2,0.2,46,https://store.shopping.yahoo.co.jp/roomy/dss2000-rq049-1.html,
除外,ブランド制限,DUNLOP(ダンロップ) ユーティリティ XXIO ゼクシオ トゥエル,B09JS1WY2Z,4907913287985,sports,【中古】 ダンロップ XXIO(2022) H4 ユーティリティ UT XXIO,24800,2,0.5,37,https://item.rakuten.co.jp/golfpartner/2100401595261/?rafcid=wsc_i_is_4ed6972d-e2cc-4305-981d-a8f878fdd2c3,
除外,/名寄せ低,Boga Grip ボガグリップ ランディングツール 130Specia,B07QGGZC9K,4515822102390,sports,,42800,2,0.0,34,,
除外,/名寄せ低,iFace Look in Clear iPhone 15 Plus/1,B0BD83CTFJ,4522327946329,appliances,,4980,3,0.0,18,,
除外,/名寄せ低,ノナガ:Das bewegende Brett,B09BF4JRQG,0701197870017,toys,NONAGA 和訳付き輸入版,4352,8,0.0,7,https://store.shopping.yahoo.co.jp/baton-store/sbga-08739.html,
