jan,name,source,amazon,asin,category,size,verdict,offer_count,sales_rank,oos90,tier1,tier2,tier3,kw,※Keepa固有の加工値(月間ドロップ数/過去最安値/365日最安/月間販売数/実セラー数)と卸値の列は規約上の理由でリポジトリから除外。完全版は ~/Documents/AI Company 素材/Amazon物販事業/keepa-netsea-full-20260906/
4582532192744,水筒 700ml 保温 保冷 ハンドル付き スクリューボトル アウトドア キャン,Yahoo,1880.0,B0BBPKJPS9,home_kitchen,standard_1,はずれ,1,57,0.01,False,False,False,水筒 ステンレス,
4971860037665,水筒 食洗機対応 ステンレスマグ 600ml 500ml以上 ハンドル付き 保冷,Yahoo,2100.0,B0DV546KGN,home_kitchen,standard_1,はずれ,12,1443,0.0,False,False,False,水筒 ステンレス,
4582532194120,水筒 500ml 520ml 保温 保冷 真空断熱 ステンレス 軽量 ワンタッチ,Yahoo,1498.0,B0BXWS1JQR,home_kitchen,standard_1,はずれ,2,2849,0.06,False,False,False,水筒 ステンレス,
4582532193901,水筒 1リットル 1L 保温 保冷 ハンドル付き スクリューボトル アウトドア ,Yahoo,1980.0,B0BBQ3ZFCL,home_kitchen,standard_1,はずれ,1,57,0.01,False,False,False,水筒 ステンレス,
4573608580350,水筒 500ml 保温 保冷 真空断熱 ステンレス 軽量 スクリューボトル マグ,Yahoo,1398.0,B0FPQMHGB8,home_kitchen,standard_1,はずれ,1,855,0.01,False,False,False,水筒 ステンレス,
4573603020110,サーモス 真空断熱スポーツボトルFJU-1001 水筒 1000ml 1L ボト,Yahoo,3345.0,B0GKDWSG68,home_kitchen,standard_1,はずれ,26,30,0.0,False,False,False,水筒 ステンレス,
4582532195196,水筒 700ml 保温 保冷 真空断熱 ステンレス シームレスボトル スクリュー,Yahoo,2280.0,B0BSN386G5,home_kitchen,standard_1,はずれ,1,3559,0.01,False,False,False,水筒 ステンレス,
4973307376054,当店限定柄新登場 スケーター 水筒 470ml キッズ カバー 付き 直飲み K,Yahoo,2649.0,B06XHFSFLY,home_kitchen,standard_1,はずれ,10,15497,0.0,False,False,False,水筒 ステンレス,
4974305226532,SD-HB10(BA) 象印 ステンレスボトル 水筒 プロテクトアーマー搭載 ク,Yahoo,3880.0,B0CQTP38LL,sports,standard_1,はずれ,24,152,0.0,False,False,False,水筒 ステンレス,
4562344394000,サーモス 真空断熱スポーツボトル FJS-1000F 水筒 1L マグ ステンレ,Yahoo,3700.0,B0CTMHLWQF,home_kitchen,standard_1,はずれ,46,143,0.0,False,False,False,水筒 ステンレス,
4973307659867,スケーター 超軽量 保冷 ステンレス 水筒 ボトル 直飲み 580ml プリンセ,Yahoo,2473.0,B0CQL5KRF5,home_kitchen,standard_1,はずれ,17,6508,0.0,False,False,False,水筒 ステンレス,
4562344369213,サーモス 水筒 500ml JNL-S500 保冷 保温 食洗機対応 スポーツド,Yahoo,4450.0,B07VDCLZ14,home_kitchen,standard_1,はずれ,6,66886,0.0,False,False,False,水筒 ステンレス,
4971860036231,水筒 子供 1リットル 直飲み 保冷 肩紐 カバー付き 肩ひも ステンレスボトル,Yahoo,3091.0,B0BYMZ8N86,home_kitchen,standard_1,はずれ,9,5089,0.0,False,False,False,水筒 ステンレス,
4582532196100,水筒 500mL 保温 保冷 真空断熱 分解して洗える 超軽量 ワンタッチボトル,Yahoo,1680.0,B0DHFXSH9B,home_kitchen,standard_1,はずれ,1,2196,0.01,False,False,False,水筒 ステンレス,
4573603020073,サーモス 真空断熱スポーツボトルFJU-751 水筒 750ml ボトル 保冷 ,Yahoo,3127.0,B0GKFCKH4X,home_kitchen,standard_1,はずれ,14,33,0.0,False,False,False,水筒 ステンレス,
4967576787000,水筒 600ml 子供 スポーツドリンク対応 ステンレス 直飲み 保冷 アナと雪,Yahoo,3277.0,B0FPCS83DM,home_kitchen,standard_1,はずれ,6,6283,0.0,False,False,False,水筒 ステンレス,
4973307720703,SKATER スケーター 水筒 保冷ステンレスボトル 600ml 直飲み ダイレ,Yahoo,2924.0,B0G8T7FTWW,home_kitchen,standard_1,はずれ,7,3615,0.13,False,False,False,水筒 ステンレス,
4573608580404,水筒 600ml 保温 保冷 真空断熱 ステンレス 軽量 スクリューボトル マグ,Yahoo,1498.0,B0FPQMZ7Z7,home_kitchen,standard_1,はずれ,1,850,0.02,False,False,False,水筒 ステンレス,
0840394223568,最大51%★7/6迄 正規品生涯保証 ハイドロフラスク 水筒 Hydro Fla,Yahoo,4730.0,B0GQFN53KH,home_kitchen,standard_1,はずれ,1,42893,0.0,False,False,False,水筒 ステンレス,
4934122099948,水筒 500ml ステンレスボトル 超軽量 Toffy マグボトル 保温 保冷 ,Yahoo,2750.0,B0GYNRJ48X,home_kitchen,small,はずれ,1,30301,0.1,False,False,False,水筒 ステンレス,
1200185056291,スタンレー マグボトル STANLEY クラッチ真空断熱ボトル 0.47L 16,Yahoo,9240.0,B0H2HZL6NF,home_kitchen,large_1,はずれ,1,246061,0.44,False,False,False,水筒 ステンレス,
4971860037719,水筒 食洗機対応 ステンレスマグ 800ml ハンドル付き タンブラー 持ち運び,Yahoo,1882.0,B0DV53R9JY,home_kitchen,standard_1,はずれ,11,1430,0.0,False,False,False,水筒 ステンレス,
4967576821261,水筒 750ml 直飲み 高保冷 真空断熱 食洗機 スポーツドリンク対応 保温 ,Yahoo,2800.0,B0GYPG688D,home_kitchen,standard_1,はずれ,4,31165,0.0,False,False,False,水筒 ステンレス,
4973307664922,スケーター 水筒 子供 2WAY 直飲み 470ml コップ飲み 430ml ス,Yahoo,4940.0,B0CSXHNDT1,home_kitchen,standard_1,はずれ,10,65220,0.14,False,False,False,水筒 ステンレス,
4996742364356,水筒 MARY QUANT ステンレスボトル 300ml,Yahoo,3630.0,B0DVZ3DDN9,home_kitchen,small,はずれ,2,17827,0.0,False,False,False,水筒 ステンレス,
4967576415910,水筒 500ml 子供 保温 保冷 おしゃれ ワンタッチ ステンレスボトル マグ,Yahoo,3480.0,B07RTJ1N45,home_kitchen,standard_1,あやしい,1,246981,0.23,False,False,False,水筒 ステンレス,
4974305226549,象印 水筒 1リットル スポーツドリンクOK ステンレスクールボトル SD-HB,Yahoo,4020.0,B0CQTPZQHQ,sports,standard_1,はずれ,28,152,0.0,False,False,False,水筒 ステンレス,
4988342261111,水筒 ニューレトロ 水筒 ステンレスボトル タンブラー 保冷 保温 360ml,Yahoo,3080.0,B0GLNH34VM,home_kitchen,small,はずれ,4,97473,0.0,False,False,False,水筒 ステンレス,
5000000013388,正規品 【選べる特典付】ハイドロフラスク ハイドレーション ワイドマウス 40o,Yahoo,,B09ST3ZPSS,home_kitchen,standard_1,はずれ,999,571018,1.0,False,False,False,水筒 ステンレス,
4973307740282,スケーター 水筒 ステンレス マグボトル ボトル 1l 1.5l 1000ml ,Yahoo,3083.0,B0GMM1QM86,home_kitchen,standard_1,はずれ,2,2022,0.0,False,False,False,水筒 ステンレス,
4582532193499,ペットボトルホルダー ボトルインボトル 500ml 650ml 保冷 保温 真空,Yahoo,1580.0,B094CC44JY,home_kitchen,standard_1,はずれ,1,203,0.01,False,False,False,水筒 ステンレス,
4904710438541,水筒 500ml おしゃれ タイガー 食洗機対応 直飲み パッキン一体 洗いやす,Yahoo,2519.0,B0CFWVP9C4,home_kitchen,small,はずれ,8,198,0.0,False,False,False,水筒 ステンレス,
4582532191815,水筒 500ml 530ml 保温 保冷 ハンドル付き スクリューボトル アウト,Yahoo,1680.0,B0BBP5272J,home_kitchen,standard_1,はずれ,1,57,0.01,False,False,False,水筒 ステンレス,
4973307720697,スケーター 水筒 子供 2WAY 直飲み 470ml コップ飲み 430ml ス,Yahoo,3343.0,B0GGFVFYQC,sports,standard_1,はずれ,5,18176,0.0,False,False,False,水筒 ステンレス,
4973307721601,スケーター 水筒 子供 470ml 直飲み ダイレクト キッズ ステンレスボトル,Yahoo,2927.0,B0G3V266LY,home_kitchen,standard_1,はずれ,11,6201,0.0,False,False,False,水筒 ステンレス,
4973307655197,スケーター 水筒 子供 470ml 直飲み ダイレクト キッズ ステンレスボトル,Yahoo,4600.0,B0CMZ1DGY8,home_kitchen,standard_1,はずれ,6,170194,0.16,False,False,False,水筒 ステンレス,
4573608582026,タンブラー 473ml 保温 保冷 ふた ハンドル付き 真空断熱 セラミック加工,Yahoo,1998.0,B0GKFY9L5N,home_kitchen,standard_1,はずれ,1,25822,0.01,False,False,False,タンブラー 保温,
9355482000613,ストーク 選べる豪華特典 タンブラー Lサイズ 12oz 355ml 水筒 マグ,Yahoo,,B09XRC2S78,home_kitchen,standard_1,はずれ,999,37352,0.01,False,False,False,タンブラー 保温,
9355482000484,STTOKE ストーク 漏れない 蓋付き セラミック タンブラー  470ml ,Yahoo,6380.0,B09P19BM9Q,home_kitchen,standard_1,はずれ,1,36983,0.0,False,False,False,タンブラー 保温,
5000000013432,正規品 ハイドロフラスク オールアラウンドタンブラードリンクウエア 12oz 3,Yahoo,3080.0,B09SV119K9,home_kitchen,small,はずれ,2,5626,0.0,False,False,False,タンブラー 保温,
4580750348677,タンブラー セラミック ストロー 蓋付き 500ml 750ml 持ち運び こぼ,Yahoo,1780.0,B0G5257NF6,home_kitchen,standard_1,はずれ,3,50576,0.0,False,False,False,タンブラー 保温,
4974305220042,象印 タンブラー 蓋付き ステンレス 保温 保冷 450ml SX-FA45 コ,Yahoo,2700.0,B08QH9HWTF,home_kitchen,standard_1,はずれ,27,6135,0.01,False,False,False,タンブラー 保温,
5000000013487,正規品 ハイドロフラスク オールアラウンドタンブラードリンクウエア 16oz 4,Yahoo,3854.0,B09SV3MGY9,sports,standard_1,はずれ,1,89938,0.0,False,False,False,タンブラー 保温,
4973307535710,スケーター タンブラー 水筒  ステンレス 保冷 保温 S 350ml 蓋付き ,Yahoo,2360.0,B091JRD7PH,home_kitchen,standard_1,はずれ,10,34327,0.0,False,False,False,タンブラー 保温,
4514499165356,BRUNO 蓋つきステンレスマグ 320ml short 保温 保冷 真空二重構,Yahoo,2200.0,B09C11XQ1G,home_kitchen,standard_1,はずれ,3,2591,0.0,False,False,False,タンブラー 保温,
4974305220813,象印 タンブラー 300ml 400ml 保温 保冷 ステンレス 大人 シンプル,Yahoo,3228.0,B09BFN3HJQ,home_kitchen,standard_1,はずれ,22,501,0.0,False,False,False,タンブラー 保温,
4973307712456,Skater スケーター STBF5 サーモタンブラー 450ml パペットスン,Yahoo,4554.0,B0H4TDR19M,home_kitchen,standard_1,はずれ,4,52430,0.04,False,False,False,タンブラー 保温,
4514499181530,公式 BRUNO 2WAYストロータンブラー L BHK323 保温 保冷 真空,Yahoo,2750.0,B0F6MN72FQ,home_kitchen,standard_1,はずれ,2,62214,0.0,False,False,False,タンブラー 保温,
5089024212014,正規品 ハイドロフラスク ハイドレーション ワイドマウス 2026SS新色 20,Yahoo,5060.0,B085WNXSYM,home_kitchen,standard_1,はずれ,1,88698,0.0,False,False,False,タンブラー 保温,
4546490506333,タンブラー 名入れ プレゼント 真空断熱 保温 保冷 ステンレス 名前入り 彫刻,Yahoo,999.0,B084RTYWMP,home_kitchen,small,はずれ,2,77699,0.0,False,False,False,タンブラー 保温,
4528302911160,リセ スリムストッカー S3M2 5段 18cm 隙間収納 リセスリムストッカー,Yahoo,4200.0,B0C94137FF,home_kitchen,large_1,はずれ,5,3517,0.0,False,False,False,キッチン 収納 ラック,
4903208032575,［ シンク上キッチン収納ラック タワー ］山崎実業 tower キッチン 収納 ,Yahoo,8910.0,B06W9FQXGG,home_kitchen,large_1,はずれ,9,24053,0.0,False,False,False,キッチン 収納 ラック,
4991123215135,キッチンラック スリム スチールラック 白 黒 隙間 収納 幅60 キッチン 食,Yahoo,10980.0,B0CDWFW8KF,home_kitchen,standard_1,はずれ,1,101038,0.0,False,False,False,キッチン 収納 ラック,
4550533175578,キッチンラック スリム 幅32 奥行29 高さ145.5cm キッチン収納 カウ,Yahoo,,B0F2LK43C8,home_kitchen,standard_1,はずれ,999,87062,0.16,False,False,False,キッチン 収納 ラック,
4903208014526,山崎実業 公式 タワー 前が開くキッチンカウンター上収納ラック D15 towe,Yahoo,8910.0,B0DTHGGFHW,home_kitchen,large_2,はずれ,11,21346,0.0,False,False,False,キッチン 収納 ラック,
4903208103565,山崎実業 公式 タワー シンク下引き出し幅伸縮スライドラック D30 tower,Yahoo,11000.0,B0GQGB9MGF,home_kitchen,large_2,はずれ,1,18537,0.36,False,False,False,キッチン 収納 ラック,
4977612151108,平安伸銅工業　突っ張り棒 取付幅： 170〜280cm 特大 ハイカム超極太ポー,Yahoo,4442.0,B000MU371C,home_kitchen,standard_2,はずれ,8,381255,0.0,False,False,False,キッチン 収納 ラック,
4903208020077,山崎実業 公式 タワー ツーウェイ キッチン家電下引き出し＆スライドテーブル W,Yahoo,12522.0,B0CF43Y3FR,home_kitchen,large_2,はずれ,13,21090,0.0,False,False,False,キッチン 収納 ラック,
4550533175516,キッチンラック スリム キャスター付き スライド棚付き 幅42 奥行32 高さ9,Yahoo,6999.0,B0F2LSK81L,home_kitchen,standard_1,はずれ,1,87062,0.4,False,False,False,キッチン 収納 ラック,
4573114126714,レンジ下収納ラック レンジ台 幅45cm/80cm コンパクト キッチン家電下ラ,Yahoo,8800.0,B0DSZGT7JH,home_kitchen,standard_1,はずれ,1,32666,0.0,False,False,False,キッチン 収納 ラック,
4550084634302,キッチンラック 幅110cm 2段 ルミナスノワール ブラック 黒 おしゃれ ス,Yahoo,6480.0,B07L8R31KK,home_kitchen,large_1,はずれ,4,1922,0.0,False,False,False,キッチン 収納 ラック,
4573492375414,キッチンカウンター 約120cm キッチン収納 間仕切り 食器棚 仕切り 目隠し,Yahoo,14800.0,B0C1NN9D5M,home_kitchen,large_2,はずれ,1,21135,0.0,False,False,False,キッチン 収納 ラック,
4903208103589,山崎実業 公式 タワー シンク下引き出し幅伸縮スライドラック D40 tower,Yahoo,12650.0,B0GQGLRLCR,home_kitchen,large_2,はずれ,3,32983,0.36,False,False,False,キッチン 収納 ラック,
4983771262586,レンジ台 スリム キャスター付き 幅48 奥行41.5 高さ89cm レンジボー,Yahoo,,B0BSQNY6WS,home_kitchen,standard_1,はずれ,999,23017,0.16,False,False,False,キッチン 収納 ラック,
4550454522567,スチールラック 幅110cm 5段 ルミナスラテ ホワイト 白 おしゃれ スチー,Yahoo,14422.0,B09HRMKQ7Z,home_kitchen,large_2,はずれ,3,3847,0.0,False,False,False,キッチン 収納 ラック,
4595557255028,一人暮らし フライパン 調理器具・道具セット[CN-15] キッチンツール 新生,Yahoo,8980.0,B0FT2922CC,home_kitchen,standard_1,はずれ,1,456419,0.6,False,False,False,調理器具 セット,
4967576525893,フライパンセット IH対応 IH アイリスオーヤマ 5点 一人暮らし ダイヤモン,Yahoo,5310.0,B08R77KV74,home_kitchen,large_1,はずれ,9,63361,0.0,False,False,False,調理器具 セット,
4967576467131,フライパンセット IH対応 ガス ih アイリスオーヤマ フライパン 26cm ,Yahoo,10810.0,B084X6L61P,home_kitchen,large_2,はずれ,11,238366,0.0,False,False,False,調理器具 セット,
4560132470844,最大51%★7/6迄 正規品1年保証 ラッセルホブス 電動ミル ソルト ペッパー,Yahoo,5153.0,B0FX78671C,home_kitchen,standard_1,はずれ,5,59349,0.0,False,False,False,調理器具 セット,
4550668741846,evercook エバークック fit7点セット アイボリー EFIST7IV ,Yahoo,17500.0,B0FQN32GFX,home_kitchen,large_1,はずれ,2,88104,0.0,False,False,False,調理器具 セット,
4560132470783,最大51%★7/6迄 正規品1年保証 ラッセルホブス 電動ミル 充電式 スリム ,Yahoo,8800.0,B0DTXC73H2,home_kitchen,standard_1,はずれ,8,23786,0.0,False,False,False,調理器具 セット,
0818881004662,クッカーセット VARGO チタニウム ボット700,Yahoo,19493.0,B01NA7B5T3,sports,small,はずれ,48,69327,0.0,False,False,False,調理器具 セット,
4960589019434,7/5.6は全品+P5% クッカーセット スノーピーク アルミパーソナルクッカー,Yahoo,5380.0,B09KX7GW39,sports,standard_1,はずれ,21,3075,0.0,False,False,False,調理器具 セット,
4989083660249,ユニフレーム UNIFLAME 調理器具セット fan5DX クラッドプラス 6,Yahoo,22000.0,B0CVSH7MMG,home_kitchen,large_1,はずれ,18,176357,0.0,False,False,False,調理器具 セット,
4544742903640,エジソンママ 新ママごはんつくって 離乳食調理器具セット 初期から完了期まで使え,Yahoo,2680.0,B0D6R9FRCB,default,standard_1,はずれ,8,269,0.0,False,False,False,調理器具 セット,
4901601434699,[即納在庫品] 貝印 スライサー おろし金 キッチンツール セット SELECT,Yahoo,3982.0,B000NJJ3A6,home_kitchen,standard_1,はずれ,24,1912,0.0,False,False,False,調理器具 セット,
4595640319651,キャンプ アウトドア 包丁付きまな板 調理器具 まな板 包丁 セット 収納 シャ,Yahoo,,B0DBHFVLM6,sports,standard_1,はずれ,999,2873,0.16,False,False,False,調理器具 セット,
4595557255035,キッチンツール セット [KC-11]一人暮らし 調理器具 セット 調理道具 新,Yahoo,4980.0,B0FJ1R9FLC,home_kitchen,standard_1,はずれ,1,119942,0.62,False,False,False,調理器具 セット,
4903208051910,山崎実業 公式 タワー シリコーンキッチンツール 5点セット tower お玉 ,Yahoo,1321.0,B08VW63CS6,home_kitchen,standard_1,はずれ,12,3941,0.0,False,False,False,調理器具 セット,
4960589183876,スノーピーク 調理器具セット 鍋 フライパン コンボダッチ デュオ CS-550,Yahoo,23740.0,B007N77TNO,sports,large_1,はずれ,11,198581,0.0,False,False,False,調理器具 セット,
4903208051897,山崎実業 公式 タワー シリコーンキッチンツール 8点セット tower お玉 ,Yahoo,1321.0,B08VWG84W9,home_kitchen,standard_1,はずれ,11,2911,0.0,False,False,False,調理器具 セット,
4580502095385,在庫処分★おままごと キッチン 木製 おままごとセット 調理器具付き 台所 製氷,Yahoo,,B0CTLMLQT4,diy,large_2,はずれ,999,,0.39,False,False,False,調理器具 セット,
4967576497596,フライパンセット アイリスオーヤマ フライパン 26cm 深型 IH対応 ガス ,Yahoo,9800.0,B093P26R9V,home_kitchen,large_1,はずれ,12,60429,0.0,False,False,False,調理器具 セット,
4589462482310,キッチンツールセット 調理器具 14点セット クッキングツール キャンプ アウト,Yahoo,,B08LDK4XD5,sports,standard_2,はずれ,999,16856,0.89,False,False,False,調理器具 セット,
4562350998957,電子レンジ調理器　HTO-8957 Modere　レンジグリル ヒロコーポレーシ,Yahoo,2255.0,B0F3CWFFPM,home_kitchen,standard_1,はずれ,9,1730,0.0,False,False,False,調理器具 セット,
3168430321250,T-fal インジニオ・ネオ IHルージュ・アンリミテッド セット3 L3839,Yahoo,9200.0,B09CYM8MH5,home_kitchen,large_1,はずれ,21,456,0.0,False,False,False,調理器具 セット,
4953571079509,7/5.6は全品+P5% クッカーセット SOTO ステンレスヘビーポット GO,Yahoo,16327.0,B079VPK4KB,sports,large_1,はずれ,14,91613,0.67,False,False,False,調理器具 セット,
4980356200469,調理器具 電子レンジ専用調理器 グルラボプラス マルチセット レンジ調器器具 保,Yahoo,6980.0,B07L2RG8RH,home_kitchen,standard_2,はずれ,12,234018,0.0,False,False,False,調理器具 セット,
4549980755808,パナソニック スチーマー ナノケア コンパクト EH-SA3D-C クリーム調,Yahoo,20099.0,B0CJXP752P,beauty,standard_1,はずれ,23,18129,0.0,False,False,False,美容 スチーマー,
4562350995390,理美容家電 美顔器 スチーマー 顔 スチーム フェイススチーマー,Yahoo,2850.0,B0GFD629LY,beauty,standard_1,はずれ,3,227200,0.02,False,False,False,美容 スチーマー,
4562398231627,スチーマー フェイススチーマー バレンタイン 美顔器【美ルルウルミスト】乾燥対策,Yahoo,3400.0,B082138QXN,beauty,standard_1,はずれ,18,69089,0.0,False,False,False,美容 スチーマー,
4589764322314,特典付［ FESTINO フェイシャル アロマ ナノスチーマー ］スチーマー フ,Yahoo,6455.0,B0D2CQSKN5,beauty,standard_1,はずれ,11,47573,0.0,False,False,False,美容 スチーマー,
4589764321997,フェスティノ 2大特典 スチーマー 美顔器 フェイシャル クレンジング ナノスチ,Yahoo,13780.0,B0BN2VR542,beauty,standard_2,はずれ,6,32344,0.0,False,False,False,美容 スチーマー,
4975058278755,【公式】フェイススチーマー ESH-2787W SH-2787PW ホワイト パ,Yahoo,8980.0,B0BJ2PNHRN,beauty,standard_2,はずれ,1,56762,0.0,False,False,False,美容 スチーマー,
4549980741108,パナソニック Panasonic イオン美顔器 IONBOOST(イオンブースト,Yahoo,55900.0,B0CJXN9F3J,beauty,standard_1,はずれ,20,74204,0.0,False,False,False,美容 スチーマー,
4580052601173,nanoa ナノア リフティア フェイススチーマー パープル,Yahoo,5980.0,B0DKLZ6VHH,beauty,standard_1,はずれ,1,7134,0.84,False,False,False,美容 スチーマー,
4550719025857,【保証付】【国内正規品】Panasonic スキンアクト スチーマー トリプル ,Yahoo,34225.0,B0FRQRNBDY,beauty,standard_2,はずれ,16,18103,0.0,False,False,False,美容 スチーマー,
4562398239258,スチーマー 美顔器 ハンディミスト 母の日ギフト 保湿 乾燥対策【美ルル モイス,Yahoo,3618.0,B01N242U05,beauty,small,はずれ,4,41427,0.0,False,False,False,美容 スチーマー,
4589764322000,特典付［ FESTINO Facial Cleansing Nano Steam,Yahoo,11300.0,B0BN35NNH3,beauty,standard_2,はずれ,6,32344,0.0,False,False,False,美容 スチーマー,
4549980433997,パナソニック スチーマー ナノケア 温冷 化粧水ミスト 保湿 ゴールド EH-S,Yahoo,36115.0,B08HMFGL9N,beauty,large_1,はずれ,31,20478,0.0,False,False,False,美容 スチーマー,
4550719025864,パナソニック スキンアクト スチーマー マルチ スキンケア SKINACT ST,Yahoo,46380.0,B0FRQBK244,beauty,large_1,はずれ,21,18103,0.0,False,False,False,美容 スチーマー,
4560132470578,最大51%★7/6迄 正規品1年保証 ラッセルホブス フードスチーマー スチーマ,Yahoo,4336.0,B0BC7TYF83,home_kitchen,standard_2,はずれ,13,16512,0.0,False,False,False,美容 スチーマー,
4571385851854,精製水 2l 純水 スチーマー 用 精製水 2L × 9本 サンエイ化学 日本薬,Yahoo,3520.0,B09DCG565R,beauty,large_2,はずれ,1,33225,0.0,False,False,False,美容 スチーマー,
4571385850031,精製水 5l 純水 化粧用 スチーマー cpap 高純度精製水 5L × 1箱 ,Yahoo,16038.0,B008C4V1GI,drugstore,large_2,原石,1,6288,0.0,True,True,True,美容 スチーマー,
4589474479865,■髪に潤いを与える■ ヘアアイロン ストレートアイロン ストレート サロンムーン,Yahoo,,B07SRQQZ19,beauty,standard_1,はずれ,999,790,1.0,False,False,False,ヘアアイロン,
4571607691091,ヘアアイロン 12mm ヘアアイロン ミニ コードレス サロニア SALONIA,Yahoo,6578.0,B0FPLH77YB,beauty,standard_1,はずれ,2,491,0.0,False,False,False,ヘアアイロン,
4549980435410,Panasonic（パナソニック） ストレートヘアアイロン（マルチ２ＷＡＹ） E,Yahoo,3900.0,B08JYYTS11,beauty,standard_1,はずれ,10,86293,0.0,False,False,False,ヘアアイロン,
4560459071519,ラディアント ヘアアイロン ストレート 28mm アイロン プロ仕様 LM-12,Yahoo,22000.0,B00SNWTUBM,beauty,standard_1,あやしい,59,1659,0.0,False,False,False,ヘアアイロン,
4981747071859,[在庫処分特価]コイズミ サロンセンス ブラシアイロン KHR-6910/W ヘ,Yahoo,3790.0,B08YDY9LMC,beauty,standard_1,あやしい,16,75706,0.0,False,False,False,ヘアアイロン,
4589946770100,絹女 ヘアアイロン W ストレートアイロン -worldwide model- ,Yahoo,33140.0,B0754XNDNF,beauty,standard_1,原石,1,107007,0.57,True,True,True,ヘアアイロン,
4589946770018,ヘアアイロン ストレート 痛まない 高級 キヌージョ 絹女 アイロン LM225,Yahoo,,B00RVELC4G,beauty,standard_1,はずれ,999,107224,0.96,False,False,False,ヘアアイロン,
4988338222720,マグネットへアプロ ヘアアイロン ストレートアイロン ストレートアイロンS クレ,Yahoo,9504.0,B09MWDCGDN,beauty,standard_1,はずれ,10,28252,0.0,False,False,False,ヘアアイロン,
4975302433091,■コスパ抜群■ ヘアアイロン ストレート テスコム ストレートアイロン コテ ロ,Yahoo,2720.0,B0DBPLJKDF,beauty,standard_1,はずれ,1,8342,0.0,False,False,False,ヘアアイロン,
4974011801887,ReFa 公式 フィンガーアイロン ST ヘアアイロン ミニ コテ ギフト 前髪,Yahoo,,B0CGQSV74L,beauty,standard_1,はずれ,999,314137,1.0,False,False,False,ヘアアイロン,
4975302443090,ヘアアイロン ストレート テスコム ストレートアイロン コテ アレンジ 15mm,Yahoo,6870.0,B0FBV64JYW,beauty,standard_1,はずれ,1,7289,0.0,False,False,False,ヘアアイロン,
4571368140012,ヘアアイロン Agetuya アゲツヤ サロン仕様並みの220℃で即効ストレート,Yahoo,4578.0,B003VD36FY,beauty,standard_1,あやしい,5,113225,0.0,False,False,False,ヘアアイロン,
4562183855137,【メーカー直送】ヘアビューロン 4D Plus [ストレート]　｜バイオプログラ,Yahoo,49500.0,B07BF5ZGM3,beauty,standard_1,はずれ,1,4666,0.02,False,False,False,ヘアアイロン,
4981747068460,ヴィダルサスーン VS ベーシックシリーズ 2WAY ヘアアイロン VSI-32,Yahoo,2455.0,B07YZ9JJCN,beauty,standard_1,はずれ,13,4948,0.0,False,False,False,ヘアアイロン,
4540790397936,ヤーマン ヘアアイロン スムースアイロンフォトイオン 公式 保水 ツヤ 低温 2,Yahoo,,B0C1RXBCQQ,beauty,standard_1,はずれ,999,124801,1.0,False,False,False,ヘアアイロン,
4589946770728,絹女 ストレートアイロン LM-225 正規品 ヘアアイロン KINUJO LM,Yahoo,25800.0,B0DLNR62TQ,beauty,standard_1,原石,1,2090,0.64,True,True,True,ヘアアイロン,
4589474477007,■軽量 ＆ コンパクト■ ヘアアイロン ミニ ストレート ストレートアイロン ミ,Yahoo,,B08SR78T82,beauty,standard_1,はずれ,999,790,1.0,False,False,False,ヘアアイロン,
4589898174308,LEBOND(レボンド) 音波振動歯ブラシ iN(アイン) ホワイト／電動歯ブラ,Yahoo,1450.0,B08R86642V,drugstore,standard_1,はずれ,2,329734,0.0,False,False,False,電動歯ブラシ 替えブラシ,
4987176248053,電動歯ブラシ ブラウン オーラルB 公式ストア PRO1ホワイト替えブラシ1本増,Yahoo,,B0CX14MM6L,drugstore,standard_1,はずれ,999,40340,1.0,False,False,False,電動歯ブラシ 替えブラシ,
4210201328308,電動歯ブラシ ブラウン オーラルB 公式ストア iO9プロフェッショナル替えブラ,Yahoo,29984.0,B08RHL3WLP,drugstore,standard_1,はずれ,2,85696,0.0,False,False,False,電動歯ブラシ 替えブラシ,
4571432465232,【互換品】ブラウン オーラルB 替えブラシ 電動歯ブラシ やわらかブラシ EB1,Yahoo,1050.0,B0BT1GJRDN,drugstore,standard_1,はずれ,1,111827,0.0,False,False,False,電動歯ブラシ 替えブラシ,
4589768824449,(まとめ買いクーポン配布中) CLEARLABO 電動歯ブラシ 替えブラシ 3本,Yahoo,1499.0,B0BVR6X9DT,drugstore,small,はずれ,1,876,0.0,False,False,False,電動歯ブラシ 替えブラシ,
4975479198762,オムロン 電動歯ブラシ 替えブラシ 歯垢除去ブラシ 2本入り タイプ2 SB-1,Yahoo,807.0,B07FQ7XH2P,drugstore,small,はずれ,32,2856,0.0,False,False,False,電動歯ブラシ 替えブラシ,
4975479417443,オムロン 公式 音波式電動歯ブラシ HT-B318-W ホワイト 軽量約46g ,Yahoo,4141.0,B0C9V2HVQG,drugstore,standard_1,はずれ,4,6453,0.0,False,False,False,電動歯ブラシ 替えブラシ,
4210201328551,ブラウン オーラルB iO 専用替ブラシ アルティメイトクリーン 4本 IORB,Yahoo,4499.0,B0BLTZCFWJ,drugstore,small,はずれ,17,1549,0.0,False,False,False,電動歯ブラシ 替えブラシ,
8006540862117,Braun Oral-B 純正 ブラウン オーラルB 柔らかめ やわらかめ極細毛,Yahoo,4580.0,B0H6FBXTF6,drugstore,small,はずれ,1,,0.0,False,False,False,電動歯ブラシ 替えブラシ,
4210201181736,ブラウン オーラルB 替ブラシ やわらか極細毛ブラシ 2本入り EB60X-2H,Yahoo,6980.0,B07KDR8SPR,drugstore,small,原石,6,308213,0.0,True,False,False,電動歯ブラシ 替えブラシ,
8710103855019,ソニッケア　プレミアムクリーン ブラック5本　HX9045/96,Yahoo,6990.0,B07FJN327B,drugstore,small,はずれ,6,26613,0.0,False,False,False,電動歯ブラシ 替えブラシ,
8006540894293,ブラウン オーラルb 替えブラシ 純正 正規品 ベーシックブラシ 4本入り ブラ,Yahoo,2130.0,B0C1H1D3Y1,drugstore,small,はずれ,2,1402,0.07,False,False,False,電動歯ブラシ 替えブラシ,
4989602675624,パナソニック 電動歯ブラシ 替えブラシ EW09104C-W 音波振動 純正  ,Yahoo,,B01GCGVOAK,drugstore,small,はずれ,999,,1.0,False,False,False,電動歯ブラシ 替えブラシ,
4573502851884,エペイオス EPEIOS Okare! 音波 電動歯ブラシ ET003 替えブラ,Yahoo,,B0DPKKLFMX,drugstore,standard_1,はずれ,999,,1.0,False,False,False,電動歯ブラシ 替えブラシ,
4549980443576,3個セット パナソニック EW09104C-W ホワイト 替えブラシ ドルツ 山,Yahoo,1016.0,B08GCM2TJY,drugstore,small,はずれ,12,89444,0.0,False,False,False,電動歯ブラシ 替えブラシ,
4549980724859,パナソニック ドルツ 替えブラシ EW0810-W 2本入 × 2セット (計4,Yahoo,1259.0,B0CC8JSCLR,drugstore,small,はずれ,18,28231,0.0,False,False,False,電動歯ブラシ 替えブラシ,
4971825014922,男デオナチュレ ソフトストーンW 20g 3個 20311 ワキ用制汗剤 スティ,Yahoo,,B07DNW258L,beauty,standard_1,はずれ,999,,1.0,False,False,False,制汗剤 デオドラント,
4580441110019,クデオ ジェルクリーム 30mL ワキガ デオドラント クリーム 制汗剤 わきが,Yahoo,3300.0,B00IM7BE4O,beauty,small,はずれ,1,8242,0.04,False,False,False,制汗剤 デオドラント,
4595643666196,制汗剤 デオドラント クリーム 100g ワキガ メンズ 脇汗 手汗 体臭 加齢,Yahoo,2480.0,B0DJGQCZQL,beauty,small,はずれ,1,13567,0.0,False,False,False,制汗剤 デオドラント,
4987072070352,小林製薬 ワキガード 50g 3個セット 制汗用ジェル 制汗 ワキガ 汗臭 対策,Yahoo,1349.0,B001T68IPI,drugstore,small,はずれ,7,89962,0.0,False,False,False,制汗剤 デオドラント,
4580441110224,クデオ ジェルクリーム プッシュボトル 100mL ワキガ デオドラント クリー,Yahoo,8800.0,B0BSW2P242,beauty,small,はずれ,1,8242,0.0,False,False,False,制汗剤 デオドラント,
4580441110217,クデオ ジェルクリーム ロールオン 30mL ワキガ デオドラント 制汗剤 わき,Yahoo,3300.0,B08GNQFF5Z,beauty,small,はずれ,1,8242,0.0,False,False,False,制汗剤 デオドラント,
4976084041252,オドレミン 25ml   制汗剤 わきが 皮膚汗臭 デオドラント 無香料 ODO,Yahoo,1869.0,B0BPY2B7X7,default,standard_1,はずれ,1,,0.44,False,False,False,制汗剤 デオドラント,
4973167015179,athletia(アスレティア) リフレッシング デオドラントミスト(セダ―ウッ,Yahoo,,B0FZ3Z68C1,beauty,standard_1,はずれ,999,,1.0,False,False,False,制汗剤 デオドラント,
0020714007058,クリニーク アンティ パースパイラント デオドラント ロールオン N　＜医薬部外,Yahoo,4950.0,B00181ESUS,beauty,small,はずれ,1,1967,0.03,False,False,False,制汗剤 デオドラント,
4580071955509,ワキガ わきが わきが対策 ワキガクリーム 制汗剤 腋臭クリーム 強力 薬用 デ,Yahoo,2980.0,B081YCCXX8,beauty,small,はずれ,1,954,0.03,False,False,False,制汗剤 デオドラント,
4971825017114,デオナチュレ ソフトストーン W ワキ用制汗剤 20g 3個 20312 コスト,Yahoo,3320.0,B09F2HHY7J,beauty,standard_1,はずれ,5,164972,0.0,False,False,False,制汗剤 デオドラント,
4987241162338,デオコ 薬用デオドラント スティック 制汗剤 ロート製薬 13g 2338,Yahoo,691.0,B07NHSPZWM,beauty,small,はずれ,23,263,0.0,False,False,False,制汗剤 デオドラント,
4580614070478,プルーストクリーム 2.0 30g 約20日分 ヨミテ デオドラントクリーム ク,Yahoo,7960.0,B0FMS33NPV,beauty,small,原石,1,1629,0.03,True,True,True,制汗剤 デオドラント,
4550516495327,シーブリーズ デオ＆ウォーター IE  145mL　７種の香り　　　　　　　制汗,Yahoo,899.0,B0FBM911VQ,food,small,はずれ,19,300620,0.0,False,False,False,制汗剤 デオドラント,
4589506154746,Life-do.Plus ボディシート (-4℃) 30枚 制汗剤 デオドラント,Yahoo,,B0CZMGXWPD,beauty,large_2,はずれ,999,,1.0,False,False,False,制汗剤 デオドラント,
4535984201274,制汗剤 デオドラントスプレー ホワイトムスク 大容量 200g ×3本 Ag 制,Yahoo,3950.0,B0D2PPYTXK,beauty,standard_1,はずれ,2,53464,0.0,False,False,False,制汗剤 デオドラント,
4589892680089,アセッテナイ Asettenai デオドラントクリーム 20g 制汗剤 わき 臭,Yahoo,5200.0,B09LHHK3Z9,beauty,small,はずれ,3,5133,0.0,False,False,False,制汗剤 デオドラント,
4971825016568,制汗剤 脇汗 デオナチュレ さらさらクリーム 45g クリーム ワキガ 制汗デオ,Yahoo,4760.0,B0868GGRJR,beauty,standard_1,原石,11,366302,0.0,True,False,False,制汗剤 デオドラント,
4560436664475,顔汗止め ICE BLIND ノンアセミスト 医薬部外品 顔汗ブロック 無香料 ,Yahoo,1870.0,B0GTPYMK8P,beauty,small,はずれ,1,10153,0.19,False,False,False,制汗剤 デオドラント,
4573205373386,制汗剤 塩化アルミニウム配合 制汗スプレー 60mL 薬用 デオドラント TIA,Yahoo,1880.0,B09WTZJZ8Y,beauty,small,あやしい,1,2443,0.07,False,False,False,制汗剤 デオドラント,
4580526150299,デオドラントクリーム 制汗剤 メンズ 医薬部外品 HOLO BELL ホロベル ,Yahoo,3140.0,B0GFLCJQ1S,beauty,small,はずれ,1,3385,0.0,False,False,False,制汗剤 デオドラント,
4902806129199,《セット販売》　マンダム ギャツビー アイスボディペーパー フローズンペアー (,Yahoo,3980.0,B0D3X9WKVP,beauty,standard_2,原石,1,162551,0.0,True,True,True,制汗剤 デオドラント,
4589768822766,(まとめ買いクーポン配布中) 制汗剤 ワキガ 薬用 デオドラント クリーム 脇汗,Yahoo,1480.0,B0DJBMDFGB,beauty,small,はずれ,1,15662,0.0,False,False,False,制汗剤 デオドラント,
4550516482990,制汗剤 デオドラント 脇汗 ボディケア ag 180g 3個セット エージーデオ,Yahoo,1523.0,B0D2L7G9BS,beauty,small,はずれ,19,172232,0.0,False,False,False,制汗剤 デオドラント,
4550516493873,エージーデオ24 デオドラントスティックDX 無香性 3セット 制汗剤 デオドラ,Yahoo,964.0,B0F994MNM9,beauty,small,はずれ,24,14209,0.0,False,False,False,制汗剤 デオドラント,
4573181180053,ニウスアルムミスト 50ml 【N1us Я-m Mist】 [ミョウバン 制汗,Yahoo,1980.0,B07YDJFFGY,beauty,small,はずれ,1,15747,0.0,False,False,False,制汗剤 デオドラント,
4902806127836,ギャツビー(GATSBY) EXプレミアムタイプ デオドラントロールオン 無香料,Yahoo,867.0,B0CTH1YK95,beauty,small,はずれ,23,155,0.0,False,False,False,制汗剤 デオドラント,
4550516475084,エージーデオ24 デオドラントロールオンDX フレッシュサボン 40ml×3個セ,Yahoo,900.0,B0BZHD6KQP,beauty,small,はずれ,26,149401,0.0,False,False,False,制汗剤 デオドラント,
4573543491988,デオドラントクリーム 薬用 制汗剤 無香料 ワキのニオイ 汗臭・体臭予防 男の ,Yahoo,1280.0,B0CQ21Y3K4,beauty,small,はずれ,1,38268,0.0,False,False,False,制汗剤 デオドラント,
4905426039817,学研ステイフル　Gakken ニューブロック たっぷりバラエティセット　,Yahoo,7473.0,B0BSH34YR8,toys,large_1,はずれ,6,,0.0,False,False,False,おもちゃ ブロック,
4530956240664,BE＠RBRICK SERIES 52 24個入りBOX[メディコム・トイ]《０,Yahoo,13900.0,B0H6HDRFFV,toys,standard_1,はずれ,5,7632,0.54,False,False,False,おもちゃ ブロック,
5702017828367,レゴジャパン　LEGO（レゴ） アイデア 21358 レゴ(R) ミニフィギュア,Yahoo,29000.0,B0FGTFCY9Z,toys,large_1,はずれ,4,26942,0.0,False,False,False,おもちゃ ブロック,
4952907009487,LaQ ラキュー ボーナスセット 2025 知育玩具 ブロック Bonus se,Yahoo,9900.0,B0FPC3B85M,toys,standard_2,はずれ,7,1152,0.0,False,False,False,おもちゃ ブロック,
4905426039862,学研ステイフル Gakkenニューブロック のりものセット,Yahoo,5073.0,B0BSH2B3KY,toys,large_1,はずれ,9,,0.0,False,False,False,おもちゃ ブロック,
4580502263371,おもちゃ ソフトブロック 積み木クッション アスレチック ブロック クッション ,Yahoo,,B0CV5JQX8X,apparel,large_2,はずれ,999,,1.0,False,False,False,おもちゃ ブロック,
4952907001955,LaQ ラキュー basic ベーシック 511 ラッピング無料 知育玩具 誕生,Yahoo,,B01K1V63Q2,toys,standard_1,はずれ,999,,1.0,False,False,False,おもちゃ ブロック,
5702015357197,レゴジャパン　LEGO（レゴ） 10698 クラシック 黄色のアイデアボックス＜,Yahoo,6970.0,B01HAMA154,toys,standard_2,はずれ,6,63854,0.0,False,False,False,おもちゃ ブロック,
4582769732843,バンダイ　BANDAI　それいけ！アンパンマン だだんだん！もぐりん！バイキンじ,Yahoo,5919.0,B0DYJ9NS7B,toys,standard_2,はずれ,7,936,0.0,False,False,False,おもちゃ ブロック,
5702016617757,レゴ LEGO 10914 デュプロのコンテナ スーパーデラックスおもちゃ こど,Yahoo,7800.0,B07WLMV14S,toys,standard_2,はずれ,9,133,0.0,False,False,False,おもちゃ ブロック,
5702017818023,レゴジャパン　レゴ(LEGO) ワンピース 海賊船 ゴーイングメリー号　7563,Yahoo,16679.0,B0DWDQYB87,toys,standard_2,はずれ,16,1062,0.0,False,False,False,おもちゃ ブロック,
5702017817583,レゴジャパン　レゴ(LEGO) スター・ウォーズ(TM) ロゴ　75407,Yahoo,9329.0,B0DHSFZHLN,toys,standard_1,はずれ,12,1691,0.0,False,False,False,おもちゃ ブロック,
5702016617740,レゴ LEGO 10913 デュプロのコンテナ デラックスおもちゃ こども 子供,Yahoo,3964.0,B07W4KVGJM,toys,standard_2,はずれ,10,133,0.0,False,False,False,おもちゃ ブロック,
4580502260097,2025新作 おもちゃ ソフトブロック アスレチック ブロック クッション 滑り,Yahoo,,B0CQM31ZHD,pet,large_2,はずれ,999,124242,1.0,False,False,False,おもちゃ ブロック,
5702015608831,おもちゃ ブロック LEGO レゴエデュケーション たのしい基本ブロックセット ,Yahoo,16750.0,B079Q5Z79Y,toys,standard_2,はずれ,3,30947,0.0,False,False,False,おもちゃ ブロック,
4573205124216,おもちゃ ブロック マスリンクキューブ ナンバーブロックス 算数アクティビティセ,Yahoo,3774.0,B0BHV2GTSD,toys,standard_1,はずれ,5,348,0.0,False,False,False,おもちゃ ブロック,
5702017583822,レゴジャパン　レゴ(LEGO) デュプロ デュプロのまち ぼうけんトレイン　,Yahoo,10545.0,B0CWH4J73Z,toys,standard_2,はずれ,4,4848,0.0,False,False,False,おもちゃ ブロック,
5702017901251,レゴジャパン　レゴ(LEGO) スター・ウォーズ 惑星フェルーシアの戦い 分離主,Yahoo,23405.0,B0DWF9CLWZ,toys,standard_2,はずれ,4,5490,0.0,False,False,False,おもちゃ ブロック,
4952907009630,LaQ ラキュー basic ベーシック 401 650ピース ラッピング無料 ,Yahoo,6050.0,B0GLZK7W8S,toys,standard_1,はずれ,2,12872,0.0,False,False,False,おもちゃ ブロック,
5702017815701,レゴジャパン　レゴ(LEGO) ニンジャゴー ソースドラゴン・フォーカス：アーク,Yahoo,11400.0,B0DHSCB8TD,toys,standard_2,はずれ,11,4258,0.0,False,False,False,おもちゃ ブロック,
5702017823126,レゴジャパン　レゴ(LEGO) レゴアート Vincent van Gogh ひ,Yahoo,25223.0,B0DHSF7W4X,toys,large_1,はずれ,10,1057,0.0,False,False,False,おもちゃ ブロック,
5702017583020,レゴジャパン　LEGO（レゴ） 11036 のりものをつくろう　,Yahoo,6427.0,B0CFW22SBY,toys,standard_2,はずれ,16,,0.0,False,False,False,おもちゃ ブロック,
5702017815534,レゴジャパン　レゴ(LEGO) マインクラフト エンダーマンの塔　21279,Yahoo,10300.0,B0DWDX1TWK,toys,standard_2,はずれ,27,1140,0.0,False,False,False,おもちゃ ブロック,
4582605279983,ソフトブロック 大型 おもちゃ 知育ブロック 1歳 2歳 3歳 柔らかい 大きい,Yahoo,4290.0,B0B2LDRN8Q,toys,standard_2,はずれ,1,50577,0.0,False,False,False,おもちゃ ブロック,
5702017822433,レゴジャパン　レゴ(LEGO) クリエイター 中世の騎士の城　,Yahoo,14997.0,B0DWDT5BQ9,toys,large_1,はずれ,5,591,0.0,False,False,False,おもちゃ ブロック,
4589749480008,【グッド・トイ受賞】 KitWell 公式ストア キットウェル 正規品  マグビ,Yahoo,8499.0,B076ZDQB15,toys,large_1,はずれ,1,1062,0.0,False,False,False,おもちゃ ブロック,
5702017583556,レゴジャパン　LEGO(レゴ)  42170 Kawasaki Ninja H2,Yahoo,11280.0,B0CFW29BDH,toys,standard_1,はずれ,16,1675,0.0,False,False,False,おもちゃ ブロック,
5702017816616,おもちゃ 玩具 ブロック プレゼント 誕生日 クリスマス インテリア ゲーム レ,Yahoo,8600.0,B0DWDGVHM6,toys,standard_1,はずれ,19,664,0.0,False,False,False,おもちゃ ブロック,
5702017591018,レゴジャパン　レゴ(LEGO) フォートナイト バトルバス　,Yahoo,12555.0,B0DHSD4ZJM,toys,standard_2,はずれ,18,1902,0.0,False,False,False,おもちゃ ブロック,
5702017815527,レゴジャパン　レゴ(LEGO) マインクラフト ピリジャー部隊とラヴェジャー　2,Yahoo,11236.0,B0DWDX1TWR,toys,standard_1,はずれ,5,1137,0.0,False,False,False,おもちゃ ブロック,
5702017822181,レゴジャパン　レゴ(LEGO) シティ セントラル・トレインステーション　604,Yahoo,10772.0,B0DWDGTJ4Z,toys,standard_2,はずれ,6,645,0.0,False,False,False,おもちゃ ブロック,
5702017584348,レゴジャパン　LEGO(レゴ) 75375 スター・ウォーズ ミレニアム・ファル,Yahoo,10880.0,B0CFW29DZX,toys,standard_1,はずれ,19,3317,0.0,False,False,False,おもちゃ ブロック,
5702017816333,レゴジャパン　レゴ(LEGO) テクニック ワイルド・スピード 日産スカイライン,Yahoo,16480.0,B0DRCXL888,toys,standard_2,はずれ,9,1117,0.0,False,False,False,おもちゃ ブロック,
4589749480114,マグビルド ベーシックセット70ピース グッドトイ2023受賞 知育玩具 Kit,Yahoo,8799.0,B08LPGVDMH,toys,large_1,はずれ,1,863,0.0,False,False,False,おもちゃ ブロック,
5702017815695,レゴジャパン　レゴ(LEGO) ニンジャゴー ドラゴン合体ウルトラメカスーツ　,Yahoo,11283.0,B0DHSBH37T,toys,standard_2,はずれ,14,4258,0.0,False,False,False,おもちゃ ブロック,
5702017417721,レゴジャパン　LEGO(レゴ) 21060姫路城　,Yahoo,21006.0,B0BV7CP5CB,toys,large_1,はずれ,9,1468,0.0,False,False,False,おもちゃ ブロック,
5702017816296,レゴジャパン　レゴ(LEGO)  テクニック Oracle Red Bull R,Yahoo,29561.0,B0DHSCHP9P,toys,large_1,はずれ,4,3661,0.0,False,False,False,おもちゃ ブロック,
5702017815954,レゴジャパン　レゴ(LEGO) どうぶつの森 フータと森の博物館　,Yahoo,9400.0,B0DWF68X7L,toys,standard_1,はずれ,15,11667,0.0,False,False,False,おもちゃ ブロック,
4571345800946,すごろくや 音速飯店 2人 - 6人 6歳 15分 中華料理 スピード ファミリ,Yahoo,1828.0,B0BK1B5BX7,toys,small,はずれ,5,128,0.0,False,False,False,ボードゲーム,
4543471004659,送料無料 Ubongo ウボンゴ スタンダード版 2025年リニューアル版 ボー,Yahoo,3609.0,B0FWJ7DN94,toys,standard_2,はずれ,11,1229,0.0,False,False,False,ボードゲーム,
0790757739734,こそどろ鉱山（ボードゲームまとめ買いで最大15％オフクーポン対象）,Yahoo,2750.0,B0GZP1QD27,toys,standard_1,はずれ,2,17784,0.3,False,False,False,ボードゲーム,
4580215110160,ボードゲーム おばけキャッチ 日本語版 Zoch社 / Jaques Zeime,Yahoo,2475.0,B0094BIMG0,toys,small,はずれ,10,39337,0.0,False,False,False,ボードゲーム,
4521718216102,スーパーでおかいものすごろく すごろく ボードゲーム 知育玩具,Yahoo,730.0,B0DJVDLJLG,toys,standard_1,はずれ,15,17895,0.0,False,False,False,ボードゲーム,
4571345800175,すごろくや 犯人は踊る 3人 - 8人 8歳 10分 正体隠匿 推理 カードゲー,Yahoo,1744.0,B017IBJGIK,toys,small,はずれ,6,177,0.0,False,False,False,ボードゲーム,
4007396201550,（メーカー正規品）【収納ゴムバンド特典付き】ニムト ボードゲーム カードゲーム ,Yahoo,1330.0,B000PK2RIS,toys,small,はずれ,10,98105,0.0,False,False,False,ボードゲーム,
4571345800212,すごろくや ナンジャモンジャ・ミドリ 2人 - 6人 4歳 15分 命名 記憶 ,Yahoo,1780.0,B01B7QQCIY,toys,small,はずれ,4,231,0.0,False,False,False,ボードゲーム,
4595316340781,ボードゲーム メンネフェル[CMON JAPAN]《発売済・在庫品》,Yahoo,11000.0,B0H5VC15BG,toys,large_1,はずれ,4,,0.0,False,False,False,ボードゲーム,
4010168263427,すごろくや 宝石ゴンゴン 2人 - 4人 5歳 15分 宝石 ハンマー アクショ,Yahoo,4900.0,B0BDVDPB5R,books,standard_1,はずれ,2,,0.0,False,False,False,ボードゲーム,
4542325301326,アークライト　シティーズ　2〜4人,Yahoo,,B0FB2MWX8Y,toys,standard_2,はずれ,999,101011,1.0,False,False,False,ボードゲーム,
4542325120828,アークライト レイルウェイブーム　2人用,Yahoo,8110.0,B0FSK8H81P,toys,standard_2,はずれ,2,65810,0.0,False,False,False,ボードゲーム,
4573103466326,Bullet　完全日本語版 　第二版（ボードゲームまとめ買いで最大15％オフクー,Yahoo,7559.0,B0H4YPSCNK,toys,standard_2,はずれ,2,8169,0.31,False,False,False,ボードゲーム,
4542325320402,7月31日発売予定　アブロード　ボードゲーム　送料無料,Yahoo,9500.0,B0H5TYLL6B,toys,standard_2,はずれ,2,29274,0.29,False,False,False,ボードゲーム,
4580635950308,オリ特付【07/16発売日お届け☆予約】【新品】【NS】カルドセプト ビギンズ ,Yahoo,11209.0,B0GLX1GWSV,toys,standard_1,はずれ,2,71,0.0,False,False,False,ボードゲーム,
4981932028446,ボードゲーム ゴットファイブ！ 日本語版[ホビージャパン]《発売済・在庫品》,Yahoo,4300.0,B0H2CHF1SK,toys,standard_1,はずれ,6,1831,0.07,False,False,False,ボードゲーム,
4542325120750,六華　　　ボードゲーム　　アークライト（ボードゲームまとめ買いで最大15％オフク,Yahoo,3290.0,B0CNG9BFQX,toys,standard_1,はずれ,26,3579,0.0,False,False,False,ボードゲーム,
4570155275722,[公式] ひらがじゃん 牌バージョン 【ラヴィット！で紹介されました】 ひらがな,Yahoo,4527.0,B0F8BH2RT6,toys,standard_1,はずれ,3,32,0.0,False,False,False,ボードゲーム,
4542325314371,アークライト　クランク！ カタコンベ　2〜4人 13歳以上  【8/4再販出荷予,Yahoo,11000.0,B0DZMSM6NQ,toys,standard_2,はずれ,5,1490,0.0,False,False,False,ボードゲーム,
4543471004598,カタン商人と蛮族版　2026年版　ボードゲーム　送料無料,Yahoo,4658.0,B0H44CJGV6,toys,standard_2,はずれ,4,9839,0.02,False,False,False,ボードゲーム,
3421271301042,月末月初ポイントUP 【並行輸入品】 ギガミック Gigamic コリドール ミ,Yahoo,3740.0,B00005K423,toys,standard_1,はずれ,3,5978,0.0,False,False,False,ボードゲーム,
4973772321283,脳トレ 高齢者 ボードゲーム パズル おもちゃ よーし!おくぞー!  6種類 子,Yahoo,3850.0,B07P46YW1H,toys,standard_1,はずれ,5,35543,0.0,False,False,False,ボードゲーム,
4904810088691,送料無料 トイ・ストーリー アスレチックランドゲーム,Yahoo,3582.0,B0GYCCZ3D1,toys,standard_2,はずれ,12,3541,0.11,False,False,False,ボードゲーム,
3558380120841,新品ボードゲーム 宝石の煌き 2024年新版 日本語版 (Splendor),Yahoo,4873.0,B0D8634CSN,toys,standard_2,はずれ,15,1088,0.0,False,False,False,ボードゲーム,
4573103466319,Bullet ：キューブ 完全日本語版（ボードゲームまとめ買いで最大15％オフク,Yahoo,9565.0,B0H4YHQ66Q,toys,large_1,はずれ,3,38722,0.56,False,False,False,ボードゲーム,
4573572970010,マルチトレイ　　（ボードゲームまとめ買いで最大15％オフクーポン対象）,Yahoo,1800.0,B094NGMDFN,toys,standard_1,はずれ,2,28503,0.0,False,False,False,ボードゲーム,
4981932028453,ホビージャパン　レイジング・シカゴ 日本語版　2〜4人 12歳以上 【7月下旬発,Yahoo,9900.0,B0H72VRLLK,toys,large_1,はずれ,2,,0.8,False,False,False,ボードゲーム,
5011921225590,ウォーハンマー 40000 コンバットパトロール：デスガード / フィギュア ミ,Yahoo,38098.0,B0F5X9MJ5B,toys,standard_1,原石,30,230941,0.0,True,False,False,ボードゲーム,
6971421890218,立体4目並べ AI スマート4 NEW 正規品 日本語版 AI搭載 GiiKER,Yahoo,7150.0,B01C5LE886,toys,standard_1,はずれ,3,77388,0.0,False,False,False,ボードゲーム,
4510347422107,小学館　ボルカルスver.2.0　1〜4人,Yahoo,7200.0,B0DXKCBF6V,toys,standard_2,はずれ,4,38675,0.0,False,False,False,ボードゲーム,
4580635950315,オリ特付【07/16発売日お届け☆予約】【新品】【NS2】カルドセプト ビギンズ,Yahoo,12155.0,B0GLX18BJZ,toys,standard_1,はずれ,2,66,0.0,False,False,False,ボードゲーム,
