asin,category,jan,amazon_price,buybox,sales_rank,offer_count,size,buy_source,verdict,gem,durable,liquid,name,bb_confirmed,count_new_confirmed,※Keepa固有の加工値(月間ドロップ数/過去最安値/365日最安/月間販売数/実セラー数)と卸値の列は規約上の理由でリポジトリから除外。完全版は ~/Documents/AI Company 素材/Amazon物販事業/keepa-netsea-full-20260906/
B07TNSBVX7,home_kitchen,4549980278154,39888.0,,50065,2,large_1,Yahoo,原石,True,True,False,パナソニック コンパクトオーブン トースト焼き加減自動調整 8段階温度調,,2,
B07TNS9RM5,home_kitchen,4549980278147,33500.0,,50065,2,large_1,Yahoo,原石,True,True,True,パナソニック コンパクトオーブン トースト焼き加減自動調整 8段階温度調,33500.0,2,
B08L53J7RY,home_kitchen,4944370029185,4280.0,,50145,3,standard_1,Yahoo,原石,True,True,True,阪和 mercyu メルシーユー 詰替用フレグランスオイル MRUS-5,4280.0,3,
B0BXBMQQHD,home_kitchen,4550557284027,4680.0,,50375,2,standard_1,Yahoo,原石,True,True,True,【お手入れ簡単】ドウシシャ 卓上扇風機 スリムコンパクトファン Lite,4680.0,2,
B0BXBNSYP3,home_kitchen,4550557284119,6500.0,,50377,2,standard_1,Yahoo,原石,True,True,True,【自動首振り】 ドウシシャ 卓上扇風機 スリムコンパクトファン Swin,6500.0,2,
B004VIT5C6,home_kitchen,4940316702037,3080.0,,50575,2,standard_1,楽天,原石,True,True,False,ZERO JAPAN ハニーポット BRM-40 CA・キャロット w1,,2,
B0BS5GQQNF,home_kitchen,4521121251097,4850.0,,50669,7,standard_1,Yahoo,原石,True,True,True,スヌーピー ＳＮＯＯＰＹ’ｓＬＩＦＥｉｎａＢＯＴＴＬＥ,4850.0,7,
B0876MZ6RY,home_kitchen,4974019147178,51600.0,,50752,2,large_2,Yahoo,原石,True,True,True,シャープ 除湿機 兼 加湿空気清浄機 除湿 5L / プラズマクラスター,51600.0,2,
B091G63GSC,home_kitchen,4973307533150,3450.0,,50778,2,small,Yahoo,原石,True,True,True,スケーター(Skater) ステンレス タンブラー 300ml スヌーピ,3450.0,2,
B0797XCW8X,home_kitchen,4549980067475,3980.0,,50839,4,standard_1,Yahoo,原石,True,True,True,パナソニック(Panasonic) 屋内用ダウンライト LGB73520,3980.0,4,
B086X4G89Z,home_kitchen,4976008646693,8780.0,,50948,2,standard_2,Yahoo,原石,True,True,True,西川 敷きパッド 冷感 ファミリーサイズ 洗える ひんやり＆タオル地 リ,8780.0,2,
B00LGM51IC,home_kitchen,3045386368792,7180.0,,50957,5,standard_2,Yahoo,あやしい,True,True,True,ティファール ケトル 1.2L ジャスティンプラス カカオブラック KO,7180.0,5,
B0DKHKMPVG,home_kitchen,4523931057852,51700.0,,50962,4,large_1,楽天,原石,True,True,True,Bamix（バーミックス）フードプロセッサー 万能 調理用 (スマートプ,51700.0,4,
B0B8S3KFMK,home_kitchen,4903779123818,5500.0,,51039,2,large_1,楽天,原石,True,True,True,和平フレイズ お手入れ簡単 【調理器具セットF】 片手鍋 16cm & ,5500.0,2,
B07NR427QF,home_kitchen,4547441327137,5287.0,,51141,6,standard_2,Yahoo,原石,True,True,False,パナソニック(Panasonic) エアコン配管材スッキリダクト 本体 ,,6,
B0719898YM,drugstore,4901121267616,4250.0,,50014,6,large_2,Yahoo,原石,True,True,True,【まとめ買い】ネピア ネピネピ トイレットロール 12ロール ダブル (,4250.0,6,
B0B2LFH4TW,drugstore,4987286416458,3650.0,,50024,6,standard_1,Yahoo,原石,True,True,True,【指定医薬部外品】のどスッキリうがい薬CPピーチ味300ml 5個セット,3650.0,6,
B0CT5LNHW9,drugstore,4580039801015,9636.0,,64366,4,large_2,Yahoo,原石,True,True,True,バンブークリア Bamboo Clear (3L 詰替用)【 2個セット,9636.0,4,
B008OEUCLG,drugstore,4964433150014,3465.0,,50301,6,large_1,楽天,原石,True,True,True,オーサワ　マザータッチ No.1500R（洗濯用） 1L　x2個セット,3470.0,6,
B07HBR4PRK,drugstore,4946842635900,4367.0,,50323,5,standard_1,Yahoo,原石,True,True,True,【2個セット】ディアナチュラ 29アミノ マルチビタミン&ミネラル 30,4367.0,5,
B0D178NW8Z,drugstore,0884465103298,5860.0,,50356,2,standard_1,Yahoo,原石,True,True,True,【3個セット】2WEEKメニコン プレミオ トーリック 【BC】8.60,5860.0,2,
B0D171655F,drugstore,0884465103250,5860.0,,50356,2,standard_1,Yahoo,原石,True,True,True,【3個セット】2WEEKメニコン プレミオ トーリック 【BC】8.60,5860.0,2,
B0D173718S,drugstore,0884465101256,5860.0,,50356,2,standard_1,Yahoo,原石,True,True,True,【3個セット】2WEEKメニコン プレミオ トーリック 【BC】8.60,5860.0,2,
B0D175HCR3,drugstore,0884465103458,5860.0,,50356,2,standard_1,Yahoo,原石,True,True,True,【3個セット】2WEEKメニコン プレミオ トーリック 【BC】8.60,5860.0,2,
B0D1725K5L,drugstore,0884465103373,5860.0,,50356,2,standard_1,楽天,原石,True,True,True,【3個セット】2WEEKメニコン プレミオ トーリック 【BC】8.60,5860.0,2,
B0BPX3H217,diy_tools,4934446200310,4509.0,,39554,3,small,Yahoo,原石,True,True,True,（株）コバックス トレカット ブロック ブラック／５０枚 7142 K-,4510.0,3,
B003X0H07K,diy_tools,4905009782574,7150.0,,50470,8,large_1,楽天,あやしい,True,True,False,アイリスオーヤマ 自転車スタンド ブラック BYS-3,,8,
B00LP4JEOS,diy_tools,4969968102743,54200.0,,50580,2,standard_2,Yahoo,あやしい,True,True,True,東北エスパル ニューロール TENR-0240,53100.0,2,
B00LP4JT7U,diy_tools,4969968102620,54800.0,,50580,5,standard_1,楽天,あやしい,True,True,True,東北エスパル 伊達 直 (替刃式) 裁断用 TECY-0360,54800.0,5,
B00IX8DX1Y,diy_tools,4547441225471,11100.0,,50751,7,standard_1,Yahoo,原石,True,True,True,パナソニック(Panasonic) 漏電ブレーカ BJW-50型 3P3,11100.0,7,
B00N1QN5KW,diy_tools,4560171673015,8800.0,,50868,3,large_1,Yahoo,原石,True,True,True,末松電子 電気柵 ゲッターシステム用 Sガイシ (100個) 301,8800.0,3,
B081Y1VRX3,diy_tools,4970925156624,5145.0,,51129,2,standard_1,楽天,原石,True,True,True,アサヒペン スタンダードタイプカベ紙用のり １６００Ｇ ７６５ ５個セッ,5155.0,2,
B09X5FWNX4,diy_tools,4987125009056,4192.0,,51170,3,standard_2,Yahoo,原石,True,True,True,株式会社立石春洋堂 大型ハエ取り紙 虫とりカレンダーシート 10枚入り×,4192.0,3,
B08BTMCP1Q,diy_tools,4984834126517,30833.0,,51178,10,large_1,Yahoo,原石,True,True,False,まつうら工業 青色ニューテトロン水平親綱 緊張器付 16mmΦ×15m ,,10,
B0GPDV6B12,diy_tools,4901080326911,3287.0,,26923,6,small,楽天,原石,True,True,True,マモルーム ダニ用 取替えボトル 2ヵ月用 2本入×2個,3287.0,6,
B00LLSNOFI,diy_tools,0088381437752,12000.0,,51346,12,standard_2,Yahoo,あやしい,True,False,False,マキタ(Makita) 高圧スリック 15m A-57227,12000.0,12,
B0FL7L49YH,diy_tools,4966376420070,92500.0,,51467,2,large_2,楽天,原石,True,True,False,HiKOKI(ハイコーキ) 36V 充電式 丸のこ C3605DA(SK,,2,
B09R44D3YP,diy_tools,4960673616150,20000.0,,51837,9,standard_2,Yahoo,原石,True,True,True,京セラ(Kyocera) 旧リョービ プロ用 充電式小型レシプロソー 本,20000.0,9,
B0G5QMRBXN,diy_tools,4994152002646,38600.0,,52143,2,large_2,Yahoo,原石,True,True,True,【9本セット】 初田製作所 ハツタ HATSUTA 消火器 2026年製,38600.0,2,
B0G5QGC5V4,diy_tools,4994152002646,66300.0,,52143,2,large_2,Yahoo,原石,True,True,True,【16本セット】 初田製作所 ハツタ HATSUTA 消火器 2026年,66300.0,2,
B0G62Q6T9R,diy_tools,4994152002646,78750.0,,52143,2,large_2,楽天,原石,True,True,True,【19本セット】 初田製作所 ハツタ HATSUTA 消火器 2026年,78750.0,2,
B0G62SQHX7,diy_tools,4994152002646,34300.0,,52143,2,large_2,Yahoo,原石,True,True,True,【8本セット】 初田製作所 ハツタ HATSUTA 消火器 2026年製,34300.0,2,
B0G5PYZXCZ,diy_tools,4994152002646,30000.0,,52143,2,large_2,Yahoo,原石,True,True,True,【7本セット】 初田製作所 ハツタ HATSUTA 消火器 2026年製,30000.0,2,
B0G5PD7YC2,diy_tools,4994152002646,70450.0,,52143,2,large_2,Yahoo,原石,True,True,True,【17本セット】 初田製作所 ハツタ HATSUTA 消火器 2026年,70450.0,2,
B0G5QRYQJ5,diy_tools,4994152002646,62150.0,,52143,2,large_2,Yahoo,原石,True,True,True,【15本セット】 初田製作所 ハツタ HATSUTA 消火器 2026年,62150.0,2,
B0G5VGM914,diy_tools,4994152002646,42900.0,,52143,2,large_2,Yahoo,原石,True,True,True,【10本セット】 初田製作所 ハツタ HATSUTA 消火器 2026年,42900.0,2,
B0G31V6FKZ,diy_tools,4994152002646,9910.0,,52143,2,large_2,Yahoo,原石,True,True,True,【まとめ買い】初田製作所 消火器 PEP-10N 本体: 奥行20cm ,9910.0,2,
B0G5Q58XTF,diy_tools,4994152002646,47200.0,,52143,2,large_2,Yahoo,原石,True,True,True,【11本セット】 初田製作所 ハツタ HATSUTA 消火器 2026年,47200.0,2,
B003YF9XU6,pet,4987222839686,5160.0,,30471,3,small,楽天,原石,True,True,True,MeijiSeikaファルマ リンパクト デリタブ 50個 (x 1),5160.0,3,
B00X556ERA,pet,4974105001087,3580.0,,56586,2,standard_1,Yahoo,原石,True,True,True,水作エイトM用 活性炭カートリッジ お買得10個入り,3580.0,2,
B07C3MWDSH,pet,4520699631584,5012.0,,56386,9,standard_2,Yahoo,原石,True,True,True,【ケース販売】銀のスプーン 三ツ星グルメ 4種アソート素材入り お魚鶏さ,5012.0,9,
B07FSF17J9,pet,4973321927423,3902.0,,50220,12,standard_2,楽天,原石,True,False,False,（まとめ買い）サンライズ プチアンジュ 超小型犬 1～6歳の成犬用 25,3902.0,12,
B0FM6ZNNFZ,pet,4902201217323,5274.0,,50374,2,standard_1,楽天,原石,True,True,True,【セット販売】ピュリナワン キャット 健康マルチケア 腎臓/尿路・お腹・,5274.0,2,
B0C3TTPHRZ,pet,4972547041975,3600.0,,56354,1,standard_1,Yahoo,原石,True,False,False,【セット販売】ラビレット 三角トイレシーツ 44枚入×2コ,2800.0,1,
B0CYNZMF96,pet,4520699680759,4080.0,,50364,6,standard_1,Yahoo,原石,True,True,True,【3個セット】デオトイレ 1週間消臭・抗菌 飛び散らない緑茶成分入り・消,4080.0,6,
B0CKSC38WB,pet,5214002707668,30690.0,,21821,3,large_2,楽天,原石,True,True,True,アンブロシア HMNダック 12kg,30690.0,3,
B09MVRHP5S,pet,4520699649831,4206.0,,50401,2,standard_1,Yahoo,原石,True,True,True,【セット販売】銀のスプーン ドライ 贅沢素材バラエティ 肥満が気になる猫,4164.0,2,
B0CW616JGT,pet,4994527916509,5183.0,,50417,7,standard_1,Yahoo,原石,True,True,True,【6個セット】アース・ペット パックリン ノーマットタイプ60日用 取替,5183.0,7,
B00HXBHLG0,pet,4972468020059,3709.0,,50428,6,small,楽天,原石,True,True,True,GENDAI ブドウ糖α(粉末)・犬用 1．5g×16袋×6個,3709.0,6,
B07MBXSSVY,pet,4901133636257,3750.0,,50478,10,standard_1,楽天,原石,True,True,True,（まとめ買い）いなばペットフード CIAO 焼本かつお 高齢猫用 ほたて,3901.0,10,
B0B48BJVP4,pet,4903588134661,5012.0,,50498,7,standard_1,Yahoo,原石,True,True,True,（まとめ買い）ペティオ かわいくなめちゃう! さつまいも 7本入 犬用お,5012.0,7,
B0DHKBDGM6,pet,4970501034292,4736.0,,56683,8,large_1,Yahoo,原石,True,True,False,デビフ 鶏レバー＆チーズ 150g×24缶,,8,
B0CB58P7QD,pet,4902112032800,4700.0,,57266,5,standard_1,Yahoo,原石,True,True,True,（まとめ買い）日本ペットフード コンボ ピュア ドッグ モグモグッド！ ,4700.0,5,
B00D8R9QUC,pet,4560147399246,58000.0,,56804,2,large_2,Yahoo,原石,True,True,True,テトラ (Tetra) クールパワーボックス CPX-75 冷却 アクア,58000.0,2,
B00X557JX8,pet,4973321924262,8470.0,,50608,4,large_2,楽天,原石,True,True,True,サンライズ スタイルズ トイプードル用 １．２ｋｇ（１２０ｇ×１０パック,8470.0,4,
B0DKHNBQFK,pet,4903588143649,4839.0,,50692,6,small,Yahoo,原石,True,True,True,（まとめ買い）ペティオ 薄焼き 貝柱 3g 猫用おやつ 【×15】,4839.0,6,
B0CB56LMVP,pet,4582129250727,4548.0,,30582,8,standard_1,Yahoo,原石,True,True,True,（まとめ買い）友人 新鮮ささみ ふわふわ 猫用 30g 猫用おやつ 【×,4548.0,8,
B0CNTKMX7W,pet,4902524301631,3880.0,,57647,5,standard_1,Yahoo,原石,True,True,True,（まとめ買い）藤沢商事 ペットにぼし 450ｇ 犬猫用おやつ 【×4】,3880.0,5,
B097151CGJ,pet,4951761573110,4153.0,,50976,10,large_1,楽天,原石,True,True,True,日本ペットフード パルone ラビットフードフルーツ味 600g ウサギ,4153.0,10,
B0CB557VBB,pet,4903588140693,3930.0,,51101,7,standard_2,Yahoo,原石,True,True,True,ペティオ （まとめ買い） 体にうれしい ボーロちゃん 野菜Mix 130,3930.0,7,
B01N4281YQ,pet,4963067402452,5530.0,,58059,2,standard_1,楽天,原石,True,True,True,HOEI 35用脚付きフン切り網（ステンレス）,4730.0,2,
B0B48ZFTMM,pet,4973321939709,6280.0,,51285,12,standard_2,Yahoo,原石,True,False,False,（まとめ買い）サンライズ ゴン太の歯磨き専用ガム ブレスクリア リングタ,6280.0,12,
B004ZKIYNQ,pet,4901133061615,4112.0,,57686,10,large_1,Yahoo,原石,True,True,True,チャオ ホワイティ 11歳からのまぐろ白身（柔らかフレーク） 75g×2,3312.0,10,
B00U5OYJ0S,pet,4560441580074,13650.0,,51304,2,standard_2,Yahoo,原石,True,True,True,ミルク本舗 オトナのヤギミルク ペット用 1kg,13650.0,2,
B0CB55YF2V,pet,4903588140723,5500.0,,58176,10,standard_2,Yahoo,原石,True,True,True,ペティオ （まとめ買い） おいしくスリム 砂糖・脂肪分ダブルゼロ カリカ,5500.0,10,
B0CB55FQ4V,pet,4977007072438,4810.0,,57837,6,standard_1,Yahoo,原石,True,True,True,（まとめ買い）ハイペット プチクリスプ ミルクカルシウム入り 40g 犬,4810.0,6,
B00BG3QITC,pet,4973655591215,3280.0,,29158,1,standard_1,Yahoo,原石,True,False,False,リッチェル ウォーターディッシュ イヌ M ブラウン,3280.0,1,
B0CNTN4Q7D,pet,4903588142888,5870.0,,51444,2,standard_1,Yahoo,原石,True,True,True,（まとめ買い）アドメイト ササミ＆ライス スティック 80g 犬用おやつ,5870.0,2,
B0CM97HPW4,pet,4964157511061,19900.0,,58323,3,large_2,楽天,原石,True,True,True,川井 コンフォート６０ ＳＴ－グレード （６２０×４７０×５１０ｍｍ）,19307.0,3,
B08L94DTBW,pet,4580207273583,5253.0,,51562,5,small,Yahoo,原石,True,True,True,【8個セット】 ママクック 猫用おやつ フリーズドライのホタテ 11g,5253.0,5,
B0FLJPFZ29,pet,4978645508914,3980.0,,51592,2,standard_1,Yahoo,原石,True,True,True,がっちり固めてブルーに変わる紙砂 7L×6袋セット 猫砂 消臭 猫トイレ,3980.0,2,
B0841V6HYH,pet,4520699647547,7580.0,,58718,4,large_2,楽天,原石,True,True,True,ユニチャーム グランデリ 無添加仕立て 国産パウチ 成犬用 ビーフ入り×,7580.0,4,
B07FJQ6Q6N,pet,4978007004382,6078.0,,51769,6,standard_2,Yahoo,原石,True,True,True,（まとめ買い）森乳サンワールド お気に入り デンタルビスケット ミニ 8,6078.0,6,
B07FS8WQLF,pet,4971453051955,3000.0,,58888,6,standard_1,Yahoo,原石,True,True,True,（まとめ買い）イトスイ 金魚用留守番フード コメット 3日間フード 金魚,3000.0,6,
B0FJPY9BT6,toys,9009657012498,61829.0,,62939,3,standard_1,Yahoo,あやしい,True,True,False,スワロフスキー マインクラフトクリーパー,,3,
B0BL72N1QL,toys,4549660883333,25000.0,,50640,2,standard_2,Yahoo,原石,True,True,True,バンダイトイズ - 仮面ライダー - ロストドライバー ver.1.5 ,25000.0,2,
B0BQTN62L8,toys,4904810903376,9990.0,,50791,3,standard_1,Yahoo,原石,True,True,True,タカラトミー プラレール 200系カラー新幹線 (E2系) ＆ E3系新,9990.0,3,
B0BGG8Q429,toys,4549660829171,3600.0,,50858,7,small,Yahoo,原石,True,True,True,[BANDAI] 仮面ライダーギーツ DXモンスターレイズバックル,3600.0,7,
B0C6DQ4YHY,toys,4904810906803,7370.0,,50901,2,standard_1,Yahoo,原石,True,True,False,タカラトミー(TAKARA TOMY) カブトボーグ KB-07 ヘラク,,2,
B08VKD8X2W,toys,0195166113760,7140.0,,50927,2,standard_2,Yahoo,原石,True,True,False,ハズブロ(HASBRO) ナーフ ウルトラ AMP 電動ブラスター F0,,2,
B07VSTK5K7,toys,4904810142164,3200.0,,50934,5,standard_1,Yahoo,原石,True,True,True,【国内販売正規品】L.O.L. サプライズ! メイクオーバーシリーズ ヘ,3200.0,5,
B086278SZK,toys,4530956471266,11480.0,,50943,3,standard_1,Yahoo,あやしい,True,True,False,メディコム・トイ MAFEX マフェックス No.126 バットマン ハ,,3,
B09TR3C3JB,toys,0194735008407,8780.0,,51035,3,standard_2,Yahoo,原石,True,True,False,マテル(MATTEL)フィッシャープライス(fisher price) ,,4,
B0DRNK62CH,toys,4573592719194,6600.0,,51085,9,small,Yahoo,原石,True,True,False,五等分の花嫁 カードゲーム ブースターパック vol.3 いつもどこでも,,9,
B07WR3YJDX,toys,4979750802072,26666.0,,51106,2,standard_2,Yahoo,原石,True,True,True,アンパンマン いらっしゃいませ! アンパンマンコンビニDX,26666.0,2,
B0BWCYXPZS,toys,4549660872863,3950.0,,51249,6,small,Yahoo,あやしい,True,True,False,[BANDAI] ムービーモンスターシリーズ バラゴン(1965),,6,
B0B9RJV7LN,toys,4549660829249,7500.0,,51221,3,standard_1,Yahoo,原石,True,True,True,仮面ライダーギーツ DXマグナムシューター40X,7500.0,3,
B07N31W8K8,toys,4979750800719,10324.0,,51255,5,standard_2,Yahoo,原石,True,True,False,アンパンマン いらっしゃいませ! アンパンマンコンビニ ユニセックス(子,,5,
B0BQVNWXT3,toys,4974475889230,3190.0,,51394,4,small,楽天,原石,True,True,True,ちいかわ ぽてたまぬいぐるみ ちいかわ パジャマパーティー,3190.0,4,
B09BF4JRQG,toys,0701197870017,5641.0,,51276,8,small,Yahoo,原石,True,True,True,ノナガ:Das bewegende Brett,4352.0,8,
B0BSL95RMZ,toys,4988601254977,4150.0,,51303,4,small,Yahoo,原石,True,True,False,ドラゴンクエスト メタリックモンスターズギャラリー メタルスライム,,4,
B0DPFH3QC1,toys,4904810946472,49500.0,,51329,2,standard_2,Yahoo,原石,True,True,False,T-SPARK TOYRISE トイライズ ジェネシックガオガイガー 可,,2,
B0CCT7VB57,toys,4549660992752,24012.0,,51335,5,standard_2,Yahoo,原石,True,True,True,DXキングコーカサスカブト ガーディアンウエポンヘラクレスアックスセット,24012.0,5,
B0FGCQ57RS,toys,4573230817220,14000.0,,51364,2,standard_2,Yahoo,原石,True,True,False,シークレット キャッチ! ティニピン ピーポーピンのティニピン病院,,2,
B0CCX83ZH3,toys,4573102650412,25500.0,,51410,10,standard_1,Yahoo,原石,True,True,True,Dragon Ball S.H.フィギュアーツ 孫悟飯ビースト 約140,25630.0,10,
B0CPL4CS16,toys,0194735236190,11000.0,,51449,4,standard_1,Yahoo,原石,True,True,False,マテル ジュラシックワールド(JURASSIC WORLD) ハモンド・,,4,
B07YYR1GWW,toys,4573488974454,8700.0,,51459,4,small,Yahoo,原石,True,True,False,超像可動 『ジョジョの奇妙な冒険 第四部』 東方仗助 約150mm PV,,4,
B08GM2KR9K,toys,4904810167914,9500.0,,24850,2,standard_1,Yahoo,原石,True,True,False,リカちゃん ドール # Licca #エモキャット,,2,
B0H1V71ZYD,toys,4582770066609,10749.0,,51485,10,standard_1,Yahoo,原石,True,True,False,バンダイ(BANDAI) UNION ARENA ブースターパック 魔法,,11,
B07PP2QZRT,toys,4977554212684,4280.0,,51491,5,standard_1,Yahoo,あやしい,True,True,True,スイスイおえかき ドラえもん どこでもボード【ひらがな・とけい・ABC・,4280.0,5,
B0C1J8QLD7,toys,4521121207391,6980.0,,51528,3,standard_1,Yahoo,原石,True,True,True,リーメント ポケットモンスター テラリウムコレクション13 BOX商品 ,6980.0,3,
B0BDHHCJ82,toys,5010996142108,12464.0,,51695,10,standard_1,Yahoo,原石,True,True,True,ハズブロ(HASBRO) スター・ウォーズ STAR WARS アソーカ,12000.0,10,
B0DNRC6C1K,toys,4570117921957,5500.0,,51590,3,standard_1,Yahoo,原石,True,True,False,バンダイ(BANDAI) 装動 仮面ライダーガヴ GV3 12個入BOX,,3,
B08ZF9QCMS,toys,4549660586968,5980.0,,51591,2,small,Yahoo,原石,True,True,False,ムービーモンスターシリーズ ジェットジャガー,,2,
B0CTBTSMCQ,toys,4570118083227,7480.0,,51592,4,standard_1,Yahoo,原石,True,True,False,[バンダイ(BANDAI)] DXブンブンハンドル,,4,
B0C14638HJ,toys,4573592712492,6850.0,,51625,3,standard_1,Yahoo,あやしい,True,True,True,カードファイト！！ ヴァンガード スペシャルシリーズ第8弾 はじめようデ,6850.0,3,
B09K7JP4Y7,toys,4904790713514,3800.0,,51661,5,small,Yahoo,原石,True,True,True,ポケットモンスター サウンドぬいぐるみ ポケモン モルペコ (まんぷくも,3800.0,5,
B07TJCGX62,toys,6942138967463,7653.0,,59053,2,standard_1,楽天,原石,True,True,False,Bestway 直径1.15m レインボーリボン 浮き輪 大人用 361,,2,
B0CKRKR1X7,toys,4570118107619,4848.0,,51770,4,small,Yahoo,原石,True,True,True,仮面ライダーギーツ PREMIUM DX メモリアルビートレイズバックル,4848.0,4,
B0CMQDSV27,toys,4573592713833,4980.0,,51788,2,small,Yahoo,原石,True,True,True,ヴァイスシュヴァルツブラウ ブースターパック ホロスターズ BOX,4980.0,2,
B09C135JMZ,toys,0887961990713,6980.0,,17437,2,small,Yahoo,原石,True,True,False,マテル(MATTEL) きかんしゃトーマス 木製レールシリーズ(Thom,,2,
B0CZCYRMYF,toys,4570118204721,5990.0,,55505,9,standard_1,Yahoo,原石,True,True,True,[BANDAI] [バンダイ] 仮面ライダーガッチャード DXレジェンド,5990.0,9,
B08BGGNSPR,toys,4975201181857,16470.0,,51876,7,large_1,楽天,あやしい,True,True,True,ジョイパレット(JOYPALETTE) アンパンマン おすしい~っぱい!,16470.0,7,
B09Y89HFV7,toys,4549660810148,9800.0,,51974,4,standard_1,Yahoo,原石,True,True,False,[バンダイ] レジェンド変身ベルトシリーズ カブトゼクター,,4,
B0DB7H9BKP,toys,4904810937555,14650.0,,51977,2,standard_1,Yahoo,原石,True,True,False,ポケットモンスター なでておしゃべり♪ きらめきテラパゴス,,2,
B0B7QYM4TR,toys,4573102639844,15900.0,,52003,6,standard_1,Yahoo,原石,True,True,False,TAMASHII NATIONS S.H.フィギュアーツ ヴェノム: レ,,6,
B09QQ7FKQB,toys,4549660743927,13400.0,,52033,2,standard_1,Yahoo,原石,True,True,False,バンダイ(BANDAI)ずっと ぎゅっと レミン&ソラン コルネ ドレス,,2,
B01BHK3JAE,hobby,4934054108213,3773.0,,50133,5,standard_1,Yahoo,あやしい,True,True,True,【修正パーツなし】フレームアームズ・ガール 迅雷 [Fresh Skin,4010.0,5,
B081BMZQZT,hobby,0887961821956,3978.0,,50148,10,small,Yahoo,あやしい,True,True,True,カーズ 2019 マテル 1:55 ダイキャスト ミニカー 1パック ノ,3978.0,10,
B07TVSFYCQ,hobby,4573102570338,27777.0,,50223,3,standard_1,Yahoo,原石,True,True,False,バンダイ(BANDAI) ROBOT魂 ＜SIDE MS＞ YMS-09,,3,
B00KA0YUGK,hobby,4543112914040,4450.0,,50260,3,standard_1,Yahoo,原石,True,True,False,HGAW 1/144 ガンダムエアマスター (機動新世紀ガンダムX),,3,
B0B2Z34S92,hobby,4543736984900,18000.0,,72798,4,standard_1,Yahoo,原石,True,True,True,TOMIX Nゲージ 国鉄 72・73形 鶴見線 セット 98490 鉄,18000.0,4,
B013IDCU26,hobby,4981932508887,18687.0,,50454,4,standard_1,Yahoo,原石,True,True,True,ビキニ・ウォリアーズ パラディン 1/7スケール PVC製 彩色済みフィ,18687.0,4,
B00LFZJFNM,hobby,0031445041952,8108.0,,50396,2,standard_1,Yahoo,原石,True,True,False,アメリカレベル(America Revell)1/25 90 マスタング,,2,
B000221H08,hobby,0082043006508,7018.0,,50483,2,standard_1,Yahoo,原石,True,True,True,303 High Tech Fabric Guard ハイテックファブリ,6358.0,2,
B00I9BRY60,hobby,4901480781174,3900.0,,72807,9,standard_1,楽天,原石,True,True,True,コクヨ 測量野帳スケッチ白上質 40枚 ｾ-Y3 【15冊セット】,3900.0,9,
B0GJTRJ9D1,hobby,4573102694416,3544.0,,50580,2,standard_1,Yahoo,あやしい,True,True,True,ガチアクタ VIBRATION STARS -エンジン- 約19㎝,3544.0,2,
B0BKLH8LTS,hobby,4534530880727,16758.0,,50805,9,standard_1,楽天,原石,True,True,True,アニプレックス Fate/Grand Order フォーリナー/葛飾北斎,16758.0,9,
B00420YPH8,hobby,4981932503066,12800.0,,50913,2,standard_1,Yahoo,原石,True,True,False,クイーンズブレイド リベリオン 月影の踊り手 ルナルナ,,2,
B0F1862JNL,hobby,4946950290701,15345.0,,73666,6,standard_1,Yahoo,あやしい,True,True,True,グリーンマックス Nゲージ 東京モノレール1000形ディスプレイキット ,15029.0,6,
B06XRV26GS,hobby,4987072025895,3410.0,,51503,14,standard_1,楽天,原石,True,False,False,糸ようじ 60本 ×5個セット,3376.0,14,
B0FCL6RYRF,hobby,4946950320958,43000.0,,51844,2,standard_1,Yahoo,原石,True,True,False,グリーンマックス (Greenmax) Nゲージ 小田急1000形 地下,,2,
B00TKIHZRY,hobby,9580208067056,6602.0,,52103,3,standard_1,Yahoo,原石,True,True,False,トランペッター 1/700 イギリス海軍戦艦 HMS ドレッドノート 1,,3,
B00H9CF2BO,hobby,4543112842848,18980.0,,52142,2,standard_1,Yahoo,原石,True,True,False,カードダスコンプリートボックスSP 新約SDガンダム外伝 救世騎士伝承 ,,2,
B07P2JRNJ1,hobby,4979093312047,4375.0,,74438,5,standard_1,Yahoo,原石,True,True,True,マルマン スケッチブック アートスパイラル F2 厚口画用紙 24枚 イ,3775.0,5,
B07FYYH641,hobby,4960286500013,85980.0,,58341,1,large_2,Yahoo,原石,True,False,False,ガスガン用ガス ウッドランドBBGAS HFC-134Aガス 500g ,,1,
B07YN4WRL5,hobby,4988602172416,7577.0,,53125,8,small,Yahoo,原石,True,True,False,遊戯王OCG デュエルモンスターズ RARITY COLLECTION ,,8,
B08TB3FV8F,hobby,4530956156132,4900.0,,53197,2,small,Yahoo,原石,True,True,False,UDF ウルトラディテールフィギュア No.613 GROGU (TM),,2,
B00CS6CDOU,hobby,4950344240920,29800.0,,94450,12,standard_1,Yahoo,原石,True,False,False,タミヤ 1/24 プジョー 405 T16GR 1989年パリダカール優,29800.0,12,
B0DRLKCJD9,hobby,4573102675170,24025.0,,53287,6,small,楽天,原石,True,True,True,S.H.Figuarts サム ABS＆PVC製 約165mm 塗装済み,25200.0,6,
B0FTYNFBX8,hobby,4570117924590,5100.0,,53498,2,standard_1,Yahoo,原石,True,True,True,バンダイ(BANDAI) ゼルダの伝説 ウェポンコレクション チューイン,5100.0,2,
B0DJD67WZM,hobby,4582779492997,3800.0,,53504,2,small,Yahoo,原石,True,True,True,ARTIST SUPPORT ITEM COLLABORATION 1/,3800.0,2,
B097NMQY48,hobby,4573102620231,12800.0,,53509,3,standard_1,Yahoo,原石,True,True,True,フィギュアライズスタンダード アンプリファイド デジモンアドベンチャー ,12800.0,3,
B0BJ1KP4JM,sports,4969363260222,63652.0,,50031,2,standard_1,楽天,原石,True,True,True,シマノ(SHIMANO) 22 ベイシス 2-500,63652.0,2,
B0BJ1DY3XN,sports,4969363260147,58145.0,,50068,9,standard_1,楽天,原石,True,True,True,シマノ(SHIMANO) 22 ベイシス 1-500,57365.0,9,
B01N022O5E,sports,4580235554869,21800.0,,50227,3,large_2,Yahoo,原石,True,True,True,ドクターエア　3DスーパーブレードS（ブラック）,21800.0,3,
B0DGJY7RKG,sports,4907913408717,28600.0,,50248,2,standard_1,Yahoo,あやしい,True,True,True,ダンロップ(DUNLOP) スリクソン ZXi4 アイアン 単品 【カタ,28600.0,2,
B08TW46ZQL,sports,4969363302472,73000.0,,50288,7,standard_1,Yahoo,あやしい,True,True,True,シマノ(SHIMANO) ロッド 並継 ソルト オシアプラッガーリミテッ,73000.0,7,
B09JSC82KB,sports,4907913288012,40980.0,,72905,3,standard_1,Yahoo,原石,True,True,True,DUNLOP(ダンロップ) ユーティリティ XXIO ゼクシオ トゥエル,44444.0,3,
B09JS1WY2Z,sports,4907913287985,24800.0,,72905,2,standard_1,Yahoo,あやしい,True,True,True,DUNLOP(ダンロップ) ユーティリティ XXIO ゼクシオ トゥエル,24800.0,2,
B083RV5PSP,sports,4019238026641,7100.0,,72513,6,standard_1,楽天,原石,True,True,True,Continental(コンチネンタル) Ultra Sport 3 B,7100.0,6,
B09J83PHNZ,sports,4525807218916,4730.0,,50425,2,small,Yahoo,原石,True,True,False,JACKALL(ジャッカル) TGビンビン玉 スライドヘッド ネオ 12,,2,
B07QGGZC9K,sports,4515822102390,42800.0,,50534,2,standard_1,Yahoo,あやしい,True,True,True,Boga Grip ボガグリップ ランディングツール 130Specia,42800.0,2,
B0722GPXL5,office,4901480032979,4595.0,,67306,11,standard_1,楽天,原石,True,False,False,（まとめ買い） コクヨ レポートメーカー 製本ファイル A4縦 緑 5冊,4045.0,11,
B001GSQZDQ,office,4902668558977,15573.0,,66951,3,large_2,Yahoo,原石,True,True,False,ヒサゴ マルチプリンタ帳票 A4 白紙 3面,,3,
B00NSLAO0Y,office,4901480421483,3550.0,,50659,5,standard_1,Yahoo,原石,True,True,True,コクヨ マグネットバー 白 ２００ｍｍ １０本入り,3550.0,5,
B079199Q28,office,4905009427352,3030.0,,67444,7,standard_2,楽天,原石,True,True,True,アイリスオーヤマ ラミネートフィルム 名刺 100枚 型番:LZ-NC1,2480.0,7,
B083YZXX6B,office,4974019140643,28324.0,,51158,2,standard_1,楽天,原石,True,True,True,シャープ 電子辞書 BRAIN 高校生モデル(6教科対応) PW-SH7,28610.0,2,
B01JHV4D0K,office,4971660029617,4878.0,,51325,14,standard_1,楽天,原石,True,False,False,キングジム キングファイルSD[特厚] 青 3515ｱｵ 0001552,4552.0,14,
B09BHP77RP,office,4906186642958,4168.0,,51330,3,standard_1,楽天,原石,True,True,True,エーワン ラベルシール インクジェット用 超耐水 光沢紙 A4判 95面,4168.0,3,
4907064721,office,9784907064723,3680.0,,51848,4,standard_1,Yahoo,原石,True,True,True,京都アニメーション ヴァイオレット・エヴァーガーデン KAエスマ文庫CM,3680.0,4,
B008N5JD8Y,office,4971660010790,3911.0,,51853,11,standard_2,Yahoo,原石,True,False,False,キングジム 取扱説明書Ｆ用ポケット（３０穴） ２６３０Ｐ 【10セット】,3911.0,11,
B09SP5ZHFG,baby,4560245820383,3406.0,,50524,5,standard_1,Yahoo,原石,True,True,True,ベビー用 ３層式のやわらかエプロン アニマル 使い切りタイプ 20枚入×,3372.0,5,
B00A4PVNYS,baby,4960983963012,6180.0,,45869,7,large_1,楽天,原石,True,True,True,ハイロジック 指をはさまない!赤ちゃんの安全を考えてるベビー用品 ベビー,6263.0,7,
B00CCZ40DO,appliances,4957638092111,8677.0,,50089,10,small,Yahoo,原石,True,True,True,MARUMI PLフィルター EXUS サーキュラーPL 67mm コン,8677.0,10,
B07ZQL5CZT,appliances,4960371006659,37623.0,,50098,6,standard_1,Yahoo,原石,True,True,True,24mm F/2.8 Di III OSD M1:2 F051SF ソニ,37620.0,6,
B0C9S5Q682,appliances,4549980674727,68800.0,,50218,3,standard_1,楽天,原石,True,True,False,パナソニック(Panasonic) HDビデオカメラ 内蔵メモリー64G,,3,
B07DP4DMH5,appliances,4589457589093,13320.0,,50359,2,standard_1,Yahoo,原石,True,True,False,七工匠 7artisans 25M43B 25mm F1.8 マイクロフ,,2,
B07DP4CKH8,appliances,4589457589086,13320.0,,50305,3,standard_1,Yahoo,原石,True,True,True,七工匠 7artisans 25FXB 25mm F1.8 Xマウント ,13460.0,3,
B0BBW6YXSR,appliances,8718846108942,6800.0,,50393,2,small,Yahoo,原石,True,True,True,DIESEL iPhone14Plusケース レザー ハンドストラップ ,6800.0,2,
B013XV92OW,appliances,4961310132897,7980.0,,50403,2,standard_1,Yahoo,原石,True,True,False,オーディオテクニカ モノラルアクティブスピーカー ブラック AT-MSP,,2,
B013XV941S,appliances,4961310132903,7980.0,,50356,2,standard_1,Yahoo,原石,True,True,False,オーディオテクニカ モノラルアクティブスピーカー ホワイト AT-MSP,,2,
B0DG8JJWF6,appliances,4582741611159,5891.0,,71222,2,small,楽天,あやしい,True,True,True,ikins iPhone 16 ケース 天然貝 神奈川沖浪裏 [ パール,5890.0,2,
B0DG8K94B5,appliances,4582741611326,5891.0,,71222,3,small,楽天,あやしい,True,True,True,ikins iPhone 16 Pro ケース 天然貝 ステンドグラス ,5890.0,3,
B0DG8K9XHF,appliances,4582741611173,5891.0,,71222,3,small,楽天,あやしい,True,True,True,ikins iPhone 16 ケース 天然貝 モナ・リザ [ パール ,5890.0,3,
B0DG8KV3YZ,appliances,4582741611203,5891.0,,71222,3,small,楽天,あやしい,True,True,True,ikins iPhone 16 Pro ケース 天然貝 魚と猫 [ パー,5890.0,3,
B0BD83CTFJ,appliances,4522327946329,4930.0,,38479,3,small,Yahoo,原石,True,True,True,iFace Look in Clear iPhone 15 Plus/1,4980.0,3,
B013N4V40E,appliances,8808311551165,30121.0,,50685,4,small,Yahoo,原石,True,True,True,OLYMPUS 電動式パンケーキズームレンズ M.ZUIKO DIGIT,31999.0,4,
