No,社名,所在地,従業員数,従業員数の出典URL,取扱カテゴリ,Amazon取扱状況(Keepa実測),TEL,問い合わせ/取引フォームURL,仕入れられそうと言える根拠(1行),根拠の出典URL,注意点
1,有限会社大橋量器（枡工房ますや）,岐阜県大垣市西外側町2-8,25名（公式・実測）,https://www.masukoubou.jp/corporate.html,木製枡・木製食器,自社ブランド「大橋量器」で14件ヒット・brand一致（2026-09-06）,0584-78-5468,https://www.masukoubou.jp/contact/,公式に法人向けノベルティ・名入れ記念品の受注窓口があり、見積り相談を公開フォームで受けている,https://www.masukoubou.jp/corporate.html,有限会社（＝小規模）。国産桧の枡は全国シェア上位の産地企業
2,株式会社木村硝子店,東京都文京区湯島3-10-7,20名（公式）／18人（gBizINFO）,https://info.gbiz.go.jp/hojin/ichiran?hojinBango=3010001002090,業務用グラス・テーブルウェア,brand「木村硝子店」で20件ヒット・brand一致（2026-09-06）,03-3834-1781,https://zizi.kimuraglass.jp/pages/company,公式に「飲食店卸」の会員登録制度があり、卸取引の入口が制度として存在する,https://zizi.kimuraglass.jp/pages/company,卸会員の資格要件（法人/店舗限定か）は未確認。個人事業主可否は要問い合わせ
3,楠橋紋織株式会社,愛媛県今治市宅間甲319,90名（公式）／87人（gBizINFO）,https://info.gbiz.go.jp/hojin/ichiran?hojinBango=9500001011482,今治タオル（タオルケット・バスタオル等）,brand「楠橋紋織(Kusubashi Mon Ori)」で20件ヒット・brand一致（2026-09-06）,未取得（公式会社概要にTEL記載なし）,https://www.kusubashi.jp/pages/oem,OEM・法人相談の専用ページを公式に設けており、他社ブランド製造が事業の主軸,https://www.kusubashi.jp/pages/company,TELが公式に出ていない。初回接触はフォーム一択
4,七福タオル株式会社,愛媛県今治市富田新港1-2-2,69人（gBizINFO）／74名（二次）,https://info.gbiz.go.jp/hojin/ichiran?hojinBango=1500001012199,今治タオル,brand「七福タオル」で20件ヒット・brand一致（2026-09-06）,0898-36-6020,https://oem.shichifuku-towel.co.jp/,OEM受注専用サイトを別ドメインで運営しており、小口の別注を受ける体制が公開されている,https://oem.shichifuku-towel.co.jp/,自社ブランド直販へ移行中との報道あり。卸条件は要確認
5,金野タオル株式会社,大阪府泉佐野市羽倉崎1-5-31,未取得（gBizINFO 欠測）,https://info.gbiz.go.jp/hojin/ichiran?hojinBango=6120101039548,泉州タオル,brand「金野タオル」で20件ヒット・brand一致（2026-09-06）,072-462-3801,https://www.kinno.co.jp/contact.html,公式に「OEM承ります」ページがあり、織機36台・インクジェット3台の自社設備を明示している,https://www.kinno.co.jp/oem.html,従業員数を一次情報で取れていない（gBizINFO 欠測）
6,株式会社北尾化粧品部,大阪府大阪市生野区中川西1-2-20,21人（gBizINFO）／25人（二次）,https://info.gbiz.go.jp/hojin/ichiran?hojinBango=8120001017255,化粧品（製造・卸）,brand「北尾化粧品部」で4件ヒット・brand一致（2026-09-06）,06-6717-0881,http://kitao.co.jp/contact/,会社名のとおり化粧品の製造かつ卸が本業で、OEMの記載もある＝卸取引が前提の会社,http://kitao.co.jp/company/about/,化粧品は薬機法と Amazon の出品制限（要ゲート解除）の対象。着手前に法務確認が要る
7,株式会社高柳製茶,静岡県牧之原市勝田2310-4,25人（gBizINFO）,https://info.gbiz.go.jp/hojin/ichiran?hojinBango=4080001013832,日本茶（製造・販売）,brand「株式会社 高柳製茶」で20件ヒット・brand一致（2026-09-06）,0548-27-2324,https://www.makinohara-cha.com/inquiry/,公式サイトに「法人のお客様」向けの記載があり、問い合わせフォームが独立して用意されている,https://www.makinohara-cha.com/c_6/,茶葉は賞味期限管理あり。FBA 納品時の期限規定に注意
8,北陸製菓株式会社（hokka）,石川県金沢市押野2-290-1,125人（gBizINFO）,https://info.gbiz.go.jp/hojin/ichiran?hojinBango=5220001006317,菓子（ビスケット・かんぱん・あられ）,brand「北陸製菓」で20件ヒット・brand一致。上位に他セラーのブランド表記（スナッチー）も混在（2026-09-06）,未取得（本社代表番号を一次情報で確認できず）,https://oem.hokka.jp/,OEM製造の専用サイトを公式に運営しており、少量のノベルティ菓子まで受ける旨を公開している,https://oem.hokka.jp/,Amazon 上に既に転売系セラーの出品が混在。独占は取りにくい前提で見る必要あり
9,株式会社宇野刷毛ブラシ製作所,東京都墨田区向島3-1-5,未取得（gBizINFO 欠測・公式非掲載）,https://info.gbiz.go.jp/hojin/ichiran?hojinBango=6010601047549,刷毛・ブラシ（東京手植ブラシ）,manufacturer「株式会社　宇野刷毛ブラシ製作所」で20件ヒット・製造元一致（2026-09-06）,03-3622-9078,https://unobrush.jp/contact,公式に「企画・設計から製造まで一貫して引き受ける」と明記し、産業用まで受注している＝受注生産の窓口が開いている,https://unobrush.jp/about/,従業員数が一次情報で取れない。報道では三代目母子中心の小規模工房
10,廣田硝子株式会社,東京都墨田区錦糸2-6-5,未取得（gBizINFO 欠測）,https://info.gbiz.go.jp/hojin/ichiran?hojinBango=8010601014308,江戸切子・吹き硝子などのガラス器,brand「廣田硝子(Hirota Glass)」で20件ヒット・brand一致（2026-09-06）,03-3623-4145,https://hirota-glass.co.jp/contact/,日本金属ハウスウェア工業組合に「陶磁器・ガラス器卸売業」として登録されており、取扱品目800点規模＝卸が本業,https://houseware.jp/company/35/,従業員数が一次情報で取れない
11,守田漆器株式会社,石川県加賀市山中温泉上原町ワ528,未取得（gBizINFO 欠測）,https://info.gbiz.go.jp/hojin/ichiran?hojinBango=8220001013599,山中漆器（漆器・漆塗商品）,manufacturer「守田漆器」で20件ヒット・製造元一致（2026-09-06）,0761-78-0106,https://urusi.jp/contact/,公式サイトに「法人のお客様」「お取引」の導線があり、事業内容に卸売が明記されている,https://urusi.jp/contact/,検索結果には 0761-87-0106 とあるが、公式サイト実測は 0761-78-0106。公式を採用
12,池本刷子工業株式会社,大阪府東大阪市玉串町西1-3-27,未取得（gBizINFO 欠測）／55人（二次）,https://info.gbiz.go.jp/hojin/ichiran?hojinBango=7122001000274,ヘアブラシ・化粧用具,brand「池本刷子工業(Ikemoto Brush)」で20件ヒット・brand一致（2026-09-06）,072-964-2331（本社工場）／03-3664-5330（東京）,http://www.ikemoto-brush.co.jp/contact/,公式サイト内に卸の記載があり、東京にも営業拠点を置いて取引先を持つ体制がある,http://www.ikemoto-brush.co.jp/about/,従業員数は転職媒体（二次）のみ。一次情報では未取得
13,木内籐材工業株式会社,東京都文京区千石4-40-24,未取得（gBizINFO 欠測）,https://info.gbiz.go.jp/hojin/ichiran?hojinBango=4010001001991,籐（ラタン）製品・籐うちわ・敷物,manufacturer「木内籐材工業株式会社」で14件ヒット・製造元一致（2026-09-06）,03-3941-4484,https://www.kiuchi-tohzai.co.jp/original8.html,公式に「籐製品の製造および卸」と事業内容を明記し、旅館・ゴルフ場へ納入実績がある,https://www.kiuchi-tohzai.co.jp/original8.html,問い合わせがログイン方式のフォーム。電話が実質の入口
14,朝倉染布株式会社,群馬県桐生市浜松町1-13-24,95人（gBizINFO）,https://info.gbiz.go.jp/hojin/ichiran?hojinBango=1070001015535,超撥水加工品（風呂敷等）・合成繊維の染色整理加工,brand「朝倉染布」で20件ヒット・brand一致（2026-09-06）,0277-44-3171（二次）,https://www.asakura-senpu.co.jp/qa-contact/,自社ブランド商品（スーパーはっ水風呂敷）を持ちつつ本業が受託加工＝BtoB取引が日常業務,https://www.asakura-senpu.co.jp/company/company-profile/,TELは公式ページから機械抽出できず二次情報。フォームが確実
15,河野製紙株式会社,高知県高知市下島町71,123人（gBizINFO）,https://info.gbiz.go.jp/hojin/ichiran?hojinBango=9490001001015,ティッシュ・トイレットペーパー・保湿ペーパー,brand「河野製紙」で20件ヒット・brand一致（2026-09-06）,088-822-3107,https://www.kawano-p.co.jp/contact/,公式サイトに別注の記載があり、保湿ティッシュの特許を持つ自社ブランドメーカー,https://www.kawano-p.co.jp/about/profile/,20社中で最大規模。直接取引の通りやすさは他より低い可能性
16,株式会社清水硝子,東京都葛飾区堀切4-64-7,6人（gBizINFO）,https://info.gbiz.go.jp/hojin/ichiran?hojinBango=9011801002134,江戸切子・カットグラス,「清水硝子 江戸切子」で20件ヒットだが一致は generic な brand「江戸切子」。自社ブランドの存在は要目視（2026-09-06）,未取得,https://shimizuglass.com/contact_corp/,公式サイトに法人専用の問い合わせフォーム（contact_corp）が個人用と別に用意されている,https://shimizuglass.com/contact_corp/,Amazon 上の取扱いが未確定。需要の裏取りが 20社中もっとも弱い
17,小野甚味噌醤油醸造株式会社,京都府京丹後市峰山町杉谷300,未取得（gBizINFO 欠測）,https://info.gbiz.go.jp/hojin/ichiran?hojinBango=2130001042654,醤油・味噌（天然醸造）,brand「小野甚味噌醤油醸造」で20件ヒット・brand一致（2026-09-06）,0772-62-0476,公式サイト未特定（日本醤油協会・京丹後ナビの掲載で連絡先を確認）,既に Amazon に自社ブランド名の商品が並んでおり、卸経由の流通が現に成立している,https://www.soysauce.or.jp/manuf/%E5%B0%8F%E9%87%8E%E7%94%9A%E5%91%B3%E5%99%8C%E9%86%A4%E6%B2%B9%E9%86%B8%E9%80%A0%E6%A0%AA%E5%BC%8F%E4%BC%9A%E7%A4%BE,公式サイトを特定できず。TELは二次情報2件が一致（要一次確認）
18,側島製罐株式会社,愛知県名古屋市中村区名駅南2-13-18（登記）／工場：海部郡大治町,40人（gBizINFO）／45名（公式・2024-09）,https://info.gbiz.go.jp/hojin/ichiran?hojinBango=3180001030950,ブリキ缶・スチール缶（自社D2Cブランドあり）,「側島製罐」「SOBAJIMA 缶」の2クエリともブランド一致0件＝Amazon 不在（2026-09-06）,052-442-5111,https://sobajima.jp/sobajima-contact,自社 EC（BASE）で D2C 商品を直販しているのに Amazon には出ていない＝販路として空いている,https://sobajima.jp/company/,Amazon 不在は「独占余地」と「需要ゼロ」の両方に見える。1件目に選ぶなら需要検証が別途必要
19,本野はきもの工業,大分県日田市,4人（二次・公式紹介記事）,https://motono-hakimono.com/about,下駄（日田下駄）,「本野はきもの」でヒット0件＝Amazon 不在（2026-09-06）,0973-22-4460,https://motono-hakimono.com/contact,生産から販売まで自社工房で一貫、直売所も持つ＝仲介なしで直接話せる相手,https://motono-hakimono.com/about,gBizINFO に該当法人なし＝個人事業の可能性。『相手が個人事業』であって『当方が個人事業主だから不可』ではない
20,田中帽子店（窓口：有限会社ビスポーク）,埼玉県春日部市（製造）／さいたま市西区（窓口）,未取得,https://tanaka-hat.jp/fs/tanakahat/c/company,麦わら帽子・天然素材帽子,brand「田中帽子店」で20件ヒット・brand一致（2026-09-06）,048-940-8829,https://tanaka-hat.jp/fs/tanakahat/c/company,公式サイトが問い合わせ窓口を代理店（有）ビスポークと明記＝取次の窓口が公開されている,https://tanaka-hat.jp/fs/tanakahat/c/company,メーカー直ではなく代理店経由。独占交渉の相手としては一段遠い
