exhibitor,booth,class
宇仁繊維ファッション,西3-T42-16,PASS
川辺（株）,西4-T57-06,PASS
スチームクリーム／コスメサイエンス,東3-T26-13,PASS
宇野刷毛ブラシ製作所,西3-T42-03,PASS
川本デザイン研究室,東7-T47-02,商社・代理店・デザイン(メーカー直でない)
（有）サーチディストリビューション,東7-SL17,商社・代理店・デザイン(メーカー直でない)
STEP-UP,東2-T19-30,海外表記(国内から仕入れられない)
（株）,西3-T45-04,PASS
神田産業（株）,西1-T11-02,PASS
サイアム-Siam-,西2-T31-09,PASS
stem／（有）TRUNK,西2-T35-21,海外表記(国内から仕入れられない)
ウブスナ,東7-T35-24,PASS
缶詰キッチン,東7-Ｔ48-02,PASS
（株）サイエルインターナショナル,東8-T56-09,PASS
ストーリオ,西1-T01-03,PASS
ウペラデザイン電動ゴミ箱,東3-T29-34,PASS
関東車輌（株）,東2-T18-10,PASS
（株）サイモン,東7-T31-06,PASS
SPARKY,西1-T13-08,海外表記(国内から仕入れられない)
EARTH MADE,東7-MC57,海外表記(国内から仕入れられない)
ウルトラスエード®／東レ,西1-T03-01,PASS
Kanto Audio／完実電気（株）,西1-T02-01,海外表記(国内から仕入れられない)
サウナブリック,西4-GLS-06,PASS
すばらしき沖縄の職人,西3-T43-11,PASS
アーティス ディ ヴォーチェ,西2-T34-16,PASS
宇和海真珠,西1-T05-20,PASS
kannaworks,西2-T34-17,海外表記(国内から仕入れられない)
SAUNEA（サウネア）,西4-GLS-01,PASS
"SPIN CO., LTD.",東2-T12-35,海外表記(国内から仕入れられない)
アートウエルド,東3-T25-20,PASS
（株）芸艸堂,西1-T06-17,PASS
缶バッジ専門工場CREAm(クリーム）,東3-T24-41,PASS
Saunature（同）,西4-GLS-03,海外表記(国内から仕入れられない)
スペースジョイ,西1-T02-18,PASS
アートシー,東2-T16-45,PASS
AIR TWOKYO,東3-T26-35,海外表記(国内から仕入れられない)
（株）SAEDA,東2-T18-48,海外表記(国内から仕入れられない)
SMILER,東7-MC24,海外表記(国内から仕入れられない)
アートライン,東7-T45-14,PASS
（株）永幸,東7-Ｔ48-02,PASS
木内籐材工業（株）,西3-T42-03,PASS
（株）サカエ工業,西1-T05-19,PASS
スマイルキッズ,東7-T37-02,PASS
URBAN OLE ECOPARK,西1-AC-18,海外表記(国内から仕入れられない)
永善,西1-T11-06,PASS
ギエモン│久留米絣│オカモト商店,東7-FS10,PASS
（株）坂源,西3-T45-08,PASS
smachi,東7-FS18,海外表記(国内から仕入れられない)
（株）RH PLUS,東7-MC34,海外表記(国内から仕入れられない)
永泰（株）,西2-T29-03,PASS
KIZAWA,東7-T45-15,海外表記(国内から仕入れられない)
（有）坂田織物／広川町商工会,西2-T26-06,団体・自治体・教育機関(メーカーでない)
（株）住健,西1-T12-04,PASS
アールデザインスタイル,東7-T47-02,PASS
（株）H.I.T.,西2-T20-10,海外表記(国内から仕入れられない)
スモール・プラネット,西4-T57-06,PASS
愛印科技（株）,東7-T45-25,PASS
（株）H&S,東7-T50-13,海外表記(国内から仕入れられない)
（株）木重漆器店,東7-T47-20,PASS
（有）坂部ブラシ,東7-T47-20,PASS
アイオニック,東7-T37-28,PASS
（株）A&A,東3-T26-28,海外表記(国内から仕入れられない)
（株）北尾化粧品部,西1-T12-04,PASS
巣守金属工業（株）,東3-T23-35,PASS
アイオン,西1-T04-09,PASS
（株）AAB JAPAN,東7-T33-35,海外表記(国内から仕入れられない)
（有）,東2-T18-09,PASS
サクセスアジア,東8-T59-11,PASS
THRASHER,東7-SL23,海外表記(国内から仕入れられない)
IKK（株）,東7-T49-11,海外表記(国内から仕入れられない)
AFJ（株）,西4-T49-16,海外表記(国内から仕入れられない)
KITACRAFT,西3-T46-0１,海外表記(国内から仕入れられない)
桜えび・しらすのおいしい産業,東7-Ｔ48-02,PASS
（株）THREE,東3-T25-12,海外表記(国内から仕入れられない)
IDEA SEKIKAWA,西1-T01-10,海外表記(国内から仕入れられない)
fu-dueka::,東7-MC45,海外表記(国内から仕入れられない)
（株）サクラクレパス,東2-T15-36,PASS
スリップオン,西1-T03-20,PASS
北日本通信工業（株）,東3-T22-10,PASS
（有）Sakuro,西3-T45-09,海外表記(国内から仕入れられない)
SLOW TOWEL,西4-T56-11,海外表記(国内から仕入れられない)
アイボール鉛筆（株）,東2-T15-44,PASS
酒ハックプロジェクト,西1-AC-25,PASS
（株）OUTSENSE,西3-T45-16,海外表記(国内から仕入れられない)
ATファインプロダクツ,東2-T15-38,PASS
キッチンクラフトザイツ,西3-T44-03,PASS
ZASA（株）,東7-T49-29,海外表記(国内から仕入れられない)
静安 ギフト＆ライフスタイル,西2-T23-12,PASS
aoite.azuki.base,西3-T42-17,海外表記(国内から仕入れられない)
（株）ABC商会,東2-T14-04,PASS
キッチン用品企画／清水化学工業（株）,西4-T54-04,PASS
笹田織物（株）,西3-T44-16,PASS
（株）生活の木,西2-T34-03,PASS
（株）青地ライフクリエイト／東近江市商工会,西3-T45-12,団体・自治体・教育機関(メーカーでない)
A Mastery by（株）Paradox,東7-SL12,海外表記(国内から仕入れられない)
機能素材,東7-T47-02,PASS
XAXA フードと信州のこだわり犬猫おやつ,東2-T18-17,PASS
生活のすすめ,東8-T58-10,PASS
KINOÉ／（株）,東2-T16-39,海外表記(国内から仕入れられない)
サジタリウス ファイブアローズ プロジェクト,東8-T53-02,PASS
（株）青郊,西3-T40-02,PASS
（株）青山,東2-T18-31,PASS
THE TACTICAL TOKYO,西1-AC-22,海外表記(国内から仕入れられない)
静興茶業（株）,東2-T11-41,PASS
（株）赤堀,西2-T28-12,PASS
エーワイ,西1-T02-11,PASS
佐藤金属興業（株）,西1-T01-02,PASS
西子シルク,西4-T52-15,PASS
秋月貿易,西2-T20-16,商社・代理店・デザイン(メーカー直でない)
EcaroJAPAN,東2-T16-50,海外表記(国内から仕入れられない)
きほんのうつわ,西1-T05-08,PASS
「ZA TOKYO」,西3-T42-03,海外表記(国内から仕入れられない)
（株）生産者直売のれん会,西4-T57-06,PASS
駅メロキーホルダー,東3-T22-02,PASS
木まぐれ（青木材木店）,東7-T46-19,PASS
サナダグループ,東7-T46-21,PASS
SEISHIN,西1-T07-01,海外表記(国内から仕入れられない)
エコ・クリエ（株）,東3-T29-40,PASS
きみづかエイチアールイー,西3-T42-06,PASS
（株）サニーフーズ,東2-T18-08,PASS
（株）精版印刷,東3-T27-39,PASS
（一社）,西2-Ｔ25-20,PASS
（株）木村桜士堂,西1-T06-17,PASS
（株）サポート,東8-T59-10,PASS
正寶升（株）,東2-T19-41,PASS
（有）ACCENT,東3-T24-31,海外表記(国内から仕入れられない)
木村硝子店,西1-T05-04,PASS
THE MAGIC HOUR,西1-T05-20,海外表記(国内から仕入れられない)
清峰堂（株）,西3-T39-03,PASS
ESCURA,東3-T21-44,海外表記(国内から仕入れられない)
KIMOROBE,東7-MC11,海外表記(国内から仕入れられない)
（株）サンアート,東1-T09-03,PASS
世界初の青色コチョウラン「Blue Gene（ブルージーン）」,西2-T35-15,PASS
（株）ACTマーケティング,東3-T21-37,商社・代理店・デザイン(メーカー直でない)
（株）サン・アロー,東3-T22-20,PASS
セキグチ,西4-T57-06,PASS
AQUBE MUSIC PRODUCTS／U-DOT,西1-T03-10,海外表記(国内から仕入れられない)
（株）サンアンドサン,東7-MC61,PASS
acrylic,西1-T03-09,海外表記(国内から仕入れられない)
SPP（株）,西3-T39-03,海外表記(国内から仕入れられない)
サンエムズ,西1-GL-02,PASS
セトクラフト,西2-T20-11,PASS
アクリル雑貨 suo.-,西1-T09-05,PASS
越後糸,西1-T01-03,PASS
（同）KARROT COMPANY,東3-T24-46,海外表記(国内から仕入れられない)
三海舞龍堂・和扇堂,西2-T20-04,PASS
（株）旭王,東7-T45-28,PASS
越前漆器（株） 光琳堂,西3-T40-04,PASS
キャンディーブーケ ジャパン,東3-T26-38,PASS
TIDEWAY,東7-MC01,海外表記(国内から仕入れられない)
朝倉染布（株）,西1-T08-01,PASS
X Vision（株）,西4-GLS-12,海外表記(国内から仕入れられない)
（株）CUE,東1-T07-04,海外表記(国内から仕入れられない)
（株）三輝 詰め替えそのまま,東7-T49-17,PASS
浅野撚糸,西2-T27-03,PASS
（株）Xfinity Venture,東3-T28-03,海外表記(国内から仕入れられない)
（株）三光堂商店,西1-T05-12,PASS
セラミック藍,東3-T29-01,PASS
（株）XWORK ニッポンこれくしょん,東3-T26-40,PASS
Q-FLA,西2-T33-03,海外表記(国内から仕入れられない)
さんこせん,東2-T17-22,PASS
（株）朝日電機製作所,西3-T39-03,PASS
共栄商事（株）,西4-T55-09,商社・代理店・デザイン(メーカー直でない)
さんさん日本,東1-T09-45,PASS
SENN,西1-AC-04,海外表記(国内から仕入れられない)
アジアクラフトリンク,西4-T55-13,PASS
（株）京彩,東3-T26-17,PASS
"ZEN Co., Ltd.",東1-T08-45,海外表記(国内から仕入れられない)
エデュテ,西1-T13-08,PASS
（株）京谷,東7-T36-23,PASS
さんしょう,東8-T53-05,PASS
センコー,西2-T21-15,PASS
Assist,西4-T55-11,海外表記(国内から仕入れられない)
et,西1-AC-02,海外表記(国内から仕入れられない)
京都烏丸六七堂,西1-AC-13,PASS
ZANSHIN,西1-T05-13,海外表記(国内から仕入れられない)
ZENCOCORO,東7-T47-20,海外表記(国内から仕入れられない)
京都ケミカル,東8-T58-21,PASS
サンスター文具（株）,西4-T57-06,PASS
千趣会イイハナ,西4-T57-06,PASS
AGILITY JAPAN,東7-MC53,海外表記(国内から仕入れられない)
京都府商工会連合会,東3-T29-40,団体・自治体・教育機関(メーカーでない)
（株）サンタン,東2-T12-46,PASS
協和工業（株）,東3-T27-01,PASS
サンディー,東7-MC32,PASS
Zenyo,東3-T20-40,海外表記(国内から仕入れられない)
アスカモデル,東7-Ｔ48-02,PASS
NCAインターナショナル(有),東7-T49-14,PASS
協和紙工（株）,東2-T16-52,PASS
産電子工業（株）,東2-T19-50,PASS
SOW,西2-T37-25,海外表記(国内から仕入れられない)
（株）ASQUA,東7-T49-12,海外表記(国内から仕入れられない)
NTTドコモ,東7-T38-12,PASS
KYOOHOO 京都異業種交流会,西1-T06-17,PASS
（株）サントス,東3-T21-46,PASS
SOÜSAC,東7-FS14,海外表記(国内から仕入れられない)
東谷（株）,西4-T57-06,PASS
（株）EPIS,西2-T32-19,海外表記(国内から仕入れられない)
SUN VALLEY,東7-MC52,海外表記(国内から仕入れられない)
（有）草土,西3-T44-04,PASS
（株）ASENSE,西1-T12-04,海外表記(国内から仕入れられない)
愛媛百貨,西1-T05-20,PASS
サンビーム,東3-T27-08,PASS
ゾーウィー,西4-T57-06,PASS
asobu,西1-T10-06,海外表記(国内から仕入れられない)
FJSインターナショナル,東7-T38-30,PASS
キリー＆アソシエイツ,東1-T09-20,PASS
サンファミリー,東7-T40-28,PASS
（株）足立,西3-T45-04,PASS
（株）F-STYLE,西2-T25-26,海外表記(国内から仕入れられない)
KIRIKOMI,東7-MC15,海外表記(国内から仕入れられない)
（株）サンユーパッケージ,東7-T42-12,PASS
ソクピタル®,東7-T38-24,PASS
"ADACHI CO.,LTD",東7-MC07,海外表記(国内から仕入れられない)
エブリデイとってき屋,東3-T26-16,PASS
（株）三陽,西1-T01-15,PASS
足立織物（株）,東7-JB03,PASS
桐生市,東7-JB04,団体・自治体・教育機関(メーカーでない)
サンヨウ,西2-T22-10,PASS
（株）Sott,西3-T42-06,海外表記(国内から仕入れられない)
KINGWAY,東7-T37-13,海外表記(国内から仕入れられない)
（株）三洋堂,東3-T23-12,PASS
atRise ライズクリエイション,東7-T50-11,PASS
MRSUPPLY,東7-MC14,海外表記(国内から仕入れられない)
キングスター,東3-T20-34,PASS
山陽物産（株）,東8-T57-24,商社・代理店・デザイン(メーカー直でない)
upstairs outdoor living／杉田エース（株）,西2-T37-04,海外表記(国内から仕入れられない)
金熊香水／（株）,西3-T40-16,PASS
サンライズ,東2-T18-42,PASS
側島心具製造所,西3-T46-11,PASS
（株）Up Link,東3-T26-36,海外表記(国内から仕入れられない)
エムイーアイ,西1-T04-07,PASS
（有）瑾齋,西3-T39-03,PASS
（株）サンライズギャラリー,西2-T21-08,PASS
アップルーズ,東7-T47-20,PASS
MSG,西3-T40-10,海外表記(国内から仕入れられない)
錦城護謨（株）,西1-T01-15,PASS
（株）サンライフ,東7-T48-24,PASS
ソフミィ - sofubi + Me -,西3-T44-10,海外表記(国内から仕入れられない)
鑫星貿易,東7-T47-09,商社・代理店・デザイン(メーカー直でない)
（株）Sun Ritz,東7-T37-12,海外表記(国内から仕入れられない)
Sorakara Trading,東2-T19-30,海外表記(国内から仕入れられない)
アトリエシムラ,西4-T50-08,PASS
金野タオル,東3-T22-03,PASS
（株）サンレモン,東2-T11-36,PASS
SORIORI／（株）OUTSENSE,西3-T45-14,海外表記(国内から仕入れられない)
アトリエ ヌイ,東7-MC05,PASS
M Factory,東7-JB02,海外表記(国内から仕入れられない)
GINPO,西1-T06-10,海外表記(国内から仕入れられない)
（株）三和,東1-T08-28,PASS
（有）大一創芸,西1-T01-15,PASS
アトリエヨクト,西1-AC-17,PASS
エムルーカンパニー,東1-T10-41,PASS
クイック・ロック・ジャパン,東2-T17-43,PASS
（有）三和トレーディング,西2-T32-10,PASS
第一ライフグループ（株）第一ライフ物産,東3-T22-15,商社・代理店・デザイン(メーカー直でない)
（株）ANICRAFT,東3-T22-44,海外表記(国内から仕入れられない)
eranoiwa,西3-T44-03,海外表記(国内から仕入れられない)
CUORE STORE,東7-MC18,海外表記(国内から仕入れられない)
tiger & rabbit design inc.,東7-FS14,海外表記(国内から仕入れられない)
郡上市商工会,西3-T43-03,団体・自治体・教育機関(メーカーでない)
ABUTILON,東2-T19-30,海外表記(国内から仕入れられない)
（株）L.L.JACKY,東3-T26-08,海外表記(国内から仕入れられない)
guz guz,西1-AC-06,海外表記(国内から仕入れられない)
（株）GSI ABROS,東2-T15-20,海外表記(国内から仕入れられない)
（有）大輝製作所,西1-T01-15,PASS
エレス,西1-T11-10,PASS
楠橋紋織（株）,西2-T30-05,PASS
シークエンズ,東3-T25-36,PASS
（株）大醐,東7-T41-38,PASS
siquent,西3-T42-17,海外表記(国内から仕入れられない)
大香,西2-T33-05,PASS
遠州織物／（一社）静岡県繊維協会,東7-T34-30,団体・自治体・教育機関(メーカーでない)
GOODS BRIDGE LAB.,東3-T21-36,海外表記(国内から仕入れられない)
（株）遠東商会,東1-T08-42,PASS
グッズマン／Activital,東8-T57-05,PASS
ジースタイル,東7-T46-11,PASS
Ty Japan,東1-T09-08,海外表記(国内から仕入れられない)
AMACK,東2-T16-48,海外表記(国内から仕入れられない)
（株）GOOD DEAL COMPANY／KROC,西3-T46-04-D,海外表記(国内から仕入れられない)
THETA,東7-MC10,海外表記(国内から仕入れられない)
大商貿易,東7-T37-33,商社・代理店・デザイン(メーカー直でない)
AmatorA,西3-T44-10,海外表記(国内から仕入れられない)
オ、イペオ,東7-MC30,PASS
椎名切子,西3-T42-03,PASS
大生機設,東7-Ｔ48-02,PASS
アミアズ,東7-T40-33,PASS
欧文印刷（株）／ヌーボード,東2-T16-35,PASS
熊野洞,西3-T41-04,PASS
（株）大雪木工,西1-T12-05,PASS
オウルテック,東2-T18-47,PASS
グライ＆シフ ジャパン,西4-T57-11,PASS
C'BON,東7-T42-14,海外表記(国内から仕入れられない)
TYESO／KOTANI金属工業（株）,西1-T11-01,海外表記(国内から仕入れられない)
大分県日田市,西3-T44-03,団体・自治体・教育機関(メーカーでない)
クラウドファンディング・ラウンジ,東2-T19-30,PASS
SEAM.SHOES,西1-AC-21,海外表記(国内から仕入れられない)
大同至高（株）,東3-T27-11,PASS
アムール・デ・フルール,西2-T38-03,PASS
OATアグリオ,西2-T34-15,PASS
暮らしの「これ、ええで」大阪 セレクション,西1-T12-04,PASS
シーレル,東7-T43-27,PASS
DAI Trading,東2-T19-30,海外表記(国内から仕入れられない)
a・mu NISHINOMIYA,東7-MC20,海外表記(国内から仕入れられない)
（株）大江 （大江シルク）,東3-T29-40,PASS
くらしを彩る,西2-T26-09,PASS
JHL（株）,西4-T54-06,海外表記(国内から仕入れられない)
第22回アジア太平洋小売業者大会【東京大会】,東2-T16-20,PASS
（株）AMOT,西3-T39-04,海外表記(国内から仕入れられない)
（有）大尾嘉漆器,西1-T06-12,PASS
（有）JS企画,西4-T54-01,PASS
大日産業（株）,東7-SL10,PASS
（有）大川工芸,東3-T22-18,PASS
（株）JS FLUX,西2-T22-14,海外表記(国内から仕入れられない)
ダイバーシティ,東7-T38-32,PASS
（有）新井人形店,西3-T42-11,PASS
大北商事（株）,東2-T18-07,商社・代理店・デザイン(メーカー直でない)
A la carte for baby & kids,西1-T13-08,海外表記(国内から仕入れられない)
オークヴィレッジ,西1-T06-08,PASS
暮らす仙台,西3-T41-04,PASS
（株）JTB ギフトトラベルセンター,東2-T18-03,PASS
有田商工会議所,東7-T44-28,団体・自治体・教育機関(メーカーでない)
MARVISTA 大口産業（株）,西2-T38-21,PASS
蔵出しみかんの藤原農園（株）,東7-T38-20,PASS
ジェイディジャパン,東2-T14-46,PASS
（株）太陽機械製作所,西3-T44-10,PASS
有田焼 CASE ARITA,西1-T05-12,海外表記(国内から仕入れられない)
大阪靴メーカー協同組合,東7-T35-34,団体・自治体・教育機関(メーカーでない)
（株）Jドリーム,東2-T12-46,PASS
大洋技研（株）,東7-T47-20,PASS
有松人形工房,西3-T42-11,PASS
大阪芸術大学デザイン学科,西4-T51-02,団体・自治体・教育機関(メーカーでない)
ジェイファニチャー,西2-T20-22,PASS
太陽薬品（株）,東7-T39-33,PASS
（株）有本製作所,西3-T45-08,PASS
（株）大下博商店,西3-T40-04,PASS
グラノクス,西1-T01-03,PASS
（株）J.フロントプライムスペース,西4-T49-18,PASS
AL-ART 丸信金属工業(株),西2-T35-14,PASS
グラフェン機能素材×日常アイテム,東7-T38-29,PASS
ジェーイーモーガン,東7-SL05,PASS
TAIRU,西3-T44-10,海外表記(国内から仕入れられない)
オーソフィート,東7-T38-36,PASS
ジェッカ ブロック,東3-T23-42,PASS
タオル美術館グループ,西4-T57-06,PASS
アルタミラ,東7-MC40,PASS
（公財）大田区産業振興協会,西3-T44-10,団体・自治体・教育機関(メーカーでない)
（有）大塚木型製作所,西4-SO-06,PASS
Green Flash,東2-T17-28,海外表記(国内から仕入れられない)
GERRY,東7-SL10,海外表記(国内から仕入れられない)
ALPAKA・Found Pocket・Packet Packers,東7-SL22,海外表記(国内から仕入れられない)
大塚孝商店,東7-JB04,PASS
GREEN LIGHT（株）,東3-T26-43,海外表記(国内から仕入れられない)
GELIST,東7-T39-30,海外表記(国内から仕入れられない)
高邦商事（株）,東7-JB03,商社・代理店・デザイン(メーカー直でない)
ALBETTA,西1-T08-08,海外表記(国内から仕入れられない)
（有）大辻漆器,西3-T39-03,PASS
クリフメイヤー,東7-SL11,PASS
ciel serein／シエル スラン,東7-MC50,PASS
ALLEX atempe,東7-MC31,海外表記(国内から仕入れられない)
シェンリ,東7-T50-27,PASS
（有）高橋工芸,西1-T12-05,PASS
アロエホーム,西2-T25-11,PASS
OVER SEAS,東2-T19-30,海外表記(国内から仕入れられない)
久留米商工会議所 メイドイン久留米展,東7-T46-20,団体・自治体・教育機関(メーカーでない)
（株）sion works,東7-MC21,海外表記(国内から仕入れられない)
（株）高柳製茶,東7-Ｔ48-02,PASS
ARTQ ORGANICS／興和江守,西2-T34-10,海外表記(国内から仕入れられない)
Overview Coffee,西1-AC-35,海外表記(国内から仕入れられない)
Grateful Import,東2-T19-30,海外表記(国内から仕入れられない)
滋賀県商工会連合会,西3-T44-04,団体・自治体・教育機関(メーカーでない)
多気町商工会,西3-T45-02,団体・自治体・教育機関(メーカーでない)
awasaka（株）,西1-T06-13,海外表記(国内から仕入れられない)
てづくり／（株）大橋新治商店,西2-T35-01,PASS
滋賀丸石自転車販売（株）,西3-T44-04,PASS
Taguchi／タグチクラフテック,西4-T51-10,PASS
（株）阿波友禅工場,西4-SO-20,PASS
（株）大橋製作所,西3-T44-10,PASS
（株）竹上,東3-T29-40,PASS
アンデックスシューズプロダクト,東7-T35-34,PASS
（有）大橋量器（枡工房ますや）,西3-T44-13,PASS
クレオ ハキハキ工房,東3-T25-41,PASS
（株）磁気研究所,東2-T18-28,PASS
（有）TAKE-i,西4-T54-11,海外表記(国内から仕入れられない)
ANTGAUGE,東7-MC47,海外表記(国内から仕入れられない)
OPEN FACTORY CITY YAO,西1-T01-15,海外表記(国内から仕入れられない)
クレシェンド,西2-T28-20,PASS
敷島産業（株）,東3-T24-49,PASS
たけの花,西4-T51-06,PASS
And Lee. Co,東7-T46-15,海外表記(国内から仕入れられない)
大森機械工業（株）,東2-T17-18,PASS
クレスト,東3-T25-24,PASS
シゲル工業,西1-T01-03,PASS
（株）竹六商店／東近江市商工会,西3-T45-03,団体・自治体・教育機関(メーカーでない)
UNPLACE,西1-T02-06,海外表記(国内から仕入れられない)
刺繍屋えみいと,東3-T26-46,PASS
（株）太宰府工芸-屋久杉堂-,西3-T45-01,PASS
AMVEL UMBRELLA STORE,西1-T09-11,海外表記(国内から仕入れられない)
オーロラ,東7-T44-22,PASS
CLEDRAN,東7-FS13,海外表記(国内から仕入れられない)
（公財）静岡県産業振興財団,東7-Ｔ48-02,団体・自治体・教育機関(メーカーでない)
（有）畳工房ヨシオカ,東3-T29-40,PASS
オカ,西2-T31-15,PASS
クレヨンしんちゃんジャパンクラフト,東2-T14-35,PASS
静岡県商工会連合会,東7-T49-02,団体・自治体・教育機関(メーカーでない)
（株）城屋,東7-SL10,PASS
Ewin,東2-T19-42,海外表記(国内から仕入れられない)
静岡特産工業協会／前田工業（株）,西1-T08-12,団体・自治体・教育機関(メーカーでない)
TOUCHBeauty（株）,東7-T38-33,海外表記(国内から仕入れられない)
イー・エフ・インターナショナル／エフィ,西2-T32-05,PASS
GROWING,東7-T47-02,海外表記(国内から仕入れられない)
静岡特産工業協会／（有）市川木工,西3-T43-10,団体・自治体・教育機関(メーカーでない)
タツネ,東8-T59-02,PASS
E.M Brew,西1-AC-36,海外表記(国内から仕入れられない)
グラフィックデザイナー 黒岡 めぐみ,東2-T16-11,PASS
静岡特産工業協会,西2-T20-19,団体・自治体・教育機関(メーカーでない)
（株）巽クレアティフ,西1-T12-04,PASS
EKO JAPAN（株）,西4-T55-16,海外表記(国内から仕入れられない)
岡山西商工会,東7-T34-28,団体・自治体・教育機関(メーカーでない)
静岡特産工業協会／中山家具（株）,西4-T49-20,団体・自治体・教育機関(メーカーでない)
（株）建仁,西4-T52-17,PASS
e-socks／広陵町商工会,東7-T39-37,団体・自治体・教育機関(メーカーでない)
OKARADA,西2-Ｔ25-18,海外表記(国内から仕入れられない)
たてつなぎ,西1-AC-14,PASS
（株）iiもの本舗,東8-T52-01,PASS
小川産業（株）,東2-T18-16,PASS
（株）志成販売,西2-T28-03,PASS
田中産業（株）,西1-T04-13,PASS
Yemetti,東7-MC12,海外表記(国内から仕入れられない)
小川良,東3-T27-31,PASS
クローバセフティ,東7-T49-13,PASS
自然療法サロン ミモザ,東7-T49-02,PASS
（株）衣織,東7-T34-08,PASS
オキビジャパン,東2-T19-30,PASS
七福タオル,西2-T21-19,PASS
田中帽子店,西3-T43-14,PASS
（株）いけだ iroikoi,西1-T06-12,海外表記(国内から仕入れられない)
（株）sixinch.ジャパン,西4-T50-08,海外表記(国内から仕入れられない)
（株）池田工業社,東2-T12-45,PASS
（株）奥山商会,東2-T15-46,PASS
漆芸の友 うるしの光,西2-T26-09,PASS
（株）谷口,西3-T39-03,PASS
小倉織物（株）,西3-T39-04,PASS
クロビスベビー(FUNAZAWA),西1-T13-08,PASS
漆遊館（株）澤田与三八堂,西3-T41-11,PASS
（有）谷口清雅堂,西1-T06-17,PASS
池本刷子工業（株）,西2-T26-20,PASS
小栗（株）,西2-T27-11,PASS
SHITSURAE（シツラエ）,西3-T46-04-E,海外表記(国内から仕入れられない)
（株）TANI JAPAN,西1-T08-06,海外表記(国内から仕入れられない)
OCRU®,東8-T58-13,海外表記(国内から仕入れられない)
谷村実業（株）,西2-T31-14,PASS
（公財）石川県産業創出支援機構,西3-T39-03,PASS
OSAFUNE刀飾屋,西3-T41-09,PASS
黒部商工会議所,西2-T21-20,団体・自治体・教育機関(メーカーでない)
垣衣（同）,東2-T16-42,PASS
谷元フスマ工飾（株）,西1-T01-15,PASS
（一社）石川県繊維協会,西3-T39-04,団体・自治体・教育機関(メーカーでない)
オスカージャパン,東2-T19-33,PASS
グロリア,東3-T22-32,PASS
シフレ,西4-T57-06,PASS
（有）多葉刷子工業所,西1-T01-15,PASS
（有）石川漆宝堂,西3-T39-03,PASS
ケアイズム,東7-T41-35,PASS
石川特殊特急製本（株）,東2-T17-31,PASS
オスマック,西1-T12-04,PASS
（株）島精機製作所,東7-T44-26,PASS
多摩電子工業（株）,東3-T21-33,PASS
イシケン,西2-Ｔ25-10,PASS
オスマ マグネットバックル ウイルダネスエクスペリエンス,東7-SL02,PASS
KM名古屋ドール,西3-T44-11,PASS
（株）島田小割製材所,西3-T42-03,PASS
odds／toca,西1-T04-14,海外表記(国内から仕入れられない)
（株）螢雪社,東2-T12-37,PASS
嶋田陶器（株）,西3-T39-03,PASS
ODD SOX JAPAN／（株）3rd Place,東2-T13-36,海外表記(国内から仕入れられない)
ケイ・ホスピア,東7-T36-11,PASS
"SHIMANTO DOMEKI CO., LTD.",西1-AC-27,海外表記(国内から仕入れられない)
田谷漆器店,西3-T39-03,PASS
（株）井助商店,西1-T06-17,PASS
ONIASE／鬼汗,西4-GLS-09,海外表記(国内から仕入れられない)
K-MIRU,東3-T23-39,海外表記(国内から仕入れられない)
（株）清水硝子,西3-T42-03,PASS
TANG／La pelote inc.,東7-MC29,海外表記(国内から仕入れられない)
伊豆のわさび屋 山本食品,東7-Ｔ48-02,PASS
渓流,西4-T50-17,PASS
清水産業（株）,東2-T17-04,PASS
（有）竹苑,東2-T11-42,PASS
小野寺くるみ／うるし工房源樹,西3-T41-04,PASS
ジムマスター,東7-SL01,PASS
竹巧彩／chikukousai,西1-T07-07,海外表記(国内から仕入れられない)
市川木工,西3-T43-10,PASS
（有）小原文平漆器店,西3-T39-03,PASS
（株）KLMインターナショナル,東7-T47-20,PASS
JIMOTOTE（ジモトート）,西1-T09-07,PASS
CHISHIRO,東7-MC02,海外表記(国内から仕入れられない)
いちき串木野商工会議所,西3-T43-15,団体・自治体・教育機関(メーカーでない)
kbt.,西3-T40-04,海外表記(国内から仕入れられない)
下村企販（株）,西1-T01-03,PASS
（株）一九堂印刷所,西3-T42-03,PASS
月光洲（同）,西1-GL-04,PASS
下村工業（株）,東7-T42-06,PASS
チタン箸かつき,西3-T40-04,PASS
1秒で履けるスニーカー LAQUN,東8-T56-11,PASS
（株）折玉,西3-T40-04,PASS
kepani,東7-MC64,海外表記(国内から仕入れられない)
charm,西1-AC-09,海外表記(国内から仕入れられない)
（有）いち松（塗師屋いち松）,西3-T39-03,PASS
（株）元気,東7-T49-02,PASS
若越印刷（株）,西3-T40-04,PASS
（株）1684,西3-T42-06,海外表記(国内から仕入れられない)
ジャスト,東7-T35-27,PASS
（株）Chandni,東7-FS09,海外表記(国内から仕入れられない)
（株）一心社,東2-T17-42,PASS
ガーグル,東7-FS03,PASS
kengtaro,東7-T49-02,海外表記(国内から仕入れられない)
シヤチハタ,東2-T17-40,PASS
TUIN greenery（株）,西2-T37-01,海外表記(国内から仕入れられない)
逸品社,東1-T07-28,PASS
元窯・陶アトリエ花＊花,西3-T41-04,PASS
（独）,西3-T47-01,PASS
iPPUKU RELAX,東2-T19-30,海外表記(国内から仕入れられない)
CARBON-izm,西3-T44-10,海外表記(国内から仕入れられない)
（株）謙和,東3-T26-31,PASS
糸魚川産翡翠（（株）,東7-T33-23,PASS
.Garbon（人工レザー＆ノベルティ）／ねかせハイ,西2-Ｔ25-04,PASS
ジャパンワン,東3-T20-42,PASS
（有）伊藤金属総業,東7-T49-02,PASS
海南商工会議所,東7-T38-20,団体・自治体・教育機関(メーカーでない)
こい屋（村上鯉幟商会）,東2-T17-50,PASS
（有）沙羅,東7-FS06,PASS
（株）つえ屋,東7-T35-28,PASS
（同）いなかず商店／広川町商工会,西2-Ｔ25-06,団体・自治体・教育機関(メーカーでない)
加栄レース,東7-JB04,PASS
興亜産業（株）,東1-T10-15,PASS
洒楽斎（SYARAKUSAI）,東7-Ｔ48-02,海外表記(国内から仕入れられない)
辻󠄀一（株）,東7-T47-18,PASS
（株）稲庭うどん小川,西1-AC-31,PASS
香るあられ 新興製菓,西1-AC-33,PASS
（株）香彩堂,東7-T36-04,PASS
津市商工会,西1-GL-05,団体・自治体・教育機関(メーカーでない)
いなべ市商工会,西2-T34-17,団体・自治体・教育機関(メーカーでない)
加賀産業（株）,東7-T38-05,PASS
KOSHU ILLUSTRATIONS,東2-T16-12,海外表記(国内から仕入れられない)
JUNKS,東3-T23-44,海外表記(国内から仕入れられない)
（株）柿沼人形,西3-T42-03,PASS
ツジセル,東2-T11-16,PASS
（株）華玉,東3-T24-11,PASS
高知県産業振興センター,東7-T47-02,PASS
JUICE Indigo studio,西2-T21-20,海外表記(国内から仕入れられない)
（株）TSUNAGARI／HongKong Unni Limited,東3-T24-45,海外表記(国内から仕入れられない)
（株）井上,東7-T38-20,PASS
家具工房ムゥ,西1-T08-11,PASS
高波クリエイト,東2-T17-47,PASS
秀隆,西3-T42-11,PASS
燕三条地場産業振興センター,西3-T45-08,PASS
（株）井上企画,西1-T06-07,PASS
（株）岳南木工商会,西2-T20-21,PASS
宏福商事（同）,東8-T56-06,商社・代理店・デザイン(メーカー直でない)
JEWELIVES,東2-T18-21,海外表記(国内から仕入れられない)
燕チタン,西1-T01-03,PASS
井上企画・幡,西1-T05-07,PASS
KAKELA&TRANQUIL,東7-MC63,海外表記(国内から仕入れられない)
工房野良 天然素材 100％ 草木染め,東7-FS04,PASS
Jewel Kiriko,西3-T41-04,海外表記(国内から仕入れられない)
tsubura,東7-MC46,海外表記(国内から仕入れられない)
籠屋ハセガワ,西3-T41-04,PASS
光陽陶器（株）,西4-T54-08,PASS
寿光,西3-T42-11,PASS
DEAR PIPI,西1-T13-08,海外表記(国内から仕入れられない)
伊場仙,西3-T42-03,PASS
春日市商工会,西3-T45-05,団体・自治体・教育機関(メーカーでない)
KOEDO川越硝子（株）,東3-T24-39,PASS
しゅろのコトと。,東7-T38-20,PASS
デイアウト,東7-FS14,PASS
Emago／（株）,東7-MC51,海外表記(国内から仕入れられない)
gowell,東2-T13-28,海外表記(国内から仕入れられない)
JOIDART,東7-MC27,海外表記(国内から仕入れられない)
TNP（株）,東3-T27-47,海外表記(国内から仕入れられない)
iris｜HOKKAIDO WOOD LIGHTING,西1-T12-05,海外表記(国内から仕入れられない)
香すみ堂（株）,西3-T42-17,PASS
GOKAI メタルスタンド,東3-T26-44,PASS
イルプリモ,東7-SL16,PASS
華世商務（株）,西2-T20-07,PASS
（株）Cosy Homes,西2-T20-15,海外表記(国内から仕入れられない)
(有)正栄 曽根人形,西3-T42-11,PASS
ティーズファクトリー,西4-T57-06,PASS
岩泉龍泉炭,西3-T42-06,PASS
片岡商店,西3-T46-11,PASS
KOOSO,西1-AC-29,海外表記(国内から仕入れられない)
片岡屏風店,西3-T42-03,PASS
コーリュウ,東3-T29-04,PASS
精進（株）,東7-T48-17,PASS
ティーツーカンパニー,東7-T36-13,PASS
イワコーグローバル,東2-T10-38,PASS
KATAOZOME,西3-T43-03,海外表記(国内から仕入れられない)
GOLDEN FLASH MFG,東7-T44-27,海外表記(国内から仕入れられない)
（株）賞美堂本店,西1-T05-12,PASS
（有）岩佐表具店,西3-T44-15,PASS
（有）片力商事,西4-T57-03,商社・代理店・デザイン(メーカー直でない)
（株）正和,西2-T26-11,PASS
ティーライフ,西2-T20-01,PASS
KATURA,東7-T47-02,海外表記(国内から仕入れられない)
ゴールドバッハ（タオタロウ）,東2-T17-14,PASS
（株）食品企画,西3-T42-03,PASS
岩槻人形協同組合,西3-T42-11,団体・自治体・教育機関(メーカーでない)
加藤精工（株）,西3-T43-18,PASS
コールマン,西1-T10-02,PASS
DAYS,東7-MC58,海外表記(国内から仕入れられない)
いわての物産展等実行委員会・岩手県,西3-T42-06,団体・自治体・教育機関(メーカーでない)
加藤木工（株）,西3-T43-03,PASS
（株）KOKADO,東3-T23-06,海外表記(国内から仕入れられない)
ジョリコエンタープライズピーティワイリミテッド日本支店,東8-T52-06,PASS
Days,東7-SL15,海外表記(国内から仕入れられない)
カネ十農園,西1-T05-01,PASS
（有）五感,東7-T34-36,PASS
白雪ふきん,西2-T20-14,PASS
ティ,西4-T57-06,PASS
COQ KANAKO KAJIHARA,西1-T04-02,海外表記(国内から仕入れられない)
TTC（株）,東3-T27-12,海外表記(国内から仕入れられない)
国府町商工会,西3-T46-0１,団体・自治体・教育機関(メーカーでない)
シルバー,西1-T01-15,PASS
DETAIL OEM SERVICE,東3-T27-48,海外表記(国内から仕入れられない)
カノー,東8-T53-02,PASS
（株）新宮商行,西1-T12-05,PASS
ティトウリー,東7-MC28,PASS
kokochi-kigi,西1-AC-16,海外表記(国内から仕入れられない)
新宮商工会議所,東7-T49-20,団体・自治体・教育機関(メーカーでない)
（株）dinos,東3-T27-32,海外表記(国内から仕入れられない)
カブット,西2-T21-12,PASS
COCODOR,西2-T33-09,海外表記(国内から仕入れられない)
シンクレア,東3-T25-29,PASS
ディビット・ハウエル＆カンパニー,西1-T03-11,PASS
カミイソ,東2-T16-37,PASS
（株）信浩コーポレーション,西2-T27-20,PASS
（株）T.Y.T. TRADING,東3-T27-44,海外表記(国内から仕入れられない)
インパック,西2-T34-13,PASS
Camino,西3-T46-04-C,海外表記(国内から仕入れられない)
Kosaburou,東7-T34-32,海外表記(国内から仕入れられない)
TIMBR,西2-T21-20,海外表記(国内から仕入れられない)
iNFiZiTY,東2-T16-14,海外表記(国内から仕入れられない)
テクノアート,西2-T23-10,PASS
Kamiora,西1-AC-11,海外表記(国内から仕入れられない)
新東力,東8-T56-01,PASS
（株）IMPEX JAPAN,東7-SL20,海外表記(国内から仕入れられない)
KAMIKA,西3-T46-11,海外表記(国内から仕入れられない)
KODAMA TOKI,西1-AC-20,海外表記(国内から仕入れられない)
新徳丸（株）,西2-T27-16,PASS
decoráte,西1-T13-08,海外表記(国内から仕入れられない)
Wismettacフーズ,西4-T57-06,海外表記(国内から仕入れられない)
神玉工房／糸魚川産翡翠,東7-T33-23,PASS
Cotch Kurumi Accessory,西1-AC-07,海外表記(国内から仕入れられない)
ヴィダエックスエル,西4-T50-19,PASS
紙力 -KAMIZIKARA-,西3-T46-11,海外表記(国内から仕入れられない)
Godisru,西3-T42-03,海外表記(国内から仕入れられない)
SHINYOU,東3-T29-28,海外表記(国内から仕入れられない)
香美町商工会,西3-T42-17,団体・自治体・教育機関(メーカーでない)
コトブキ被服（有）,東7-T34-28,PASS
飲むだけで森林浴 森林浴茶,西3-T42-17,PASS
（株）Design Store,西3-T39-03,海外表記(国内から仕入れられない)
カミナガ販売（株）,東7-T48-15,PASS
紙模様,西3-T41-04,PASS
COPACK,西1-AC-01,海外表記(国内から仕入れられない)
（株）粋笑,東8-T57-29,PASS
WIN PLUS（株）,東3-T21-40,海外表記(国内から仕入れられない)
（株）神谷商会,西1-T06-17,PASS
小林工業（株）,西3-T45-08,PASS
Digiwell,東3-T26-47,海外表記(国内から仕入れられない)
WooBia Japan,西2-T37-16,海外表記(国内から仕入れられない)
（株）上山織物,東3-T27-35,PASS
ZOO,東7-MC55,海外表記(国内から仕入れられない)
手刺繡工房ラジュー,東7-MC06,PASS
ウーブンナック,西3-T39-04,PASS
亀染屋(亀﨑染工（有）),西3-T43-15,PASS
co-bo-no／（株）丸勝,西1-T07-16,海外表記(国内から仕入れられない)
スーパー生木ラボ,西1-T06-02,PASS
デジタルランド,東8-T55-14,PASS
HEUREUX（ウゥル）,東7-Ｔ48-02,海外表記(国内から仕入れられない)
カメヤ食品（株）,西1-AC-32,PASS
小松商工会議所,西3-T46-02,団体・自治体・教育機関(メーカーでない)
（株）SKY DEER,西3-T43-03,海外表記(国内から仕入れられない)
TesseHongo,西1-T01-13,海外表記(国内から仕入れられない)
ヴェクスセット,西2-T35-11,PASS
加陽印刷（株）,東2-T16-49,PASS
skyfish（運営会社：,東3-T21-38,PASS
てのひら／（同)PlusRootsJapan,西1-T06-06,海外表記(国内から仕入れられない)
（株）華陽テクノ・プラザ,東2-T11-37,PASS
米印製麺,西1-AC-30,PASS
（株）須賀川シューパーツ,西1-T11-02,PASS
Webおかん,東2-T19-30,PASS
comodesukoyaka・ （株）木下染工場,東7-T47-20,海外表記(国内から仕入れられない)
須賀川商工会議所,西1-T11-02,団体・自治体・教育機関(メーカーでない)
デボラ,東7-T45-22,PASS
（株）WelleW,東7-FS14,海外表記(国内から仕入れられない)
Deli／得力東京（株）,西2-T31-03,PASS
ウォームアーツ,西1-T01-03,PASS
カラビナマニア,西3-T46-11,PASS
（有）小山カバーリング,西3-T39-03,PASS
すかや呉服店,西3-T45-02,PASS
うおづら,東2-T15-12,PASS
CALINER,東7-MC49,海外表記(国内から仕入れられない)
紙製品のコヨミックス,東2-T15-48,PASS
SUGY JAPAN,西1-T05-11,海外表記(国内から仕入れられない)
（株）天空│オリジナルPC・中国OEM貿易代行,東2-T18-43,商社・代理店・デザイン(メーカー直でない)
Walt Technology Japan,東2-T10-18,海外表記(国内から仕入れられない)
刈谷商工会議所,西3-T43-18,団体・自治体・教育機関(メーカーでない)
（株）杉田靴下／広陵町商工会,東7-T39-35,団体・自治体・教育機関(メーカーでない)
天板屋®／コバヤシ産業（株）,西4-T49-10,PASS
ウォルナット／ルーツポーチ,西2-T38-15,PASS
カルチュア・エンタテインメント,東2-T16-26,PASS
すぎのか,西1-T09-03,PASS
うきは市商工会,西2-T26-08,団体・自治体・教育機関(メーカーでない)
カルペディエム,東2-T19-30,PASS
colulu,東2-T17-24,海外表記(国内から仕入れられない)
杉山金属（株）,西1-T01-01,PASS
toy-spice!,西1-AC-15,海外表記(国内から仕入れられない)
うごく,東3-T27-19,PASS
Garage T.E.G.K.,西1-T01-12,海外表記(国内から仕入れられない)
これいい和,西3-T42-04,PASS
スケーター,西4-T57-06,PASS
東亜金属（株）,東1-T08-37,PASS
UZ Fabric,東7-MC13,海外表記(国内から仕入れられない)
カロスビューティーテクノロジー,東7-T50-15,PASS
コレミタコトナイ,西1-T13-02,PASS
助野（株）,東7-T37-24,PASS
真鍮建築金物ドゥーブ ジャパン,西4-T49-06,PASS
カワイ,西4-T55-10,PASS
コンセル,西1-T13-08,PASS
SQUALL. INC,東7-SL08,海外表記(国内から仕入れられない)
東栄産業（株）,東2-T18-04,PASS
（有）内田販売システム,西3-T42-06,PASS
川上織物（株）,東7-JB03,PASS
CONSENTABLE,西3-T44-10,海外表記(国内から仕入れられない)
逗子市商工会,西1-T07-09,団体・自治体・教育機関(メーカーでない)
東海光学（株）,東7-T42-10,PASS
gondoa,東7-MC12,海外表記(国内から仕入れられない)
ウッディプッディ／TIMBLO,東3-T24-34,PASS
川口指物家具工房,西3-T45-17,PASS
寿々なり堂,東2-T19-30,PASS
（株）東京かんかん,西2-T25-03,PASS
(同)ウッドアート楽,西3-T44-03,PASS
川﨑（株）,西1-T01-03,PASS
（株）Stylus,東3-T25-38,海外表記(国内から仕入れられない)
（株）東京交易,西2-T23-15,PASS
Woodupp／Scandinavian Housing,西4-T51-12,海外表記(国内から仕入れられない)
KONTON／ヤマテー,西2-T36-03,PASS
スタイルオン,東7-T35-02,PASS
（株）東京商工社,西3-T42-03,PASS
河野製紙(株),東7-T47-02,PASS
STUDIO SCREW,西3-T46-11,海外表記(国内から仕入れられない)
とうきょうの木 魅力発信拠点 TOKYO MOKUNAVI,西1-T06-01,PASS
（株）WoodHead,西3-T45-17,海外表記(国内から仕入れられない)
コンプロエス,東3-T28-37,PASS
STALLION JAPAN,東3-T24-24,海外表記(国内から仕入れられない)
はてな企画,西1-T05-20,PASS
菩提樹,西3-T45-09,PASS
（株）ユナイテッドレザー,東7-SL04,PASS
"DONGGUAN LEATCH INDUSTRIAL CO., LTD.",南2-T09-24,海外表記(国内から仕入れられない)
padova,東7-MC48,海外表記(国内から仕入れられない)
HOKKAIDO WOOD／北海道の木で、できたモノ,西1-T12-05,PASS
（株）ユニーク,東3-T27-51,PASS
DONGGUAN LIANFA HANDBAG PRODUCTS COMPANY LIMITED,南2-T14-28,海外表記(国内から仕入れられない)
華ごろ-フラワー空間デザイン-,西2-T29-15,PASS
BOXSCAPE,西3-T46-11,海外表記(国内から仕入れられない)
ユニオンクリエイティブ,東2-T12-44,PASS
"DONGGUAN MEMEDA PHOTOELECTRICITY TECHNOLOGY CO., LTD.",南2-T09-16,海外表記(国内から仕入れられない)
パナソニック ハウジングソリューションズ,西4-T49-12,PASS
bosje／PLYWOOD laboratory,西1-T12-05,海外表記(国内から仕入れられない)
ユニオンビズ,西4-T49-02,PASS
"DONGGUAN MHC INDUSTRIAL CO., LTD.",南2-T09-12,海外表記(国内から仕入れられない)
（株）花光,西2-T26-18,PASS
Poshdeco,東2-T17-10,海外表記(国内から仕入れられない)
（株）ユミトルインポート,西3-T43-01,商社・代理店・デザイン(メーカー直でない)
"DONGGUAN NORDA IM TECHNOLOGY CO., LTD.",南2-T12-33,海外表記(国内から仕入れられない)
東京ビジネスデザインアワード事務局,西1-T02-10,PASS
Panenka,西1-AC-24,海外表記(国内から仕入れられない)
（株）ユメミグサ,東7-T48-22,PASS
"DONGGUAN PADMAT RUBBER CO., LTD.",南2-T12-01,海外表記(国内から仕入れられない)
東京ベーシック,東7-T34-37,PASS
ペルシャ絨毯 バハール,西2-T30-25,PASS
ゆわて吉田工業（株）,西3-T42-06,PASS
"DONGGUAN PEENTO GIFTS CO., LTD.",南2-T12-06,海外表記(国内から仕入れられない)
東京未来素材,東3-T27-21,PASS
ハビッツ,東7-T39-36,PASS
pot-pourri,東7-MC60,海外表記(国内から仕入れられない)
ヨイドレ,東2-T16-22,PASS
"DONGGUAN PENGZE GIFTS CO., LTD.",南2-T11-13,海外表記(国内から仕入れられない)
東玉,西3-T42-11,PASS
ハマゼン和装,西3-T44-04,PASS
堀内鏡工業（株）,西1-T12-04,PASS
"DONGGUAN PINSHUO CRAFT & GIFT CO., LTD.",南2-T12-14,海外表記(国内から仕入れられない)
to/芸 Mouth Sense,西1-T06-05,海外表記(国内から仕入れられない)
濱文様,西3-T43-06,PASS
（有）堀江陶器,西1-T07-05,PASS
用美（ヤマコー,西2-T26-10,PASS
"DONGGUAN SANSAN CULTURAL INDUSTRY CO., LTD.",南1-T06-08,海外表記(国内から仕入れられない)
東光,東7-FS14,PASS
ハヤシ商事(株),東7-T47-02,商社・代理店・デザイン(メーカー直でない)
Holomua（株）,西2-T30-10,海外表記(国内から仕入れられない)
ヨークス,西3-T39-12,PASS
"DONGGUAN SIQUAN GIFT TECHNOLOGY CO., LTD.",南1-T06-04,海外表記(国内から仕入れられない)
東盛商事（株）,西2-T28-18,商社・代理店・デザイン(メーカー直でない)
YOJOTAPE ＋9P,東2-T16-08,海外表記(国内から仕入れられない)
"DONGGUAN SONGTIAN ARTS AND CRAFTS CO., LTD.",南2-T11-02,海外表記(国内から仕入れられない)
陶房くるみ,西1-T05-20,PASS
原宿Picnic,東2-T14-28,海外表記(国内から仕入れられない)
ヨコズナクリエーション,西2-T27-10,PASS
"DONGGUAN TAIMENG ACCESSORIES CO., LTD.",南2-T10-36,海外表記(国内から仕入れられない)
TOHMA,西4-T51-08,海外表記(国内から仕入れられない)
ホンクンのネコ,東2-T16-15,PASS
"DONGGUAN TIANQIAO RIBBON CO., LTD.",南1-T06-14,海外表記(国内から仕入れられない)
HARIO Lampwork Factory,西1-T05-03,海外表記(国内から仕入れられない)
POMTATA,西1-T04-10,海外表記(国内から仕入れられない)
"DONGGUAN XIN CHENG BADGE AND PRESENT CO., LTD.",南2-T12-23,海外表記(国内から仕入れられない)
東洋医学の郷,西3-T40-09,PASS
"DONGGUAN YINGDONG TECHNOLOGY CO., LTD.",南1-T07-22,海外表記(国内から仕入れられない)
東洋スチール,西1-T11-09,PASS
"DONGGUAN YU YANG CHENG TECHNOLOGY CO., LTD.",南2-T15-38,海外表記(国内から仕入れられない)
東洋精密工業（株）,東2-T15-42,PASS
マークメーカー,東7-SL03,PASS
ヨシダ工業（株),東7-T49-21,PASS
"DONGGUAN YUNXIANG WOODEN HANDICRAFTS CO., LTD.",南1-T05-07,海外表記(国内から仕入れられない)
（株）東洋石創,西3-T44-04,PASS
播州織／多可町商工会,東7-JB03,団体・自治体・教育機関(メーカーでない)
marble SUD,西1-AC-12,海外表記(国内から仕入れられない)
吉田産業（株）,東1-T09-12,PASS
"DONGGUAN ZHANHONG WEAVING STRING CO., LTD.",南2-T10-26,海外表記(国内から仕入れられない)
maia,西2-T36-03,海外表記(国内から仕入れられない)
"DONGGUAN ZUYA BAGS & LEATHER CO., LTD.",南2-T09-01,海外表記(国内から仕入れられない)
東隆（株）,東7-T46-28,PASS
吉田 司,西3-T39-04,PASS
"DONGYANG LUOSHAN LEISURE PRODUCTS CO., LTD.",南2-T13-11,海外表記(国内から仕入れられない)
（株）陶和,東1-T07-34,PASS
BUMPY／広島化成（株）,西1-T04-04,PASS
Myfamily,東2-T18-13,海外表記(国内から仕入れられない)
YOSHIDAYASURI,西1-T01-03,海外表記(国内から仕入れられない)
"DR.EASY BIO-TECH(HEFEI)CO., LTD.",南2-T14-12,海外表記(国内から仕入れられない)
TOA CORPORATION,東7-MC43,海外表記(国内から仕入れられない)
バンブープラネタリウム工房,西1-T07-09,PASS
（株）MyBest,東1-T09-37,海外表記(国内から仕入れられない)
義恒,東3-T27-38,PASS
EAST CHINA FAIR,東3-T27-52,海外表記(国内から仕入れられない)
播縫製工場,東7-FS02,PASS
マイン,東3-T28-15,PASS
（株）吉徳,東2-T11-44,PASS
ENVITEK(CHINA)LTD.,南1-T08-32,海外表記(国内から仕入れられない)
（株）万雷商事,東2-T18-40,商社・代理店・デザイン(メーカー直でない)
前沢クラフト,西2-T21-20,PASS
（株）YONEDA,西3-T44-10,海外表記(国内から仕入れられない)
"ESENTIAL TECHNOLOGY CO., LIMITED",南1-T05-23,海外表記(国内から仕入れられない)
ビーイング,東7-T36-23,PASS
"EVERICH AND TOMIC HOUSEWARES CO., LTD.",南1-T04-04,海外表記(国内から仕入れられない)
前商事（株）,東3-T23-45,商社・代理店・デザイン(メーカー直でない)
FANCY I/E(YANGZHOU) CORPORATION,南2-T10-11,海外表記(国内から仕入れられない)
（株）BMZ,東7-T37-36,海外表記(国内から仕入れられない)
前田工業（株）Recipe／PENNY LANE,西1-T08-12,海外表記(国内から仕入れられない)
"FERROGOLD TECHNOLOGY CO., LTD.",南2-T10-28,海外表記(国内から仕入れられない)
（株）前田屋／petitemaman（ぷちままん）,東7-T34-31,PASS
Laito～Daily tattoo～,西1-AC-05,海外表記(国内から仕入れられない)
"FIRE-WOLF ELECTRONICS CO., LTD.",東3-Ｔ27-45,海外表記(国内から仕入れられない)
TOKOTOYZ,東2-T17-07,海外表記(国内から仕入れられない)
"FOAMTECH (ZHEJIANG) NEW MATERIALS CO., LTD.",南2-T13-12,海外表記(国内から仕入れられない)
（有）土佐通信,東7-T47-02,PASS
（株）PGA,東2-T19-27,海外表記(国内から仕入れられない)
ライブリーライフ,東2-T19-39,PASS
"FOSHAN KOEDA ELECTRIC APPLIANCE CO., LTD.",南2-T13-19,海外表記(国内から仕入れられない)
TOSHIKO NAKANO,東7-T34-33,海外表記(国内から仕入れられない)
（株）ラインズ 2027年～2028年秋冬、2028年春夏テキスタイルコレクション,東7-FS16,PASS
"FOSHAN LIFECODE ELECTRONIC TECH.CO., LTD.",南2-T09-17,海外表記(国内から仕入れられない)
豊島屋本店,西3-T42-03,PASS
（株）Peace,東1-T09-41,海外表記(国内から仕入れられない)
升井彩本乾漆,西3-T39-03,PASS
"FOSHAN MICOVIBE COOKWARE CO., LTD.",南2-T14-16,海外表記(国内から仕入れられない)
TOSSDICE Inc.／BBH,西2-T30-02,海外表記(国内から仕入れられない)
B-Style Company,東7-T43-21,海外表記(国内から仕入れられない)
マスコジャパン,東3-T28-45,PASS
RuggedSear,西1-GL-01,海外表記(国内から仕入れられない)
"FOSHAN NANHAI HUISEN PLEXIGLASS CRAFTS CO., LTD.",南2-T14-35,海外表記(国内から仕入れられない)
（有）戸田商行,東7-T47-02,PASS
マスターウォール コーヒー／カフェ,西2-T29-10,PASS
La遇,西3-T44-02,PASS
戸田デザイン研究室,西1-T03-16,商社・代理店・デザイン(メーカー直でない)
（株）bpbp,東3-T26-20,海外表記(国内から仕入れられない)
マストプラニング,西1-T13-08,PASS
ラクファースト,東3-T25-17,PASS
"FOSHAN SPEEDFROG ELECTRONIC TECHNOLOGY CO., LTD.",南2-T15-36,海外表記(国内から仕入れられない)
トップマン工業（株）,東7-T38-27,PASS
PEEP ZOOM,西1-T13-08,海外表記(国内から仕入れられない)
増成織ネーム,東3-T26-04,PASS
当たりつき靴下 ラッキーソックス,東7-T44-28,PASS
"FUJI NEW ENERGY (NANTONG) CO., LTD.",南1-T03-31,海外表記(国内から仕入れられない)
ととのう とっとり,西4-GLS-05,PASS
真多呂人形,西3-T42-03,PASS
ラドンナ／KONCIWA,東7-T37-04,PASS
"FUJIAN DEHUA JOYME INDUSTRY AND TRADE CO., LTD.",南2-T15-11,海外表記(国内から仕入れられない)
TOPYU,東7-T48-10,海外表記(国内から仕入れられない)
People Tree,西2-Ｔ25-16,海外表記(国内から仕入れられない)
町工場プロダクツ,西3-T46-11,PASS
"FUJIAN JICHENG UMBRELLA CO., LTD.",南1-T07-07,海外表記(国内から仕入れられない)
トマトランド,東3-T26-24,PASS
ヒオリエ,西2-T22-16,PASS
（株）松浦,東3-T23-38,PASS
"FUZHOU NINESTARS INTERNATIONAL TRADE CO., LTD.",南1-T07-13,海外表記(国内から仕入れられない)
富岡市妙義商工会,東7-T45-27,団体・自治体・教育機関(メーカーでない)
東近江市商工会／（株）青地ライフクリエイト,西3-T45-12,PASS
松尾（株）,東7-MC38,PASS
Lapita,西4-GLS-02,海外表記(国内から仕入れられない)
"GAOMI TIANFU TEXTILE CO., LTD.",南2-T14-19,海外表記(国内から仕入れられない)
TOMIGAYAレタープレス,西1-T03-12,PASS
東近江市商工会／（株）竹六商店,西3-T45-03,PASS
（株）松尾陶器,西4-T54-14,PASS
"GLOBAL ART GIFTS CO., LTD.",南2-T11-35,海外表記(国内から仕入れられない)
富ヶ谷レタープレス,西3-T42-03,PASS
（株）光サプライズ,東2-T18-44,PASS
（株）松川レピヤン,西3-T40-04,PASS
"GLOBE UNION MANUFACTURING CO., LTD.",南2-T12-26,海外表記(国内から仕入れられない)
Tomtoc／FAND DREAM／MOFT,東2-T18-36,海外表記(国内から仕入れられない)
光商事,東2-T17-12,商社・代理店・デザイン(メーカー直でない)
マック,西1-T08-09,PASS
Lovely Smile,東3-T27-18,海外表記(国内から仕入れられない)
"GOLDSANG(DONGGUAN) SILICONE AND RUBBER PRODUCTS CO., LTD.",南2-T11-03,海外表記(国内から仕入れられない)
マックス,東2-T16-38,PASS
"GUANGDONG ARTMU TECHNOLOGY CO., LTD.",南1-T05-27,海外表記(国内から仕入れられない)
ラミーナブティック,東7-T45-27,PASS
"GUANGDONG CARORI HOLDING GROUP CO., LTD.",東8-T55-05,海外表記(国内から仕入れられない)
Pixel Zipper Japan,東2-T14-38,海外表記(国内から仕入れられない)
松阪香肌商工会,東7-T46-19,団体・自治体・教育機関(メーカーでない)
la miseto │YORODUYA TRADE（日本展開ブランド）,西1-T13-06,海外表記(国内から仕入れられない)
"GUANGDONG CHUANGGE PACKAGING CO., LTD.",南2-T12-27,海外表記(国内から仕入れられない)
（株）友桝飲料,西4-GLS-10,PASS
ビクトリノックス,西1-T08-05,PASS
松下ラゲッジ,東7-FS19,PASS
"GUANGDONG FUCHANG STATIONERY CO., LTD.",南2-T12-31,海外表記(国内から仕入れられない)
豊岡商工会議所,西3-T45-04,団体・自治体・教育機関(メーカーでない)
Pickles Works,西1-AC-34,海外表記(国内から仕入れられない)
松永,西3-T42-11,PASS
Lumberjack×Craft,西3-T40-04,海外表記(国内から仕入れられない)
"GUANGDONG HENGLITAI CRAFTS CO., LTD.",南2-T08-21,海外表記(国内から仕入れられない)
トヨタ自動車（株）,東2-T14-22,PASS
（株）美研繊維 布小物OEM,東7-T36-32,PASS
荒物・暮らしの道具 松野屋,西1-T05-02,PASS
ランパス,東7-T43-26,PASS
"GUANGDONG HOLLON PLASTIC TECHNOLOGY CO., LTD.",南2-T12-07,海外表記(国内から仕入れられない)
Map Design GALLERY／ゼンリン,東2-T16-40,海外表記(国内から仕入れられない)
Reach Will魔法瓶（株）,東8-T58-08,海外表記(国内から仕入れられない)
"GUANGDONG ODORKEY MANUFACTURING CO., LTD.",南2-T15-22,海外表記(国内から仕入れられない)
（株）菱屋,西1-T12-04,PASS
（株）松村商店,東3-T23-20,PASS
"GUANGDONG SHUNDE ZUNCHENG ELECTRONIC TECHNOLOGY CO., LTD.",南2-T10-22,海外表記(国内から仕入れられない)
ヒストリーパーク塚原,東7-T48-16,PASS
松本商店,西3-T43-04,PASS
GUANGDONG TRAVELICONS HEALTH TECHNOLOGY LIMITED,南2-T14-22,海外表記(国内から仕入れられない)
トライニスト,西4-T50-03,PASS
ひだか和紙（有）,東7-T47-02,PASS
material michemon（神話と伝説®）,東2-T16-16,海外表記(国内から仕入れられない)
"GUANGDONG YINXIAOQIAN ELECTRONIC TECHNOLOGY CO., LTD.",南2-T09-28,海外表記(国内から仕入れられない)
日田市役所,西3-T44-03,PASS
まめまめ工房秘密基地,東2-T15-14,PASS
Reela,西1-T05-20,海外表記(国内から仕入れられない)
GUANGDONG YIXING NEW MATERIAL,南1-T05-36,海外表記(国内から仕入れられない)
日田商工会議所,西3-T44-03,団体・自治体・教育機関(メーカーでない)
MALAIKA made in Japan,東7-FS17,海外表記(国内から仕入れられない)
リオグループホールディングス,西2-T22-23,PASS
"GUANGDONG YUEFENG DISPLAY PRODUCT CO., LTD.",南2-T09-37,海外表記(国内から仕入れられない)
TRUST・LEAGUE,東7-SL18,海外表記(国内から仕入れられない)
日田地区商工会,西3-T44-03,団体・自治体・教育機関(メーカーでない)
丸榮日産（株）,西4-T57-06,PASS
リカシツ,西3-T42-03,PASS
"GUANGZHOU BAICHUAN DIGITAL EQUIPMENT CO., LTD.",南2-T09-02,海外表記(国内から仕入れられない)
TransFortune,東2-T19-30,海外表記(国内から仕入れられない)
（株）PiPPi De Happy Company,東7-FS20,海外表記(国内から仕入れられない)
（株）丸叶むらた,西2-T33-01,PASS
"GUANGZHOU CML OUTDOOR GOODS CO., LTD.",南1-T06-10,海外表記(国内から仕入れられない)
（株）VIPグローバル,東7-T39-20,PASS
（株）丸幸中島 灶師 Touji,西3-T41-14,PASS
リス,西1-T12-09,PASS
"GUANGZHOU JING LIANG CAI PRINTING CO., LTD.",南2-T14-33,海外表記(国内から仕入れられない)
（株）HIPPS LABORATORIES,東8-T57-21,海外表記(国内から仕入れられない)
リソックラボ,西2-Ｔ25-22,PASS
"GUANGZHOU STYLING LIFE CO., LTD.",東8-T55-01,海外表記(国内から仕入れられない)
ドリームズ,東2-T10-30,PASS
HIP LIK JAPAN（株）,東2-T16-46,海外表記(国内から仕入れられない)
MARCO+TO,西1-AC-08,海外表記(国内から仕入れられない)
RI-CO #再生備前シリーズ,西1-T06-09,PASS
"GUANGZHOU TONGXING HOUSEHOLD PRODUCTS CO., LTD.",南2-T08-05,海外表記(国内から仕入れられない)
DREAMBEER,西4-T52-02,海外表記(国内から仕入れられない)
"GUANGZHOU ZIMORE GIFT CO., LTD.",南2-T14-26,海外表記(国内から仕入れられない)
ドリームブロッサム,東3-T25-45,PASS
（株）vinos,東7-T40-27,海外表記(国内から仕入れられない)
（株）丸三,東2-T10-12,PASS
リバイア,西2-T26-19,PASS
"GUDE NAIL ACCESSORY (DONGGUAN) CO., LTD.",南2-T08-11,海外表記(国内から仕入れられない)
（株）HINODEYA,西2-T38-19,海外表記(国内から仕入れられない)
マルサン近藤／M-mode,西1-T07-20,PASS
"HANDAN ZHONGAN FOUNDRY CO., LTD.",南1-T07-14,海外表記(国内から仕入れられない)
トリニティ,東2-T19-45,PASS
ビバ工芸,西2-T35-08,PASS
リブウェル,西2-T30-18,PASS
"HANGZHOU BONYEE DAILY NECESSITY TECHNOLOGY CO., LTD.",南1-T04-28,海外表記(国内から仕入れられない)
DOLCE’S,西2-T38-16,海外表記(国内から仕入れられない)
丸七製茶(株),東7-Ｔ48-02,PASS
"HANGZHOU FORTUNE ECO PRODUCTS CO., LTD.",南1-T08-24,海外表記(国内から仕入れられない)
DOLFI市松ジャパン,東2-T19-30,PASS
木材加工ひらもく,西4-T52-13,PASS
（株）丸昌,東2-T12-02,PASS
（株）LIV PLUS,東7-T36-18,海外表記(国内から仕入れられない)
"HANGZHOU HONY TECHNOLOGY CO., LTD.",南2-T10-25,海外表記(国内から仕入れられない)
（有）平賢,東7-JB04,PASS
（株）丸仁,西3-T40-04,PASS
リボントレーディング,東8-T58-06,PASS
"HANGZHOU JIUYI HOME TEXTILE CO., LTD.",南1-T08-02,海外表記(国内から仕入れられない)
ヒルトップ,東7-T49-28,PASS
丸眞（株）,西4-T57-06,PASS
（株）LeMix,東7-MC35,海外表記(国内から仕入れられない)
"HANGZHOU SPECIAL NONWOVENS CO., LTD.",南2-T11-34,海外表記(国内から仕入れられない)
トロイカ,東2-T16-34,PASS
丸信テルタック,西1-T07-06,PASS
"HANGZHOU ZHIXINGBIAN SUPPLY CHAIN CO., LTD.",南2-T12-24,海外表記(国内から仕入れられない)
トワル,西4-T56-13,PASS
丸全（株）,西3-T41-17,PASS
LIMPIU,東7-T37-35,海外表記(国内から仕入れられない)
HAOYU SMART TECH LTD.,南1-T07-26,海外表記(国内から仕入れられない)
ドングバット・DONGGUBAT,西2-T33-13,PASS
丸高衣料（株）,西1-T13-08,PASS
HARFORD HOUSEWARE LIMITED,南1-T06-12,海外表記(国内から仕入れられない)
内外典具帖紙（株）,東7-T47-02,PASS
龍宮（株）,西2-T26-08,PASS
"HENAN OPENNING NETWORK TECHNOLOGY CO., LTD.",南2-T10-35,海外表記(国内から仕入れられない)
広島県央商工会,西1-T08-11,団体・自治体・教育機関(メーカーでない)
丸菱工業（株）,東7-T49-16,PASS
龍田貿易,東3-T28-01,商社・代理店・デザイン(メーカー直でない)
"HENAN YULITEPROMTOINO CO., LTD.",南2-T09-35,海外表記(国内から仕入れられない)
（株）龍都ジャパン,東3-T24-04,PASS
"HEYUAN HISEN GIFTS MANUFACTURING CO., LTD.",南2-T09-04,海外表記(国内から仕入れられない)
（株）内藤デザイン研究所,東1-T08-04,PASS
廣田硝子,西3-T42-03,PASS
（株）マルヒ肥田陶器／土岐市陶磁器卸業協同組合,東3-T29-12,団体・自治体・教育機関(メーカーでない)
"HEYUAN XINGCAI TECHNOLOGY CO., LTD.",南1-T03-36,海外表記(国内から仕入れられない)
（株）那賀ウッド,西3-T45-17,PASS
丸安洋傘（株）,西1-T12-04,PASS
Relation Kaori Labo,西3-T40-04,海外表記(国内から仕入れられない)
HIGHER FLY TOYS LTD,南1-T05-34,海外表記(国内から仕入れられない)
FARM／Brown.,西2-T36-03,海外表記(国内から仕入れられない)
丸山繊維産業（株）-Nawrap-,西3-T40-12,PASS
凜,東7-FS07,PASS
"HUAIAN DREAMING HOUSEHOLD ARTICLES CO., LTD.",南2-T11-04,海外表記(国内から仕入れられない)
長尾織布(名),西4-SO-20,PASS
ファイヤーサイド,西2-T34-07,PASS
丸和貿易,東3-T25-28,商社・代理店・デザイン(メーカー直でない)
"HUAIAN MIMIR ELECTRIC APPLIANCE CO., LTD.",東8-T55-04,海外表記(国内から仕入れられない)
中茂国際（株）,東3-T29-18,PASS
（株）vanafnu,東7-T50-07,海外表記(国内から仕入れられない)
マンハッタナーズ by マルショウエンドウ,東1-T10-35,PASS
Rinco de Ringo／RingoDesignWorks,東2-T15-16,海外表記(国内から仕入れられない)
"HUAXING INDUSTRIAL CO., LTD.",南2-T10-10,海外表記(国内から仕入れられない)
ファングッズ,東3-T23-34,PASS
Mio,西1-GL-05,海外表記(国内から仕入れられない)
りんりん制作事ム所,西3-T44-04,PASS
"HUIZHOU FUCHENG PRINTING CO., LTD.",東8-T55-08,海外表記(国内から仕入れられない)
（株）美織～日本の伝統工芸から生まれる新しい価値～,西3-T42-12,PASS
ROOT CO.,東3-T25-13,海外表記(国内から仕入れられない)
"HUIZHOU YOUKE GIFT MANUFACTURING CO., LTD.",南2-T09-14,海外表記(国内から仕入れられない)
中嶋ビニール商会（株）,東3-T27-17,PASS
（株）funbox,東1-T08-12,海外表記(国内から仕入れられない)
LUXTEN,西4-T49-04,海外表記(国内から仕入れられない)
"HUZHOU AISHANG NURSING PRODUCTS CO., LTD.",南1-T07-32,海外表記(国内から仕入れられない)
中商,西1-T06-12,PASS
FUN／MrRemakeMan,東7-SL09,海外表記(国内から仕入れられない)
Mr.Nomads 酷暑対策商品,東7-T47-15,PASS
LE FOON,東7-MC39,海外表記(国内から仕入れられない)
HY-MAX DESIGNS ENTERPRISES LTD.,南2-T12-25,海外表記(国内から仕入れられない)
那賀町商工会,西3-T45-17,団体・自治体・教育機関(メーカーでない)
テラリウム専門店Feel The Garden,西2-T38-18,PASS
水野ミリナー,東7-T45-12,PASS
LumiKA+〈ルミカプラス〉,東7-T42-20,PASS
"INNER MONGOLIA DASHENGYE CASHMERE PRODUCTS CO., LTD.",南1-T02-13,海外表記(国内から仕入れられない)
V.D.L.C.,西2-T26-25,海外表記(国内から仕入れられない)
MISOKA,東7-T40-31,海外表記(国内から仕入れられない)
Leapepe,西1-T13-08,海外表記(国内から仕入れられない)
"JIANGMEN NOSTOP ELECTRIC CO., LTD.",南2-T10-32,海外表記(国内から仕入れられない)
（株）仲富,東3-T29-52,PASS
Philip Lumbang／NUTMEG ATHLETIC DEPT.／NUTMEG MILLS,東7-SL06,海外表記(国内から仕入れられない)
Leshy forest,東7-MC04,海外表記(国内から仕入れられない)
"JIANGMEN YINGYOU TRADING CO., LTD.",南2-T13-07,海外表記(国内から仕入れられない)
fusendo by 四国団扇,西3-T43-12,海外表記(国内から仕入れられない)
Michi-Global,西3-T44-10,海外表記(国内から仕入れられない)
LEKT・SO／（株）BATON,西1-AC-10,海外表記(国内から仕入れられない)
"JIANGSU BETTER TOYS IMP./EXP. CO., LTD.",南2-T08-01,海外表記(国内から仕入れられない)
孚美（FūūBi）,西1-T02-02,PASS
三益（株）,西2-T21-10,PASS
レザーシティジャパン,東7-T35-18,PASS
"JIANGSU COMPLETE SINCERITY MEDICAL NEW MATERIALS CO., LTD.",南1-T08-22,海外表記(国内から仕入れられない)
中村精工（株）,西3-T45-08,PASS
FOLKIN'／VIOLETTE ROOM,西1-T05-05,海外表記(国内から仕入れられない)
三金商事（株）,東2-T18-51,商社・代理店・デザイン(メーカー直でない)
"JIANGSU FORTUNE NEW MATERIAL TECHNOLOGY CO., LTD.",南1-T07-28,海外表記(国内から仕入れられない)
フォー・コーポレーション,東2-T10-08,PASS
レトラ／レトラ デコ,西2-T23-07,PASS
"JIANGSU HENGMAO NEW MATERIALS TECHNOLOGY CO., LTD.",南2-T10-03,海外表記(国内から仕入れられない)
中山家具（株）,西4-T49-20,PASS
（有）4th-market,西1-T05-10,海外表記(国内から仕入れられない)
ミドリオートレザー,西3-T46-04-A,PASS
"JIANGSU HONGZERUI MEDICAL TECHNOLOGY CO., LTD.",南2-T11-06,海外表記(国内から仕入れられない)
FortyFive Co.,東2-T19-30,海外表記(国内から仕入れられない)
みどり製菓（株）,西1-T12-04,PASS
REN,西3-T42-03,海外表記(国内から仕入れられない)
"JIANGSU SAMPLY HOMEWARE CO., LTD.",南1-T04-13,海外表記(国内から仕入れられない)
forest（株）,東7-T48-28,海外表記(国内から仕入れられない)
（株）REN,東7-T35-10,海外表記(国内から仕入れられない)
"JIANGSU SANXIAO GROUP CO., LTD.",南2-T15-13,海外表記(国内から仕入れられない)
nachukara／DOVERS,東7-MC26,海外表記(国内から仕入れられない)
Forest Design,東7-T49-02,海外表記(国内から仕入れられない)
レンジメート,東3-T28-19,PASS
"JIANGSU SHUNWEN TECHNOLOGY CO., LTD.",南1-T04-01,海外表記(国内から仕入れられない)
ナチュラムーン,東7-T48-13,PASS
（株）福井朝日堂,東2-T17-35,PASS
（株）MIHARBI,西1-T12-04,海外表記(国内から仕入れられない)
rentoutua furniture and fabric,西1-T11-02,海外表記(国内から仕入れられない)
"JIANGSU SPRAYVAN COMMODITY TECHNOLOGY DEVELOPMENT CO., LTD.",南1-T03-25,海外表記(国内から仕入れられない)
ナチュラルアイランド,西2-T32-15,PASS
福井クラフト,西2-T26-15,PASS
Loato,東7-MC03,海外表記(国内から仕入れられない)
"JIANGSU UPACK INTERNATIONAL TRADING CO., LTD.",南1-T07-09,海外表記(国内から仕入れられない)
natural dye のの,東7-T45-29,海外表記(国内から仕入れられない)
（公財）ふくい産業支援センター,西3-T40-04,PASS
miyaco nishio,西3-T41-04,海外表記(国内から仕入れられない)
"JIANGXI QIANGYU OUTDOOR PRODUCTS CO., LTD.",南2-T09-32,海外表記(国内から仕入れられない)
ナツアキ,東3-T23-21,PASS
福江（有）,東7-T33-28,PASS
宮崎商工会議所,西2-T32-14,団体・自治体・教育機関(メーカーでない)
ROTARY HERO INC.（株）,東3-T23-48,海外表記(国内から仕入れられない)
"JIANGXI WONDERFUL HOUSEHOLD CO., LTD.",南1-T03-05,海外表記(国内から仕入れられない)
"JIANGXI YIJINCHENG HOUSEHOLD CO., LTD.",南2-T15-20,海外表記(国内から仕入れられない)
ナッティラパン,西3-T44-04,PASS
福田手袋(株),西3-T39-12,PASS
LOGOS SHOES BY（株）,東7-T44-25,海外表記(国内から仕入れられない)
"JIANGYIN HONGLIU BEDSHEET CO., LTD.",南2-T10-09,海外表記(国内から仕入れられない)
natoha,西3-T42-03,海外表記(国内から仕入れられない)
ふくふく包材研究所,東2-T17-41,PASS
みやざき畳・ふすま店,西3-T44-03,PASS
（株）ROBOTIME JAPAN,東1-T08-22,海外表記(国内から仕入れられない)
"JIAXING CHUANYUE OUTDOOR TECHNOLOGY CO., LTD.",南2-T13-10,海外表記(国内から仕入れられない)
七窯社,西1-AC-19,PASS
（株）ふくべ鍛冶,西3-T39-10,PASS
（有）宮崎木材店 leaf leaf事業部,西3-T45-05,PASS
ロンドンポタリー／（株）,西4-T54-16,PASS
"JIAXING LUCHUANG DAILY NECESSITIES CO., LTD.",南1-T07-29,海外表記(国内から仕入れられない)
福山北商工会,西2-Ｔ25-10,団体・自治体・教育機関(メーカーでない)
ミヤメゾン,東8-T56-07,PASS
ワーキングユニット・ジャパン,西1-T03-04,PASS
"JIEYANG CHANGRONG INDUSTRY CO., LTD.",南1-T05-14,海外表記(国内から仕入れられない)
ナンセンジャパン,東3-T29-48,PASS
宮本産業(株),西2-T26-14,PASS
"JIEYANG CITY JIESHI HARDWARE PLASTIC CO., LTD.",南2-T14-31,海外表記(国内から仕入れられない)
Number,東7-SL13,海外表記(国内から仕入れられない)
福山商工会議所,西1-T02-15,団体・自治体・教育機関(メーカーでない)
ミュールミル,西2-T35-03,PASS
"JIEYANG JIQING PLASTIC CO., LTD.",南2-T13-28,海外表記(国内から仕入れられない)
（公財）,西1-T01-03,PASS
MIYUKI FACTORY,西1-T03-14,海外表記(国内から仕入れられない)
（同）Y&S COMPANY,東7-T45-20,海外表記(国内から仕入れられない)
"JIEYANG TOP-TIP'S DAILY USE PRODUCTS CO., LTD.",南2-T11-11,海外表記(国内から仕入れられない)
新居田物産（株）,東3-T23-01,商社・代理店・デザイン(メーカー直でない)
（株）みらい,東2-T19-44,PASS
"JINHUA GUSONG METAL PRODUCTS CO., LTD.",南2-T11-28,海外表記(国内から仕入れられない)
（株）富士高圧プロダクツ,西1-T04-01,PASS
未来アグリス,西2-T37-19,PASS
（株）YOプリンセス,東7-T48-10,PASS
"JINHUA HERMO MANUFACTURE CO., LTD.",南1-T05-26,海外表記(国内から仕入れられない)
NINOS,西3-T42-03,海外表記(国内から仕入れられない)
フジコンコーポレーション,東7-T38-09,PASS
（株）MIRAISOZAI,東7-MC54,海外表記(国内から仕入れられない)
YK JAPAN（株）,東3-T27-43,海外表記(国内から仕入れられない)
"JINHUA MIAOZI HOUSEHOLD CO., LTD.",南2-T11-07,海外表記(国内から仕入れられない)
（株）NICA,東3-T26-42,海外表記(国内から仕入れられない)
（株）FUJIKON HOLDINGS,東7-T45-08,海外表記(国内から仕入れられない)
millvalley,西1-AC-23,海外表記(国内から仕入れられない)
"JINJIANG HAOYU UMBRELLA CO., LTD.",南2-T11-27,海外表記(国内から仕入れられない)
（株）富士商,東7-T50-01,PASS
ムーミン,西4-T57-06,PASS
若狭箸 大岸正商店,西1-AC-26,PASS
"JL CREATIVE CO., LTD.",南2-T08-33,海外表記(国内から仕入れられない)
ニコニコ,東7-T33-33,PASS
藤田金属（株）,西1-T01-15,PASS
ムーミン アラビア,西4-T57-06,PASS
益子焼 わかさま陶芸,西3-T41-02,PASS
"JOJO FASHION ACCESSORIES CO., LTD.",南2-T09-30,海外表記(国内から仕入れられない)
niconeru,東7-MC08,海外表記(国内から仕入れられない)
ムーミン／ウィリアム・モリス／鳥獣戯画ジュエリー,東7-T34-27,PASS
和華貿易,東7-T46-14,商社・代理店・デザイン(メーカー直でない)
"KALORIK ELECTRONICS TECHNOLOGY (XIAMEN) CO., LTD.",南2-T09-27,海外表記(国内から仕入れられない)
Nicoyan®︎ Land,西3-T44-10,海外表記(国内から仕入れられない)
（株）藤田屋,東3-T27-15,PASS
ムーンスター,西3-T43-16,PASS
"KINGDOM OF CRAFTS CO., LTD.",南2-T09-26,海外表記(国内から仕入れられない)
西川庄六商店,東7-FS12,PASS
FUJITAYA,東7-T43-22,海外表記(国内から仕入れられない)
和歌山染工（株）,東7-T37-31,PASS
"KOOLCARE TECHNOLOGY CO., LTD",東7-T38-31,海外表記(国内から仕入れられない)
錦化成（株）,西4-T57-06,PASS
富士テクノ(株),東7-Ｔ48-02,PASS
musashi,西1-T07-04,海外表記(国内から仕入れられない)
"KUNSHAN SHUANGXIA PLASTIC CO., LTD.",南1-T04-02,海外表記(国内から仕入れられない)
24季 stabilized Wood Works,西1-T08-11,海外表記(国内から仕入れられない)
不二貿易,東2-T15-04,商社・代理店・デザイン(メーカー直でない)
和光電気（株）,東7-T39-15,PASS
LOFTEX CHINA LTD,南2-T14-07,海外表記(国内から仕入れられない)
（株）西本,西1-T06-12,PASS
FUJIMI,西4-T53-02,海外表記(国内から仕入れられない)
MUZICA VITA,東7-MC16,海外表記(国内から仕入れられない)
和弘プラスチック工業（株）,東7-T38-11,PASS
LONGXING,西1-T14-03,海外表記(国内から仕入れられない)
富士屋通商（株）,東7-T50-29,PASS
無水鍋®,東7-T42-08,PASS
輪島采色塗なか門,西3-T39-03,PASS
"LONGYAN REMICA DECORATION MATERIAL CO., LTD.",南1-T07-16,海外表記(国内から仕入れられない)
（株）二口製紐,西3-T39-04,PASS
（有）村岡オーガニック,西4-GLS-05,PASS
"LOTUS INDUSTRIES (XIAMEN) IMPORT & EXPORT CO., LTD.",南2-T10-08,海外表記(国内から仕入れられない)
日進精機（株）,西3-T43-18,PASS
（有）渕上熔接,東7-T46-20,PASS
（株）村上工作所,東7-JB03,PASS
（有）渡辺合金鋳造所,西4-SO-05,PASS
"LUCKY GOLDJYX CO., LTD.",南1-T05-03,海外表記(国内から仕入れられない)
日繊商工（株）,西2-T28-15,PASS
プチスーク -ENA KUAM-,東7-MC25,PASS
村田刺繍所,東7-JB04,PASS
渡邉製本,西3-T42-03,PASS
MANNTEC HOMEWARE INC.,南2-T15-28,海外表記(国内から仕入れられない)
（株）和田挽物,西3-T45-08,PASS
"MARKET UNION CO., LTD.",南1-T07-18,海外表記(国内から仕入れられない)
日辰（株）,東7-T42-15,PASS
フットゾーントレーディング,東7-T45-26,PASS
Wayuan和悠庵,西3-T41-20,PASS
MYMAGIC COOKWARE,南2-T12-05,海外表記(国内から仕入れられない)
日本クロージャー,東7-T49-09,PASS
FUNI FUNI,東7-MC33,海外表記(国内から仕入れられない)
"NANCHANG TIANHAO EMBROIDERY CO., LTD.",南2-T13-30,海外表記(国内から仕入れられない)
ぷにもちフレンズ,東3-T24-15,PASS
MAKES AND THINGS,西3-T46-11,海外表記(国内から仕入れられない)
ワンダーハウス,東3-T25-39,PASS
"NANJING XIAXI TRADING CO., LTD.",南2-T11-29,海外表記(国内から仕入れられない)
日本製紙クレシア,東7-T39-24,PASS
pu・pu・pu,東7-MC37,海外表記(国内から仕入れられない)
ワンダフル日本（株）,東1-T09-38,PASS
"NANJING LIANGXIU LATEX PRODUCTS CO., LTD.",南1-T05-30,海外表記(国内から仕入れられない)
ニトリパブリック,東3-T24-35,PASS
FRAAS／bugatti,東7-MC62,海外表記(国内から仕入れられない)
"NANTONG EASYSLEEP FOAM CO., LTD.",南2-T15-08,海外表記(国内から仕入れられない)
（株）BRIGHT,東3-T24-42,海外表記(国内から仕入れられない)
メモリーゼロ,西2-T23-11,PASS
ヲヲフェニックス,東8-T57-31,PASS
"NANTONG FORYOU IMPORT AND EXPORT CO., LTD.",南1-T07-21,海外表記(国内から仕入れられない)
日本草木研究所,西1-AC-28,PASS
ぷらいも,東7-T48-24,PASS
"NANTONG HAWK FITNESS & SPORTS CO., LTD.",南1-T07-30,海外表記(国内から仕入れられない)
（有）FRACTION,東3-T24-44,海外表記(国内から仕入れられない)
モアザンチョコレート,東2-T18-01,PASS
"NANTONG LEIMAO HOME TECHNOLOGY CO., LTD.",南2-T10-07,海外表記(国内から仕入れられない)
ブラザー販売（株）,東3-T23-28,PASS
moku-zakka,西1-T07-17,海外表記(国内から仕入れられない)
"NANTONG LICHI HOUSEWARES CO., LTD.",南2-T11-22,海外表記(国内から仕入れられない)
日本拓馳（株）,東3-T29-44,PASS
（株）Plus E,西3-T39-03,海外表記(国内から仕入れられない)
MOKUHARU,東7-T49-20,海外表記(国内から仕入れられない)
AUS BANGLA JUTEX LTD.,東7-T45-18,海外表記(国内から仕入れられない)
NANTONG LU-RI TRADING COMPANY LIMITED,南1-T06-11,海外表記(国内から仕入れられない)
日本手袋工業組合,西3-T39-12,PASS
（株）BLAST,東2-T12-18,海外表記(国内から仕入れられない)
MOKULOCK,西1-T06-04,海外表記(国内から仕入れられない)
TRENT SHOES LIMITED,東7-Ｔ44-23,海外表記(国内から仕入れられない)
"NANTONG MAIGUO ARTS AND CRAFTS CO., LTD.",南2-T13-08,海外表記(国内から仕入れられない)
MOGU LOCK,西3-T44-10,海外表記(国内から仕入れられない)
"NANTONG REMICKEY TEXTILE CO., LTD.",南2-T10-15,海外表記(国内から仕入れられない)
日本バッグ工業連合会 傘下企業,東7-T36-23,団体・自治体・教育機関(メーカーでない)
ブラックバルーンマーケット,東2-T14-16,PASS
MOSAIC LION,東7-MC23,海外表記(国内から仕入れられない)
KIIMENTO,東3-T23-43,海外表記(国内から仕入れられない)
"NANTONG SLEEPING FOAM CO., LTD.",南2-T15-10,海外表記(国内から仕入れられない)
日本ベルビュー,東2-T15-49,PASS
"NANTONG XIAOCHEN TOYS CO., LTD.",南1-T03-21,海外表記(国内から仕入れられない)
日本理化学工業（株）,東2-T17-33,PASS
ブラフシューペリア(株),東7-T33-38,PASS
MOC-TEX®／ケィ,西3-T46-04-F,海外表記(国内から仕入れられない)
"ANHUI FULUDING TOY TRADE CO., LTD.",南2-T12-36,海外表記(国内から仕入れられない)
"NANTONG YAZE TEXTILE GARMENTS CO., LTD.",南2-T15-14,海外表記(国内から仕入れられない)
日本緑茶センター,西2-T33-17,PASS
FLOWERiUM,西3-T42-03,海外表記(国内から仕入れられない)
木工房 林,西3-T44-03,PASS
"ANHUI KANGSEN TOYS IMPORT AND EXPORT CO., LTD.",南2-T09-25,海外表記(国内から仕入れられない)
"NATURAL HOME CO., LIMITED.",南1-T04-30,海外表記(国内から仕入れられない)
ニマゴン,東2-T18-19,PASS
（株）MOTTERU,東3-T21-43,海外表記(国内から仕入れられない)
"ANHUI SHUNYI PRINTING AND PACKAGING CO., LTD.",南1-T05-37,海外表記(国内から仕入れられない)
"NICE ACCESSORIES CO., LTD.",南1-T05-29,海外表記(国内から仕入れられない)
ニューウェイジャパン,東2-T17-38,PASS
モデナ,東7-T35-34,PASS
ANJI STARSHIPS BAMBOO&WOOD PRODUCTS CO. LTD.,西1-T14-01,海外表記(国内から仕入れられない)
"NINGBO A.NI INTERNATIONAL TRADE CO., LTD.",南2-T14-18,海外表記(国内から仕入れられない)
仁礼（株）,東3-T25-47,PASS
本野はきもの工業,西3-T44-03,PASS
"BEMAY TOY INDUSTRIAL CO., LTD.",南2-T15-07,海外表記(国内から仕入れられない)
"NINGBO BRIGHT IMPORT & EXPORT CO., LTD.",南1-T07-12,海外表記(国内から仕入れられない)
布工房風花,東7-JB03,PASS
プランティアオーガニック,西1-T05-20,PASS
MON AROME CHERI candle,西2-T32-14,海外表記(国内から仕入れられない)
"BESTOY (DONGGUAN) CO., LTD.",南2-T14-34,海外表記(国内から仕入れられない)
"NINGBO CREATE VALUE IMP.&EXP. CO., LTD.",南1-T05-22,海外表記(国内から仕入れられない)
沼田町商工会,西3-T45-09,団体・自治体・教育機関(メーカーでない)
MONOPIA,東7-MC22,海外表記(国内から仕入れられない)
"BULETEDAN TECHNOLOGY CO., LTD.",南1-T03-27,海外表記(国内から仕入れられない)
"NINGBO EASTMOON IMPORT AND EXPORT CO., LTD.",南2-T13-13,海外表記(国内から仕入れられない)
（株）NEO商事,東3-T28-41,商社・代理店・デザイン(メーカー直でない)
"CAPSULISM(CHINA) INDUSTRIAL CO., LTD.",南2-T13-29,海外表記(国内から仕入れられない)
"NINGBO FAVORED COMMODITY CO., LTD.",南2-T08-29,海外表記(国内から仕入れられない)
MOYOY,西2-T33-16,海外表記(国内から仕入れられない)
CARABINER FACTORY,南1-T08-04,海外表記(国内から仕入れられない)
"NINGBO FENGSHENG INT'L TRADING CO., LTD.",南1-T04-33,海外表記(国内から仕入れられない)
森井紙器工業,西1-T01-03,PASS
"CHANGSHU GUANGSHENGXIN TEXTILE CO., LTD.",南1-T07-36,海外表記(国内から仕入れられない)
"NINGBO GAOBO SPORTS CO., LTD YIWU BRANCH",南1-T08-28,海外表記(国内から仕入れられない)
ネスカフェ ドルチェ グスト,西4-T54-10,PASS
MORI SAUNA,西4-GLS-04,海外表記(国内から仕入れられない)
"CHANGSHU JIELAIMEI TEXTILE CO., LTD.",南2-T11-14,海外表記(国内から仕入れられない)
"NINGBO HAISHU HOPE-U INTERNATIONAL TRADING CO., LTD.",南1-T07-04,海外表記(国内から仕入れられない)
ネスリーフ,東2-T17-32,PASS
フリュー・ピクチャーズ,東2-T15-15,PASS
もりさん 京都・西陣織,東2-T15-45,PASS
"CHANGZHOU GREENFOREST IMPORT & EXPORT CO., LTD.",南1-T04-17,海外表記(国内から仕入れられない)
"NINGBO INTERWELL IMPORT & EXPORT CO., LTD.",南2-T11-25,海外表記(国内から仕入れられない)
NEVER MIND,東1-T10-39,海外表記(国内から仕入れられない)
BRILA,東2-T19-38,海外表記(国内から仕入れられない)
モリシタ(株),西4-T57-06,PASS
"CHENGWU BAISHENG TEXTILE CO., LTD.",南2-T15-12,海外表記(国内から仕入れられない)
"NINGBO JIANGYONG PLASTIC INDUSTRIAL TECH CO., LTD.",南1-T07-11,海外表記(国内から仕入れられない)
ブリリアント,東3-T23-17,PASS
急速冷凍 森島おはぎ,東7-Ｔ48-02,PASS
CJI OVERSEAS IMPORT AND EXPORT LTD.,南1-T06-15,海外表記(国内から仕入れられない)
"NINGBO JIEJIANG INTELLIGENT TECHNOLOGY CO., LTD.",南1-T04-35,海外表記(国内から仕入れられない)
NEHAN TOKYO,西1-T04-06,海外表記(国内から仕入れられない)
（株）MORITA,西4-T48-20,海外表記(国内から仕入れられない)
"DALIAN AIWILL HOUSEWARES CO., LTD.",南2-T10-27,海外表記(国内から仕入れられない)
"NINGBO KESD IMPORT&EXPORT CO., LTD.",南1-T08-06,海外表記(国内から仕入れられない)
NOAH（株）,東3-T26-45,海外表記(国内から仕入れられない)
森拓（株）,東3-T29-16,PASS
"DALIAN GOLDEN SOURCE HOUSEWARES CO., LTD.",南1-T07-25,海外表記(国内から仕入れられない)
"NINGBO LINK INTERNATIONAL CO., LTD.",南2-T11-26,海外表記(国内から仕入れられない)
NO SIGN,東7-JB01,海外表記(国内から仕入れられない)
守田漆器（株）,西1-T06-12,PASS
"DALIAN TOYORIKA TRADE CO., LTD.",南1-T06-23,海外表記(国内から仕入れられない)
"NINGBO MEETING INDUSTRIAL&TRADING CO., LTD.",南2-T12-29,海外表記(国内から仕入れられない)
ブルズごはん,東7-T46-20,PASS
森田人形店,西3-T42-11,PASS
"DEXING(GUANGZHOU)SUPPLY CHAIN CO., LTD.",南1-T05-16,海外表記(国内から仕入れられない)
"NINGBO NEW ZENITH IMP.&EXP. CO., LTD.",南1-T02-31,海外表記(国内から仕入れられない)
ノーマン,東3-T25-18,PASS
プルメリア,西2-T26-21,PASS
森久（株）,東3-T24-38,PASS
"DND HOUSEWARES CO., LTD.",南2-T14-30,海外表記(国内から仕入れられない)
"NINGBO NINGJAY APPLIANCE CO., LTD.",南1-T07-10,海外表記(国内から仕入れられない)
（有）野上工芸,東7-T47-20,PASS
森永乳業クリニコ,東7-T37-30,PASS
"DONG TAI HUAN YU TOYS CO., LTD.",南2-T11-16,海外表記(国内から仕入れられない)
"NINGBO ORIENT MIND CO., LTD.",南2-T13-21,海外表記(国内から仕入れられない)
（有）野川農園,西2-T38-11,PASS
フレックス販売（株）,西2-T21-13,PASS
森秀織物（株）,東7-JB04,PASS
"DONGGUAN ADONIS LEATHER CO., LTD.",南2-T14-21,海外表記(国内から仕入れられない)
NINGBO SHIWEI TRADING COMPANY,南1-T07-06,海外表記(国内から仕入れられない)
（株）野首木工所,西3-T43-03,PASS
PREMIUM WATER,西4-T55-01,海外表記(国内から仕入れられない)
morifuku,東7-MC36,海外表記(国内から仕入れられない)
"DONGGUAN ANQI HOUSEHOLD ARTICLES CO., LIMITED",南2-T15-32,海外表記(国内から仕入れられない)
"NINGBO STARLINK IMPORT AND EXPORT CO., LTD.",南2-T15-27,海外表記(国内から仕入れられない)
ノスタルジックガレージ,西1-T09-09,PASS
フレンズヒル,東3-T22-31,PASS
森本産業（株）,東3-T24-10,PASS
"DONGGUAN ANSHIN TOYS CO., LTD.",南2-T12-10,海外表記(国内から仕入れられない)
"NINGBO TOPWAY STATIONERY&PROMOTION CO., LTD.",南1-T04-12,海外表記(国内から仕入れられない)
（株）野中工務店,東7-T49-20,PASS
FrenchFlow,西2-T26-23,海外表記(国内から仕入れられない)
森本農園,東7-T38-20,PASS
"DONGGUAN AWELL TECHNOLOGY CO., LTD.",南2-T10-34,海外表記(国内から仕入れられない)
"NINGBO WEWORK INTERNATIONAL TRADING CO., LTD.",南1-T02-26,海外表記(国内から仕入れられない)
ブローニュ,東7-T43-25,PASS
（株）YARD,西2-T37-15,海外表記(国内から仕入れられない)
DONGGUAN BABE JOY TECHNOLOGY LIMITED,南1-T02-34,海外表記(国内から仕入れられない)
"NINGBO YAWEN INTERNATIONAL TRADING CO., LTD.",南2-T11-32,海外表記(国内から仕入れられない)
（株）nomad's,東3-T25-04,海外表記(国内から仕入れられない)
FLORE21,西2-T35-17,海外表記(国内から仕入れられない)
八木書店（新本アウトレットブック卸）,東2-T18-37,除外カテゴリ(版元/音楽/ゲーム)
"DONGGUAN BEIYUAN CULTURAL GIFTS CO., LTD.",南1-T04-03,海外表記(国内から仕入れられない)
NINGBO YINZHOU DAOQI INTERNATIONAL TRADING COMPANY,南2-T11-09,海外表記(国内から仕入れられない)
野村タオル,西2-T27-03,PASS
ブロカント モモ,西2-T27-25,PASS
安田商店,東7-T35-14,PASS
DONGGUAN BLUE OCEAN GIFTS LIMITED,南2-T09-36,海外表記(国内から仕入れられない)
"NINGBO YUMULIN IMPORT AND EXPORT CO., LTD.",南1-T04-10,海外表記(国内から仕入れられない)
ノルディックバディズジャパン,西4-T57-06,PASS
ブロスサウナ,西4-GLS-11,PASS
"DONGGUAN BUBU CULTURAL GIFT CO., LTD.",南2-T08-13,海外表記(国内から仕入れられない)
"NINGBO ZISZIS KITCHENWARE CO., LTD.",南2-T08-27,海外表記(国内から仕入れられない)
NORÉNE,西4-T56-16,海外表記(国内から仕入れられない)
プロテック,東7-T50-05,PASS
NINGBO RAFFINI INTERNATIONAL ENTERPRISE LIMITED,南1-T06-21,海外表記(国内から仕入れられない)
"DONGGUAN CAT-LIKE MANUFACTURING CO., LTD.",南2-T14-27,海外表記(国内から仕入れられない)
"PERFECT GROUP CORP., LTD.",南1-T07-33,海外表記(国内から仕入れられない)
パーリィー,西1-T08-10,PASS
フロンティア,東7-T50-28,PASS
"DONGGUAN CHANGPING QIAOLI LEE TAT LUGGAGE BAGS CO., LTD.",南1-T05-15,海外表記(国内から仕入れられない)
"PLACOM (QINGDAO) ARTS & CRAFTS CO., LTD.",南2-T15-33,海外表記(国内から仕入れられない)
Beargle（株）,西1-T12-04,海外表記(国内から仕入れられない)
YAMAKIN,東7-T47-02,海外表記(国内から仕入れられない)
"DONGGUAN CHANGRONG GIFT CO., LTD",南2-T12-04,海外表記(国内から仕入れられない)
"PROGRESSIVE CO., LTD.",南2-T12-28,海外表記(国内から仕入れられない)
（株）米菓桃乃屋,西1-T01-15,PASS
(有)ヤマザキクリエイト,西3-T39-04,PASS
"DONGGUAN CITY XINMING GIFT CO., LTD.",南2-T08-15,海外表記(国内から仕入れられない)
"PUJIAXIN CULTURAL COMMUNICATION (SHANGHAI) CO., LTD.",南2-T09-31,海外表記(国内から仕入れられない)
Buy TOKYO／東京都,西3-T42-03,海外表記(国内から仕入れられない)
ベーシック,西3-T44-04,PASS
山﨑石材（株）,西3-T42-17,PASS
"DONGGUAN CITY XINYUAN NONWOVEN CO., LTD.",南1-T06-35,海外表記(国内から仕入れられない)
"QIDONG JINWANLI LEATHER CO., LTD.",南2-T13-25,海外表記(国内から仕入れられない)
梅南鋼材（株）,西1-T12-04,PASS
山﨑内装工業（株）,西4-T50-08,PASS
"DONGGUAN CREATION GREEN ENERGY ELECTRONIC TECH CO., LTD.",南2-T09-06,海外表記(国内から仕入れられない)
"QINGDAO AORUI ARTS & CRAFTS CO., LTD.",南2-T12-30,海外表記(国内から仕入れられない)
ペーパーストーリー,東2-T15-31,PASS
"DONGGUAN DONSY SMART TECHNOLOGY CO., LTD.",南2-T09-08,海外表記(国内から仕入れられない)
QINGDAO ASSOCIATED TEXTILES GROUP,南1-T06-36,海外表記(国内から仕入れられない)
山精水産,東7-Ｔ48-02,PASS
"DONGGUAN DS ELECTRONICS TECHNOLOGY CO., LTD.",南2-T14-36,海外表記(国内から仕入れられない)
"QINGDAO BANGLAIXIN TRADING CO., LTD.",南1-T07-31,海外表記(国内から仕入れられない)
PESHMAL,西1-T07-02,海外表記(国内から仕入れられない)
"DONGGUAN DSUN GIFTS CO., LTD.",南2-T08-03,海外表記(国内から仕入れられない)
"QINGDAO BRILLIANT ARTS CO., LTD.",南2-T13-22,海外表記(国内から仕入れられない)
"DONGGUAN EASTFOAM LNDUSTRIES CO., LTD.",南2-T13-37,海外表記(国内から仕入れられない)
"QINGDAO CHANG GE TRADE CO., LTD.",南1-T02-33,海外表記(国内から仕入れられない)
PACOON,西1-T13-08,海外表記(国内から仕入れられない)
ベストエバージャパン,東3-T24-20,PASS
"DONGGUAN FEIHE ARTS&CRAFTS CO., LTD.",南2-T10-02,海外表記(国内から仕入れられない)
"QINGDAO DELONG TEXTILE CO., LTD.",南1-T04-09,海外表記(国内から仕入れられない)
励ましのポストカード,東2-T16-43,PASS
GEZELLIG + Spica,西3-T41-04,海外表記(国内から仕入れられない)
"DONGGUAN G.K TECHNOLOGY CO., LTD.",南2-T15-21,海外表記(国内から仕入れられない)
"QINGDAO DEWELLS ARTS AND CRAFTS CO., LTD.",南2-T13-24,海外表記(国内から仕入れられない)
HAKOBUNÉ／（株）すえ木工,西4-GLS-07,PASS
BetulaN,西4-SO-02,海外表記(国内から仕入れられない)
山中漆器,西1-T06-12,PASS
"DONGGUAN GOOD IMPRESSION INDUSTRIAL CO., LTD.",南2-T15-34,海外表記(国内から仕入れられない)
"QINGDAO DYNAMIC TOYS CO., LTD.",南1-T05-33,海外表記(国内から仕入れられない)
Betta,西1-T13-08,海外表記(国内から仕入れられない)
"DONGGUAN HAIWANG PACKAGING PRODUCTS CO., LTD.",南1-T05-13,海外表記(国内から仕入れられない)
"QINGDAO ETERNAL WEALTH TEXTILE & GARMENTS CO., LTD.",南1-T05-08,海外表記(国内から仕入れられない)
別府商工会議所,東7-T48-10,団体・自治体・教育機関(メーカーでない)
"DONGGUAN HANLIN GIFT CO., LTD.",南1-T05-09,海外表記(国内から仕入れられない)
"QINGDAO FUTURE TOYS CO., LTD.",南2-T09-21,海外表記(国内から仕入れられない)
箸の兵左衛門,西3-T40-04,PASS
別府つげ工芸,東7-T48-10,PASS
DONGGUAN HAPPY SOUVENIRS LTD.,南2-T12-08,海外表記(国内から仕入れられない)
QINGDAO GOOD FORTUNE IMPORT AND EXPORT CORPORATION LTD.,南1-T05-04,海外表記(国内から仕入れられない)
パシフィックGLD,西2-T29-19,PASS
山本洋品雑貨（株）,東7-SL10,PASS
"DONGGUAN HETAI TRADING CO., LTD.",南1-T07-38,海外表記(国内から仕入れられない)
"QINGDAO HANGBIAO INTERNATIONAL TRADE CO., LTD.",南2-T10-31,海外表記(国内から仕入れられない)
パシフィック・リーグ6球団（PLM）,東2-T15-26,PASS
YaYaパール,東7-T47-02,PASS
"DONGGUAN HONGQIAN CULTURAL DEVELOPMENT CO., LTD.",南2-T09-22,海外表記(国内から仕入れられない)
"QINGDAO HOYUNLONG TRADING CO., LTD.",南1-T07-02,海外表記(国内から仕入れられない)
（株）橋本幸作漆器店,西3-T39-03,PASS
ペルシャ キリム （有）,西2-T30-01,PASS
（株）ユアーショップ,東7-T46-02,PASS
"DONGGUAN IQE LEATHER PRODUCTS CO., LTD.",南2-T15-26,海外表記(国内から仕入れられない)
"QINGDAO J.RAIN TEXTILE CO., LTD.",南1-T06-01,海外表記(国内から仕入れられない)
ベル・ブランシェ,東7-T35-16,PASS
YOURSARMYWORLD,西1-T13-08,海外表記(国内から仕入れられない)
DONGGUAN JIMFUK SMART GLASS COMPANY LIMITED,南1-T03-32,海外表記(国内から仕入れられない)
"QINGDAO JUYI INERNATIONAL TRADING CO., LTD.",南2-T15-15,海外表記(国内から仕入れられない)
豊月堂,西3-T39-03,PASS
（株）Yui,東7-T49-02,海外表記(国内から仕入れられない)
"DONGGUAN JINCHEN CULTURAL GIFTS CO., LTD.",南2-T13-32,海外表記(国内から仕入れられない)
"QINGDAO LAND-SEA LONGBAO TRADING CO., LTD.",南1-T06-24,海外表記(国内から仕入れられない)
Pass+Time,東7-T47-02,海外表記(国内から仕入れられない)
防災グッズ大賞2026／（一社）災害防止研究所,東7-T42-01,PASS
YUI MATSUDA,西1-AC-03,海外表記(国内から仕入れられない)
"DONGGUAN JINSHENG CRAFT PRODUCTS CO., LTD.",南2-T08-09,海外表記(国内から仕入れられない)
"QINGDAO LIVING LABO ECONOMIC&TRADE CO., LTD.",南1-T07-01,海外表記(国内から仕入れられない)
HADACA（肌鹿）／KIROKU（木鹿）,西1-T04-08,海外表記(国内から仕入れられない)
（株）宝来商事,西1-T11-05,商社・代理店・デザイン(メーカー直でない)
(株)ユーシ・イレブン,東7-Ｔ48-02,PASS
"DONGGUAN JIYOUMEI ARTAGFITS CO., LTD.",南1-T07-03,海外表記(国内から仕入れられない)
"QINGDAO LONGYISHI TRADING CO., LTD.",南1-T06-28,海外表記(国内から仕入れられない)
羽立工業（株）,東7-T40-29,PASS
（株）BOCHEGTRADING,東7-T44-21,海外表記(国内から仕入れられない)
（株）ユース,西1-T08-02,PASS
"DONGGUAN JUFU ANIMATION TECHNOLOGY CO., LTD.",南1-T03-16,海外表記(国内から仕入れられない)
"QINGDAO MURANXIN ARTS & CRAFTS CO., LTD.",南2-T13-26,海外表記(国内から仕入れられない)
Utukky,西4-T56-08,海外表記(国内から仕入れられない)
"DONGGUAN JUNSHENG INTERNATIONAL TRADING CO., LTD.",南1-T03-01,海外表記(国内から仕入れられない)
"QINGDAO QINGQINGFANG IMPORT & EXPORT CO., LTD.",南2-T14-11,海外表記(国内から仕入れられない)
pack all & banana trip,東7-T36-24,海外表記(国内から仕入れられない)
U-Trade,東2-T19-30,海外表記(国内から仕入れられない)
"DONGGUAN JUNXIAN HOUSEHOLD PRODUCTS CO., LTD.",南2-T09-10,海外表記(国内から仕入れられない)
"QINGDAO RUNNING ARTS AND CRAFTS CO., LTD.",南1-T02-35,海外表記(国内から仕入れられない)
HAPPY FACE,東7-FS21,海外表記(国内から仕入れられない)
（株）北星社,西3-T45-04,PASS
（株）ユーパワー,西2-T31-18,PASS
"DONGGUAN KMS CRAFTS & GIFTS INDUSTRIAL CO., LTD.",南2-T14-20,海外表記(国内から仕入れられない)
"QINGDAO SINOTEX INDUSTRY CO., LTD.",南2-T10-29,海外表記(国内から仕入れられない)
Patti & クッキーの輪,東2-T15-17,PASS
北陸製菓（株）,西4-T57-06,PASS
悠々庵／（有）吉創庵,西2-T34-01,PASS
"DONGGUAN KUNYAO CULTURE CO., LTD.",南2-T14-25,海外表記(国内から仕入れられない)
"QINGDAO SUNPOINT INTERNATIONAL TRADE CO., LTD.",南1-T03-09,海外表記(国内から仕入れられない)
ほしつむ,東7-T45-16,PASS
（株）優良國際,東7-T37-14,PASS
"DONGGUAN LAFULAIFU TECHNOLOGY CO., LTD.",東8-T55-02,海外表記(国内から仕入れられない)
"QUANZHOU TYRRELLS UMBRELLA CO., LTD.",南1-T03-29,海外表記(国内から仕入れられない)
YL GIFTS LIMITED,南2-T11-05,海外表記(国内から仕入れられない)
"A'ROMA FLAVUM CO., LTD.",東7-T50-04-12,海外表記(国内から仕入れられない)
LUMISERA,東7-T51-29,海外表記(国内から仕入れられない)
"COOKWELL MFG CO., LTD.",東2-T19-19,海外表記(国内から仕入れられない)
"YONGKANG HACSO HOUSEHOLD CO., LTD.",南2-T14-37,海外表記(国内から仕入れられない)
AROMA LIVING,東7-T40-36,海外表記(国内から仕入れられない)
"MACKLIN CO., LTD.",東8-T55-32,海外表記(国内から仕入れられない)
COSMOS COLLECTION CO.,東3-T20-18,海外表記(国内から仕入れられない)
"YONGKANG TIANYE INDUSTRY & TRADE CO., LTD.",南1-T06-07,海外表記(国内から仕入れられない)
ART&HUG,東3-Ｔ25-46,海外表記(国内から仕入れられない)
"MASCOLANZA CO., LTD",東3-T27-42,海外表記(国内から仕入れられない)
"DANKEN ENTERPRISE CO., LTD.",東3-T20-20,海外表記(国内から仕入れられない)
"YOU AND EARTH CRAFT MANUFACTURING(DONGGUAN) CO., LTD.",南2-T14-24,海外表記(国内から仕入れられない)
"AZING CO., LTD.",東7-T50-04-22,海外表記(国内から仕入れられない)
"MATERIALAB CO., LTD",南1-T01-12,海外表記(国内から仕入れられない)
DIVERTIMENTO INC.,東2-T20-23,海外表記(国内から仕入れられない)
"YUNNAN SHEA BIOTECHNOLOGY CO., LTD.",南2-T10-04,海外表記(国内から仕入れられない)
BANRYEO CHAEK,東7-T40-36,海外表記(国内から仕入れられない)
"ME IN GOLD CO.,LTD",南1-T02-03,海外表記(国内から仕入れられない)
"FAR VISION TECHNOLOGY CO., LTD.",東7-T37-32,海外表記(国内から仕入れられない)
"ZAIDTEK ELECTRONIC TECHNOLOGY (XIAMEN) CO., LTD.",南1-T05-25,海外表記(国内から仕入れられない)
BAREUNCOSMEDICAL,東7-T50-04-21,海外表記(国内から仕入れられない)
MEMSLUX INC.,東8-T54-25,海外表記(国内から仕入れられない)
"FORYU DESIGN CO., LTD.",東3-T21-18,海外表記(国内から仕入れられない)
"QUANZHOU WENBAO LIGHT INDUSTRY CO., LTD.",南2-T12-11,海外表記(国内から仕入れられない)
"ZAOZHUANG LONGKAI TOYS CO., LTD.",南1-T03-07,海外表記(国内から仕入れられない)
"BASKATION CO.,LTD. / DESILLAB",東7-T50-04-11,海外表記(国内から仕入れられない)
MERRY ART CENTER,東8-T54-32,海外表記(国内から仕入れられない)
"FOSEN INDUSTRIAL CO., LTD.",東2-T19-14,海外表記(国内から仕入れられない)
RICHLAND INTERNATIONAL COMPANY LTD,南2-T14-29,海外表記(国内から仕入れられない)
ZHANGJIAGANG FULL SUM PLASTIC RUBBER PRODUCTS LTD,南2-T11-10,海外表記(国内から仕入れられない)
BENILIGHT,東8-T55-26,海外表記(国内から仕入れられない)
"MERRYVERSE STUDIO. CO., LTD.",東2-T17-19,海外表記(国内から仕入れられない)
"FUJI HOME GROUP CO., LTD.",東2-T19-18,海外表記(国内から仕入れられない)
"SHANDONG HAIJIN INTERNATIONAL TRADING CO., LTD.",南1-T03-10,海外表記(国内から仕入れられない)
"ZHANGZHOU ENYANG PREMIUM CO., LTD.",南1-T07-15,海外表記(国内から仕入れられない)
BEVLAH,南1-T02-03,海外表記(国内から仕入れられない)
MIGNONKOREA,東8-T55-18,海外表記(国内から仕入れられない)
GNASAL-EASYBREATH,東2-T19-23,海外表記(国内から仕入れられない)
"SHANDONG LINUO TECHNICAL GLASS CO., LTD.",南1-T04-05,海外表記(国内から仕入れられない)
"ZHEJIANG CENTURY HOME PRODUCT CO., LTD.",南1-T04-07,海外表記(国内から仕入れられない)
BIBIMCOS (LIMONIANKOREA),南1-T02-03,海外表記(国内から仕入れられない)
"MISSPLUS CO.,LTD.",東8-T55-30,海外表記(国内から仕入れられない)
"GO WIN INDUSTRIAL CO., LTD.",東2-T19-09,海外表記(国内から仕入れられない)
"SHANDONG NICELOOK CO., LTD.",南1-T04-14,海外表記(国内から仕入れられない)
"ZHEJIANG DAIJUN CRAFTS CO., LTD.",南2-T10-23,海外表記(国内から仕入れられない)
"BIOPOLYTECH CO., LTD",東8-T55-28,海外表記(国内から仕入れられない)
MONENNE,東7-T40-36,海外表記(国内から仕入れられない)
GOLDEEP LTD.,東2-T20-19,海外表記(国内から仕入れられない)
"SHANDONG YINGTE MEDICAL TECHNOLOGY CO., LTD.",南1-T07-08,海外表記(国内から仕入れられない)
"ZHEJIANG EISLEY COMMODITY CO., LTD.",東8-T55-06,海外表記(国内から仕入れられない)
BMIX STUDIO,西4-T56-12,海外表記(国内から仕入れられない)
NAIFFY INC.,東8-T55-23,海外表記(国内から仕入れられない)
GOOD FARMS,東2-T19-22,海外表記(国内から仕入れられない)
"SHANGHAI BRISAFE TECHNOLOGY CO., LTD.",南2-T10-16,海外表記(国内から仕入れられない)
"ZHEJIANG EVER WELL IMPORT AND EXPORT CO., LTD.",南2-T10-12,海外表記(国内から仕入れられない)
BS INTERNATIONAL,東7-T40-36,海外表記(国内から仕入れられない)
NAM SUNG SOOK,西1-T14-04,海外表記(国内から仕入れられない)
"GREAT BALL CO., LTD",東2-T19-11,海外表記(国内から仕入れられない)
"SHANGHAI EAST BEST FOREIGN TRADE CO., LTD.",東7-T33-34,海外表記(国内から仕入れられない)
"ZHEJIANG FANEN SMART HOME CO., LTD.",南2-T13-16,海外表記(国内から仕入れられない)
"BURICL CO., LTD.",東8-T56-32,海外表記(国内から仕入れられない)
NAWA. INC,東8-T54-33,海外表記(国内から仕入れられない)
"HAW YANG CO., LTD.",東3-T21-09,海外表記(国内から仕入れられない)
"SHANGHAI HENGQIANG ENTERPRISE CO., LTD.",南1-T04-36,海外表記(国内から仕入れられない)
"ZHEJIANG FEIJIAN GROUP CO., LTD.",南1-T06-03,海外表記(国内から仕入れられない)
BUSAN ECONOMIC PROMOTION AGENCY,東8-T56-10,海外表記(国内から仕入れられない)
"NFOOD CO., LTD",東8-T56-18,海外表記(国内から仕入れられない)
HUNG DE PLASTIC ENTERPRISE FACTORY ｜RETRO MOTIF,東2-T19-26,海外表記(国内から仕入れられない)
"SHANGHAI JIONGLONG INTERNATIONAL TRADE CO., LTD.",南2-T10-14,海外表記(国内から仕入れられない)
"ZHEJIANG FENGHUI BAMBOO AND WOOD CO., LTD.",南2-T09-05,海外表記(国内から仕入れられない)
"BUYINTERNATIONAL CO., LTD.",東7-T50-04-04,海外表記(国内から仕入れられない)
NOAH BIOTECH INC.,東8-T55-22,海外表記(国内から仕入れられない)
ITART'S INTERNATIONAL CO LTD,東3-T20-26,海外表記(国内から仕入れられない)
"ZHEJIANG GUANGWU INDUSTRY AND TRADE CO., LTD.",南2-T11-01,海外表記(国内から仕入れられない)
CELLHAPPYCO,東8-T56-29,海外表記(国内から仕入れられない)
ODDBI,東2-T18-22,海外表記(国内から仕入れられない)
JENG TAIR INTERNATIONAL LIMITED,東3-T21-12,海外表記(国内から仕入れられない)
"SHANGHAI STANDARD INTERNATIONAL TRADE CO., LTD.",南1-T03-33,海外表記(国内から仕入れられない)
"ZHEJIANG HAODA SCIENCE AND TECHNOLOGY CO., LTD.",南1-T06-13,海外表記(国内から仕入れられない)
CHILMONG,西4-T53-04,海外表記(国内から仕入れられない)
OHMIA,西1-T14-10,海外表記(国内から仕入れられない)
JET PRINT TECHNOLOGY CORP.,東3-T20-10,海外表記(国内から仕入れられない)
"SHANGRAO LIGHTNING OUTDOOR PRODUCTS CO., LTD.",南2-T09-34,海外表記(国内から仕入れられない)
"ZHEJIANG HONGLING TRADING & MANUFACTURING CO., LTD.",南1-T08-10,海外表記(国内から仕入れられない)
CHOBIO CORPORATION,東8-T56-25,海外表記(国内から仕入れられない)
OHSOPH,南1-T02-03,海外表記(国内から仕入れられない)
"JOYTOY INDUSTRIAL CO., LTD",東2-T20-09,海外表記(国内から仕入れられない)
"SHAOXING SHANGYU DISTRICT XUNCHI TOURISM SUPPLIES CO., LTD.",南2-T15-31,海外表記(国内から仕入れられない)
"ZHEJIANG KELAND ELECTRIC APPLIANCE CO., LTD.",南1-T04-31,海外表記(国内から仕入れられない)
CHOI JI YOUNG,西1-T14-04,海外表記(国内から仕入れられない)
OK SEUNG HO,西1-T14-04,海外表記(国内から仕入れられない)
"KING CHAR CO., LTD",東3-T21-14,海外表記(国内から仕入れられない)
"SHAOXING SHANGYU JIARUI UMBRELLA CO., LTD.",南2-T13-36,海外表記(国内から仕入れられない)
"ZHEJIANG MAIBO INDUSTRIAL CO., LTD.",南1-T04-29,海外表記(国内から仕入れられない)
CHOI SANG SEOP,西1-T14-04,海外表記(国内から仕入れられない)
OKYOUNG INDUSTRY,東7-T40-36,海外表記(国内から仕入れられない)
"KING STOCK INT'L CO., LTD.",東3-T20-16,海外表記(国内から仕入れられない)
"SHAOXING SHANGYU JIUDA UMBRELLA INDUSTRY CO., LTD.",南2-T09-03,海外表記(国内から仕入れられない)
"ZHEJIANG NAVIGATE INDUSTRY&TRADING CO., LTD.",東8-T55-10,海外表記(国内から仕入れられない)
CHUNGCHEONG PAVILION,東8-T54-18,海外表記(国内から仕入れられない)
"OLDAM CO., LTD",東8-T54-26,海外表記(国内から仕入れられない)
KUBILA INTERNATIONAL INC.,東3-T20-12,海外表記(国内から仕入れられない)
"SHAOXING SHENZHOU TOURISM SUPPLIES CO., LTD.",南1-T08-14,海外表記(国内から仕入れられない)
"ZHEJIANG TENGXIN UMBRELLA CO., LTD.",南2-T13-18,海外表記(国内から仕入れられない)
City of Culture ANSEONG,西1-T14-04,海外表記(国内から仕入れられない)
OLY.B,東7-T50-04-10,海外表記(国内から仕入れられない)
KUNNEX INCORPORATED,東3-T21-25,海外表記(国内から仕入れられない)
"SHAOXING SHUNMAO HOME TEXTILE CO,. LTD.",南2-T09-09,海外表記(国内から仕入れられない)
"ZHEJIANG TIANWEI UMBRELLA CO., LTD.",南1-T04-21,海外表記(国内から仕入れられない)
CLAPS,南1-T02-03,海外表記(国内から仕入れられない)
"ONL CO., LTD",東8-T56-20,海外表記(国内から仕入れられない)
"LINSHAN FARMERS SELECT CO., LTD.",東2-T20-07,海外表記(国内から仕入れられない)
"SHAOXING XUDESHUN CLOTHING TECHNOLOGY CO., LTD.",南2-T15-18,海外表記(国内から仕入れられない)
"ZHEJIANG TOPLINE IMP&EXP CO., LTD.",南2-T12-12,海外表記(国内から仕入れられない)
"CMA GLOBAL CO., LTD.",南1-T01-21,海外表記(国内から仕入れられない)
"ONLY ONE LAB CO., LTD.",東8-T57-11,海外表記(国内から仕入れられない)
"LONG KING PRINTING ENTERPRISE CO., LTD.",東3-T20-22,海外表記(国内から仕入れられない)
"SHEN ZHEN PERFECT GIFT CO., LTD.",南2-T12-22,海外表記(国内から仕入れられない)
"ZHEJIANG YIRUI HOUSEWARE CO., LTD.",南1-T02-22,海外表記(国内から仕入れられない)
CONFI,西2-T33-15,海外表記(国内から仕入れられない)
ONSOOB,南1-T02-03,海外表記(国内から仕入れられない)
LOVELY CREATIONS CORP.,東3-T21-11,海外表記(国内から仕入れられない)
"SHENZHEN BAIBAIKANG TECHNOLOGY CO., LTD.",南2-T09-13,海外表記(国内から仕入れられない)
"ZHEJIANG YUANTAI ELECTRICAL TECHNOLOGY CO., LTD.",南2-T13-35,海外表記(国内から仕入れられない)
CS COMPANY,東8-T56-17,海外表記(国内から仕入れられない)
"PANGRAM CO., LTD",南1-T01-10,海外表記(国内から仕入れられない)
"MAJESTIC-M&A INTERNATIONAL CO., LTD.",東2-T19-08,海外表記(国内から仕入れられない)
"SHENZHEN BAOFUSHENG TECHNOLOGY CO., LTD.",南1-T06-33,海外表記(国内から仕入れられない)
"ZHEJIANG MANYI INDUSTRY AND TRADE CO., LTD.",南2-T13-06,海外表記(国内から仕入れられない)
CUFE,南1-T02-03,海外表記(国内から仕入れられない)
PARK SOUNG SU,西1-T14-04,海外表記(国内から仕入れられない)
MARUFUNG INTERNATIONAL CORP.,東3-T21-23,海外表記(国内から仕入れられない)
"SHENZHEN FCY TECHNOLOGIES CO., LTD.",南2-T15-16,海外表記(国内から仕入れられない)
"ZHONGSHAN BOYA COLOR PRINTING CO., LTD.",南2-T10-30,海外表記(国内から仕入れられない)
"CURAHEAL BIO CO., LTD.",東8-T56-19,海外表記(国内から仕入れられない)
"PCARTOON CO., LTD",南1-T01-24,海外表記(国内から仕入れられない)
"MIN CHIANG PAPER PRINT PRODUCTS CO., LTD.",東3-T21-13,海外表記(国内から仕入れられない)
"SHENZHEN GAODA HOT PRESSING PRODUCT CO., LTD.",南2-T15-17,海外表記(国内から仕入れられない)
"ZHONGSHAN FIFTH OPTION CULTURE CO., LTD.",南1-T03-14,海外表記(国内から仕入れられない)
DAEGYU PRECISION,東8-T55-20,海外表記(国内から仕入れられない)
PETEECO,西1-T14-10,海外表記(国内から仕入れられない)
"MU SPRINGS CREATIVE CO., LTD.",東7-T42-18,海外表記(国内から仕入れられない)
"SHENZHEN JICHUAN CRAFTS CO., LTD.",南2-T10-33,海外表記(国内から仕入れられない)
"ZHONGSHAN HANBAOLONG ELECTRICAL APPLIANCE CO., LTD.",南1-T03-11,海外表記(国内から仕入れられない)
DCBG INC,東8-T54-35,海外表記(国内から仕入れられない)
"PINKY COSMETIC CO., LTD.",南1-T02-03,海外表記(国内から仕入れられない)
NEWTECH SCIENTIFIC TECHNOLOGY CORP.,東2-T20-13,海外表記(国内から仕入れられない)
"SHENZHEN KECINTER INTERNATIONAL CO., LTD.",南2-T12-13,海外表記(国内から仕入れられない)
"ZHONGSHAN KINOKA ARTS & CRAFTS CO., LTD.",南2-T15-09,海外表記(国内から仕入れられない)
DEEPSCENT INC.,東8-T56-27,海外表記(国内から仕入れられない)
PKNU YTP GTEP,南1-T01-04,海外表記(国内から仕入れられない)
"ONEMORE CO., LTD",東2-T20-17,海外表記(国内から仕入れられない)
"SHENZHEN KUNHONG ELECTRONICS CO., LTD.",南1-T03-13,海外表記(国内から仕入れられない)
"ZHONGSHAN KONLON ELECTRICAL TECHNOLOGY CO., LTD.",南1-T05-11,海外表記(国内から仕入れられない)
DELIONE,西4-T55-03,海外表記(国内から仕入れられない)
PLEATICA,東7-T50-04-07,海外表記(国内から仕入れられない)
OSMAR BUCKLE LTD.,東3-T21-04,海外表記(国内から仕入れられない)
"SHENZHEN RAYMOTO INTELLIGENT TECHNOLOGY CO., LTD.",南2-T09-11,海外表記(国内から仕入れられない)
"ZHONGSHAN TOSHARE TECHNOLOGY CO., LTD.",南2-T14-32,海外表記(国内から仕入れられない)
DERMA CENTRIC,東7-T50-04-26,海外表記(国内から仕入れられない)
PUNNGI PREMIUM GOODS ARGRICULTURAL COPERATIVE,東7-T37-22,海外表記(国内から仕入れられない)
ROYAL MAYE CHIE. ENT. INC.,東2-T19-10,海外表記(国内から仕入れられない)
SHENZHEN SHANJING HARDWARE MANUFACTURING FACTORY,南1-T06-31,海外表記(国内から仕入れられない)
ロリー・ジャパン(株）,南2-T15-35,PASS
DESIGNSKIN,西2-T29-17,海外表記(国内から仕入れられない)
"QKOREA CO., LTD.",東8-T56-14,海外表記(国内から仕入れられない)
"SAN LIN COLOR PRINTING CO., LTD",東2-T19-03,海外表記(国内から仕入れられない)
"SHENZHEN SMILE TECHNOLOGY CO., LTD.",南2-T12-02,海外表記(国内から仕入れられない)
"DESIZON CO., LTD",東8-T54-22,海外表記(国内から仕入れられない)
RAINT,東7-T40-36,海外表記(国内から仕入れられない)
"SCIENCE INTERNATIONAL CO., LTD.(R)",西1-T14-17,海外表記(国内から仕入れられない)
"SHENZHEN TOPSHARP PRECISION ELECTRONICS CO., LTD.",東8-T55-11,海外表記(国内から仕入れられない)
PALASET,西4-T57-09,海外表記(国内から仕入れられない)
DOASUP,東8-T54-29,海外表記(国内から仕入れられない)
RAMIU_MEETU,東7-T50-04-15,海外表記(国内から仕入れられない)
SIMBALION,東2-T19-16,海外表記(国内から仕入れられない)
"SHENZHEN WANGSHUN COMPUTER EMBROIDERY CO., LTD.",南2-T14-15,海外表記(国内から仕入れられない)
"DODUM AGRICULTURAL CORPORATION CO., LTD",東8-T55-29,海外表記(国内から仕入れられない)
RESEMBLE FLOWER,西2-T37-13,海外表記(国内から仕入れられない)
"SKY 2000 INT'L CO., LTD.",東2-T19-12,海外表記(国内から仕入れられない)
"SHENZHEN XINYICHENG ACOUSTIC ELECTRONICS CO., LTD.",南1-T05-21,海外表記(国内から仕入れられない)
Gerald Hellmann,西1-T14-05,海外表記(国内から仕入れられない)
DONGSAN SPORTS,東7-T46-17,海外表記(国内から仕入れられない)
"SCHAFFENGOTT CO., LTD.",東8-T57-13,海外表記(国内から仕入れられない)
SNW LIFESTYLE & KITCHENWARE,東2-T19-17,海外表記(国内から仕入れられない)
"SHENZHEN YIHUAXING TECHNOLOGY CO., LTD.",南1-T08-36,海外表記(国内から仕入れられない)
L.M. KARTENVERTRIEB & VERLAGS GMBH GERMANY,東2-T15-34,海外表記(国内から仕入れられない)
EASY SOOM,東7-T50-04-02,海外表記(国内から仕入れられない)
"SCHOLAS CO., LTD.",東2-Ｔ17-37,海外表記(国内から仕入れられない)
STONE & RESOURCE INDUSTRY R&D CENTER,東3-T21-22,海外表記(国内から仕入れられない)
"SHENZHENSHI CHUANGXINHAI CRAFT PRODUCT CO., LTD.",南2-T11-15,海外表記(国内から仕入れられない)
"EGTECH CO., LTD.",東8-T54-20,海外表記(国内から仕入れられない)
SEJEMALL,東7-T38-21,海外表記(国内から仕入れられない)
"SUNNY FIBER INDUSTRIAL CO., LTD.",東3-T21-10,海外表記(国内から仕入れられない)
"SHIJIAZHUANG LEZE TRADING CO., LTD.",南1-T03-12,海外表記(国内から仕入れられない)
9GAG LIMITED,東8-T57-08,海外表記(国内から仕入れられない)
"ELY COMPANY CO., LTD.",南1-T02-03,海外表記(国内から仕入れられない)
SEO HYE JI,西1-T14-04,海外表記(国内から仕入れられない)
"SWEET- HOME ENTERPRISE CO., LTD.",東3-T21-17,海外表記(国内から仕入れられない)
"SHUANBGTONG DAILY NECESSITIES CO., LTD.",南2-T09-15,海外表記(国内から仕入れられない)
AE CORPORATION LIMITED,南1-T01-32,海外表記(国内から仕入れられない)
EURO CO./BLACKCAN3 & ESL BOILING TUMBER,東7-T50-04-05,海外表記(国内から仕入れられない)
"SEOHOLAB CO., LTD.",東7-T50-04-08,海外表記(国内から仕入れられない)
"SZU WOEI CO., LTD.",東2-T19-07,海外表記(国内から仕入れられない)
"SKIFF INDUSTRIAL CO., LTD.",南1-T05-10,海外表記(国内から仕入れられない)
AMAZING SQUARE INDUSTRIAL LTD,東7-T49-15,海外表記(国内から仕入れられない)
FABYOU,南1-T02-03,海外表記(国内から仕入れられない)
"SHARE GREEN CO., LTD",西2-T34-19,海外表記(国内から仕入れられない)
"TAI MEI ACRYLIC CO., LTD.",東7-T49-18,海外表記(国内から仕入れられない)
"SOHAI HOUSEWARES CO., LTD.",南2-T13-23,海外表記(国内から仕入れられない)
AMPLE EDUPLAY ORGANIZATION LIMITED,東8-T57-12,海外表記(国内から仕入れられない)
FINE GINSENG FT,東8-T56-30,海外表記(国内から仕入れられない)
SHARELIFE,西4-T56-14,海外表記(国内から仕入れられない)
"TAIHE INTERNATIONAL INDUSTRIAL CO., LTD.",東2-T20-11,海外表記(国内から仕入れられない)
"STRONG(ZHUHAI) TECHNOLOGY CO., LTD.",東8-T55-09,海外表記(国内から仕入れられない)
ANYTEK,東3-T21-41,海外表記(国内から仕入れられない)
FINETNC CORP.,東8-T54-24,海外表記(国内から仕入れられない)
"SHINE B CO.,LTD.",東7-T50-04-01,海外表記(国内から仕入れられない)
"TAILLOON BALLOONS CO., LTD",東2-T19-13,海外表記(国内から仕入れられない)
"SUBO TEXTILES TECHNOLOGY(SUZHOU) CO., LTD.",南2-T10-13,海外表記(国内から仕入れられない)
BEACON INTERNATIONAL LTD,西2-T21-09,海外表記(国内から仕入れられない)
FLORODORA,東7-T50-04-29,海外表記(国内から仕入れられない)
"SIMFLE-STICK CO., LTD.",東7-T50-04-25,海外表記(国内から仕入れられない)
TAITRA (TAIWAN EXTERNAL TRADE DEVELOPMENT COUNCIL),東2-T19-01,海外表記(国内から仕入れられない)
SUNING YOUZHUOSAI CLOTHING CO. LTD.,南1-T02-15,海外表記(国内から仕入れられない)
BESTWAY,西1-GL-03,海外表記(国内から仕入れられない)
FORÊT DE FLO,東8-T56-23,海外表記(国内から仕入れられない)
SLOCK LTD,東8-T57-09,海外表記(国内から仕入れられない)
"TAIWAN BUSINESS EC., INC.",東3-T21-20,海外表記(国内から仕入れられない)
"SUPRAMIND (DONGGUAN) TECHNOLOGY CO., LTD.",南1-T02-09,海外表記(国内から仕入れられない)
BRAVO TOYS LIMITED,東3-Ｔ27-46,海外表記(国内から仕入れられない)
FRESHOUR INC,東8-T55-31,海外表記(国内から仕入れられない)
SOMOKSOBOK,西1-T14-10,海外表記(国内から仕入れられない)
"TAIWAN HOPAX CHEMICALS MFG. CO., LTD.",東2-T17-44,海外表記(国内から仕入れられない)
"SUZHOU BETTER CLEAN CO., LTD.",南1-T06-22,海外表記(国内から仕入れられない)
BRILLIANT PIONEER TECHTRADERS LIMITED,南1-T01-25,海外表記(国内から仕入れられない)
G9ONDO,東7-T50-04-24,海外表記(国内から仕入れられない)
SONG YONG WOON,西1-T14-04,海外表記(国内から仕入れられない)
TIWONDER,東2-T19-24,海外表記(国内から仕入れられない)
"SUZHOU HONGSHENG TEXTILE CO., LTD.",南2-T14-14,海外表記(国内から仕入れられない)
BRILLIANT RICH ELECTRONICS LIMITED,東8-T57-12,海外表記(国内から仕入れられない)
GAEGUNEEZ & RARAMEL,東7-T50-04-28,海外表記(国内から仕入れられない)
SONIMEDI[BIO CELL FUSION SCIENCE INSTITUTE],南1-T02-03,海外表記(国内から仕入れられない)
"T-SPACE CO., LTD",東2-T19-15,海外表記(国内から仕入れられない)
"SUZHOU TOPACK PACKAGING TECHNOLOGY CO., LTD.",南1-T04-15,海外表記(国内から仕入れられない)
BURGAMO CO.,東7-T43-23,海外表記(国内から仕入れられない)
GALLLINE RAZOR PAD,南1-T01-28,海外表記(国内から仕入れられない)
SOOSUL,東7-T40-36,海外表記(国内から仕入れられない)
"UNIPEX GLOBAL CO., LTD.",東2-T19-02,海外表記(国内から仕入れられない)
"TAIZHOU ESC INDUSTRIAL AND TRADING CO., LTD",南1-T02-30,海外表記(国内から仕入れられない)
CARTEINE MANUFACTURING LIMITED,東8-T58-01,海外表記(国内から仕入れられない)
GET YOUR CRAYON,西1-T14-10,海外表記(国内から仕入れられない)
SSLKH,東7-T40-36,海外表記(国内から仕入れられない)
"UNITED WAY ENTERPRISES CO., LTD",東3-T20-14,海外表記(国内から仕入れられない)
"TAIZHOU GODDESS PLAYINGCARDS CO., LTD.",南2-T11-12,海外表記(国内から仕入れられない)
"CHINFAI TECHNOLOGY CO., LTD",東7-T37-11,海外表記(国内から仕入れられない)
"G-MED CO., LTD.",東7-T50-04-18,海外表記(国内から仕入れられない)
"STRANGE PLANET. CO., LTD.",東8-T55-25,海外表記(国内から仕入れられない)
"UP-HILL INDUSTRIAL CO., LTD.",東3-T21-15,海外表記(国内から仕入れられない)
TAIZHOU HUANGYAN CHENGNAN MOLDS AND PLASTICS FACTORY,南1-T04-34,海外表記(国内から仕入れられない)
"DA DONG CRAFT CO., LIMITED",東3-Ｔ25-43,海外表記(国内から仕入れられない)
GODBODY,東7-T40-23,海外表記(国内から仕入れられない)
STUDIORIEUL,西1-T14-10,海外表記(国内から仕入れられない)
"YAJHIH CO., LTD",東2-T20-21,海外表記(国内から仕入れられない)
"TAIZHOU LIDENG PLASTIC CO., LTD.",南1-T08-30,海外表記(国内から仕入れられない)
DEVELOP PLAN ARTS CRAFTS LIMITED,西2-T34-11,海外表記(国内から仕入れられない)
GOTAE,西1-T14-10,海外表記(国内から仕入れられない)
STURGEONBIO,東7-T50-04-14,海外表記(国内から仕入れられない)
"YONGENERGY TRADING CO., LTD.",東3-T21-16,海外表記(国内から仕入れられない)
"TH CREATIVE CO., LTD.",南1-T03-34,海外表記(国内から仕入れられない)
DYNAMIC SCIENTIFIC LIMITED,東8-T57-12,海外表記(国内から仕入れられない)
GREEN-D,南1-T02-03,海外表記(国内から仕入れられない)
SUELO,南1-T01-22,海外表記(国内から仕入れられない)
TIANCHANG A&M IMPORT AND EXPORT LTD.,南1-T05-35,海外表記(国内から仕入れられない)
FINEWELL UNIVERSAL LTD.,東3-Ｔ27-37,海外表記(国内から仕入れられない)
GREENREJU,東7-T40-36,海外表記(国内から仕入れられない)
SUNG YOUNG SOOK,西1-T14-04,海外表記(国内から仕入れられない)
ABLE INTERIOR WORKSHOP,西4-SO-08,海外表記(国内から仕入れられない)
"TIANCHANG TIANYI IMPORT & EXPORT TRADE CO., LTD.",南1-T05-31,海外表記(国内から仕入れられない)
FORBAL LIMITED,東3-T21-39,海外表記(国内から仕入れられない)
GWORKS,東7-T50-21,海外表記(国内から仕入れられない)
SUNTIQUE,東7-T42-17,海外表記(国内から仕入れられない)
"AGAL DECOR CO., LTD.",西4-SO-18,海外表記(国内から仕入れられない)
"TONGFU MANUFACTURING CO., LTD.",南2-T11-33,海外表記(国内から仕入れられない)
GYEONGBUK ECONOMIC PROMOTION AGENCY,東7-T37-18,海外表記(国内から仕入れられない)
"SURGINUS CO., LTD.",東8-T56-28,海外表記(国内から仕入れられない)
"ART OF POSSIBILITY CO., LTD.",西4-SO-10,海外表記(国内から仕入れられない)
"TONGXIANG JIN YINUO TEXTILE CO., LTD.",南2-T15-23,海外表記(国内から仕入れられない)
GERMAIN ELECTRONIC LIMITED,東8-T58-07,海外表記(国内から仕入れられない)
HA YOUNG JO,西1-T14-04,海外表記(国内から仕入れられない)
"SWAD SECRET CO.,LTD.",南1-T02-03,海外表記(国内から仕入れられない)
AWA DÉCOR LIMITED PARTNERSHIP,西4-SO-09,海外表記(国内から仕入れられない)
"TOP CARFT GIFTS CO., LTD.",南2-T10-24,海外表記(国内から仕入れられない)
H & J HOME GROUP LIMITED,東8-T57-06,海外表記(国内から仕入れられない)
"HAERYE CO., LTD.",東8-T54-28,海外表記(国内から仕入れられない)
"THE CHEONYU CO., LTD.",東8-T56-12,海外表記(国内から仕入れられない)
BOONYARAT THAICRAFTS,西4-SO-13,海外表記(国内から仕入れられない)
"TOYIN ACRYLIC PRODUCTS CO., LTD.",南2-T08-07,海外表記(国内から仕入れられない)
HAN DING ENTERPRISE COMPANY LIMITED,東8-T57-04,海外表記(国内から仕入れられない)
"HAIRREGEON, HERIBON",東7-T50-04-16,海外表記(国内から仕入れられない)
TWINGTY,東7-T50-04-17,海外表記(国内から仕入れられない)
CONTEMPORARY THAI JEWELRY SHOW CASE BY GIT,西1-T15-13,海外表記(国内から仕入れられない)
"UNION HOME CO., LTD.",南1-T04-25,海外表記(国内から仕入れられない)
HAODA,東3-Ｔ25-42,海外表記(国内から仕入れられない)
HAN CARE,東8-T56-16,海外表記(国内から仕入れられない)
TWSPORTS,東8-T54-27,海外表記(国内から仕入れられない)
"CORNER 43 DECOR CO., LTD.",西4-SO-03,海外表記(国内から仕入れられない)
"UNION POWER(YANGZHOU)CO., LTD.",南2-T13-34,海外表記(国内から仕入れられない)
HOMELOVER PRODUCTS LIMITED,東8-T58-09,海外表記(国内から仕入れられない)
HANSAE INDUSTRY,東7-T42-16,海外表記(国内から仕入れられない)
underdogs。,西1-T14-10,海外表記(国内から仕入れられない)
"CRAFT THE FUTURE CO., LTD.",西4-SO-21,海外表記(国内から仕入れられない)
"V-TRUST INSPECTION SERVICE CO., LTD.",南2-T12-21,海外表記(国内から仕入れられない)
HONESTY (HONGKONG) GROUP COMPANY LIMITED,東8-T58-11B,海外表記(国内から仕入れられない)
"HANSCOS CO., LTD.",南1-T02-03,海外表記(国内から仕入れられない)
VAROL,東7-T50-04-03,海外表記(国内から仕入れられない)
CULTURAL PRODUCT OF THAILAND (CPOT),西1-T12-02,海外表記(国内から仕入れられない)
"WEIFANG DINGFENG ECONOMIC TRADE CO., LTD.",南1-T07-34,海外表記(国内から仕入れられない)
"HONG KONG GREEN RAINFOREST TRADING CO., LIMITED",南1-T01-29,海外表記(国内から仕入れられない)
HEYC,東7-T50-04-09,海外表記(国内から仕入れられない)
VOIB,西1-T14-10,海外表記(国内から仕入れられない)
"DEESAWAT INDUSTRIES CO., LTD.",西4-SO-19,海外表記(国内から仕入れられない)
"WEIFANG HUANHAI IMPORT & EXPORT CO., LTD.",南2-T12-17,海外表記(国内から仕入れられない)
"HONG KONG KIDS PLAY INDUSTRIAL CO., LIMITED",東7-T46-27,海外表記(国内から仕入れられない)
HONG GEUN PYO,西1-T14-04,海外表記(国内から仕入れられない)
"W.TANOCI CO., LTD",東8-T56-31,海外表記(国内から仕入れられない)
DEPARTMENT OF INTERNATIONAL TRADE PROMOTION,西4-SO-22,海外表記(国内から仕入れられない)
"WEIFANG TRICOL TRADING CO., LTD.",南2-T13-33,海外表記(国内から仕入れられない)
HONG KONG TRADE DEVELOPMENT COUNCIL,東8-T57-12,海外表記(国内から仕入れられない)
HONGD. MADE,西1-T14-02,海外表記(国内から仕入れられない)
WOOSM,東7-T50-04-13,海外表記(国内から仕入れられない)
"GOLD HOUSE DECOR CO., LTD.",西4-SO-16,海外表記(国内から仕入れられない)
"WEIHAI DEHUB METAL & PLASTIC CO., LTD.",南1-T06-27,海外表記(国内から仕入れられない)
HONG LUEN MANUFACTURING LIMITED,東8-T58-03,海外表記(国内から仕入れられない)
HORONG GENERAL STORE,西1-T14-10,海外表記(国内から仕入れられない)
WORLD HOME DOCTOR CORP. / DR.FRIEND,東7-T50-04-19,海外表記(国内から仕入れられない)
"INNATO BIOTECH CO., LTD.",西4-SO-14,海外表記(国内から仕入れられない)
"WEIHAI DINGGU OUTDOOR PRODUCTS CO., LTD.",南2-T12-32,海外表記(国内から仕入れられない)
HONGKONG FORTUNEBEST TRADING LIMITED,南1-T03-02,海外表記(国内から仕入れられない)
HULOCK,東8-T57-15,海外表記(国内から仕入れられない)
"YH LIFE CO., LTD.",南1-T01-30,海外表記(国内から仕入れられない)
"KUNAKIJ FURNITURE INDUSTRY CO., LTD.",西4-SO-04,海外表記(国内から仕入れられない)
"WEIHAI LION TOY CO., LTD.",南1-T06-29,海外表記(国内から仕入れられない)
HONGKONG GOLDEN LION TRADING LIMITED,東8-T57-07,海外表記(国内から仕入れられない)
HWANG MI JUNG,西1-T14-04,海外表記(国内から仕入れられない)
"YOOSAMI CO., LTD",東2-T17-39,海外表記(国内から仕入れられない)
OTOP PREMIUM GO INTER CURATED BY DITP,西1-T14-14,海外表記(国内から仕入れられない)
"WEIHAI NEW HORIZON PLUSH CO., LTD.",南2-T12-15,海外表記(国内から仕入れられない)
HONGKONG KING JADE TRADING LIMITED,南1-T01-33,海外表記(国内から仕入れられない)
HYANGPRO,東7-T40-36,海外表記(国内から仕入れられない)
"YOUNGINFARM CO.,LTD",南1-T02-03,海外表記(国内から仕入れられない)
PIYASILA,西4-SO-11,海外表記(国内から仕入れられない)
"WENDENG HUAKAI TOYS CO., LTD.",南1-T06-25,海外表記(国内から仕入れられない)
HONGKONG LIVEON KITCHEN TECHNOLOGY LIMITED,東8-T57-02,海外表記(国内から仕入れられない)
"HYUNJIN PACKAGE CO., LTD.",東8-T56-10,海外表記(国内から仕入れられない)
YUARIM,東2-T18-20,海外表記(国内から仕入れられない)
"RUBBER STUDIO CO., LTD.",西4-SO-12,海外表記(国内から仕入れられない)
WENZHOU FUJIE POLYTRON TECHNOLOGIES INC,南2-T12-19,海外表記(国内から仕入れられない)
"JADEGLEAM CO., LIMITED",東3-T27-36,海外表記(国内から仕入れられない)
IBITA-GTDA,東7-T50-04,海外表記(国内から仕入れられない)
"YUSA TRADING CO., LTD",西4-T53-16,海外表記(国内から仕入れられない)
SRIP & CO.,西1-T15-16,海外表記(国内から仕入れられない)
"WENZHOU GREEN PLANET OPTICAL CO., LTD.",南1-T08-26,海外表記(国内から仕入れられない)
KEYSTAR INTERNATIONAL LIMITED,東3-T27-41,海外表記(国内から仕入れられない)
ICOSKOREA,南1-T02-03,海外表記(国内から仕入れられない)
YUYEONLAB,西1-T14-10,海外表記(国内から仕入れられない)
"SRIWATANA WOODING INDUSTRIES CO., LTD.",西4-SO-15,海外表記(国内から仕入れられない)
"WENZHOU GUANGYUE INTERNATIONAL TRADE CO., LTD.",南1-T07-23,海外表記(国内から仕入れられない)
KIN WAY ELECTRONICS LIMITED,西2-T21-18,海外表記(国内から仕入れられない)
"IFTECH CO., LTD",東8-T54-31,海外表記(国内から仕入れられない)
ZZUP INC.,東2-T18-25,海外表記(国内から仕入れられない)
"TEXTILE GALLERY CO., LTD.",西4-SO-17,海外表記(国内から仕入れられない)
"WENZHOU HONGTAO PACKING CO., LTD.",南2-T11-30,海外表記(国内から仕入れられない)
"LEKIT STATIONERY CO., LIMITED",東2-T15-47,海外表記(国内から仕入れられない)
ILLITO,西1-T14-10,海外表記(国内から仕入れられない)
"WENZHOU HUANLONG ART&CRAFTS CO., LTD.",南2-T09-29,海外表記(国内から仕入れられない)
MEGA SHOW HONG KONG PART 1 & 2 2026,西1-T15-17,海外表記(国内から仕入れられない)
"ILMI FOOD CO., LTD",東8-T55-27,海外表記(国内から仕入れられない)
ROYAL DELFT,西4-T57-07,海外表記(国内から仕入れられない)
MIMOZZA TAKI MUCEVHERAT LTD.,東7-T33-31,海外表記(国内から仕入れられない)
"WENZHOU JIAKAI PACKAGING CO., LTD.",南1-T06-37,海外表記(国内から仕入れられない)
MOSOSISI 無瑣事事事務所,西1-T03-13,PASS
INCHEON TECHNOPARK,南1-T02-03,海外表記(国内から仕入れられない)
"WENZHOU JIASHENG LATEX PRODUCTS CO., LTD",南1-T02-24,海外表記(国内から仕入れられない)
RODMAN ENTERPRISES LIMITED,東7-T48-18,海外表記(国内から仕入れられない)
ITCHO,東8-T55-19,海外表記(国内から仕入れられない)
ALIMA,西4-T52-04,海外表記(国内から仕入れられない)
SUPERCUTE,東3-T27-40,海外表記(国内から仕入れられない)
"WENZHOU SICAITE INTERNATIONAL TRADE CO., LTD.",南1-T05-32,海外表記(国内から仕入れられない)
SEARANGE HOUSEWARE LIMITED,東8-T58-11A,海外表記(国内から仕入れられない)
"J&G COSMETICS CO., LTD",東8-T56-21,海外表記(国内から仕入れられない)
AUDREY ALBASON,西4-T52-04,海外表記(国内から仕入れられない)
"WENZHOU YINORSEN IMPORT AND EXPORT CO., LTD.",南2-T08-25,海外表記(国内から仕入れられない)
"TASKWIN GP INDUSTRY(HK) CO., LTD",東3-T27-20,海外表記(国内から仕入れられない)
"JA FOOD CO., LTD.",東8-T55-21,海外表記(国内から仕入れられない)
CENTER FOR INTERNATIONAL TRADE EXPOSITIONS AND MISSIONS,西4-T52-04,海外表記(国内から仕入れられない)
55 MENAHAN CG LLC,南1-T01-38,海外表記(国内から仕入れられない)
"WINBO GIFTS CO., LTD.",南1-T06-16,海外表記(国内から仕入れられない)
TRANSAUDIO,東8-T57-12,海外表記(国内から仕入れられない)
JANG KYUNG A,西1-T14-04,海外表記(国内から仕入れられない)
ETHNIC ART WOODEN WARES MANUFACTURING,西4-T52-04,海外表記(国内から仕入れられない)
BUBBLE SHACK HAWAI I,東3-T28-28-07,海外表記(国内から仕入れられない)
"WUJIANG NUODE TEXTILE CO., LTD.",南1-T04-26,海外表記(国内から仕入れられない)
WEI YIT VACUUM FLASK MANUFACTORY LIMITED,東8-T58-05,海外表記(国内から仕入れられない)
JANG KYUNG AE,西1-T14-04,海外表記(国内から仕入れられない)
FGM HANDICRAFT,西4-T52-04,海外表記(国内から仕入れられない)
CLEANIZ GROUP LLC,東8-T55-15,海外表記(国内から仕入れられない)
"WUXI JHC MATS CO., LTD",東7-T46-08,海外表記(国内から仕入れられない)
WINWIN INDUSTRIAL COMPANY LIMITED,東3-Ｔ25-37,海外表記(国内から仕入れられない)
JANG SEOG SOON,西1-T14-04,海外表記(国内から仕入れられない)
GREEN INC.,西4-T52-04,海外表記(国内から仕入れられない)
ELISE HATSUKO,東3-T28-28-12,海外表記(国内から仕入れられない)
"WUXI TIAN LIANG FOREIGN TRADE CO., LTD.",南1-T08-34,海外表記(国内から仕入れられない)
"YIWUPASSPORT CO., LIMITED",東7-T45-11,海外表記(国内から仕入れられない)
"JMW CO., LTD",東7-T50-17,海外表記(国内から仕入れられない)
ISLAND RKOC,西4-T52-04,海外表記(国内から仕入れられない)
GALLEON CHOCOLATE,東3-T28-28-15,海外表記(国内から仕入れられない)
"WUYI GLODEN HONESTY CO., LTD.",南1-T07-17,海外表記(国内から仕入れられない)
"YOU LONG ELECTRICAL INDUSTRIAL CO., LIMITED",東7-T38-18,海外表記(国内から仕入れられない)
"JSTYLEKOREA CO., LTD.",東2-T18-27,海外表記(国内から仕入れられない)
JAZ HANDICRAFT,西4-T52-04,海外表記(国内から仕入れられない)
HAWAI‘I PAVILION,東3-T28-28,海外表記(国内から仕入れられない)
WUYI TACHISO DRINKWARE CORPORATION,南2-T14-08,海外表記(国内から仕入れられない)
YOUNG TIDE LIMITED,東8-T57-10,海外表記(国内から仕入れられない)
"K-BEAUTY FROM BUSAN, KOREA",東7-T40-36,海外表記(国内から仕入れられない)
JC HANDICRAFTS MANUFACTURING,西4-T52-04,海外表記(国内から仕入れられない)
HAWAII PLANTATION,東3-T28-28-04,海外表記(国内から仕入れられない)
"WUYI ZHONGTUO IMPORT AND EXPORT CO., LTD.",南2-T15-29,海外表記(国内から仕入れられない)
カンホン検品会社,東3-T29-51,PASS
KIM BUM YONG,西1-T14-04,海外表記(国内から仕入れられない)
JM HANDICRAFTS,西4-T52-04,海外表記(国内から仕入れられない)
HAWAIIAN PARADISE COFFEE,東3-T28-28-09,海外表記(国内から仕入れられない)
"XIAMEN DENGLULONGCHAO IMPORT & EXPORT CO., LTD.",南1-T02-36,海外表記(国内から仕入れられない)
KIM CHI HO,西1-T14-04,海外表記(国内から仕入れられない)
KAPALONG HANDICRAFTS MANUFACTURING,西4-T52-04,海外表記(国内から仕入れられない)
HOTA BRILLIANCE INC,東2-T18-39,海外表記(国内から仕入れられない)
"XIAMEN ABLE OUTDOOR EQUIPMENT TECHNOLOGY CO., LTD.",南2-T13-15,海外表記(国内から仕入れられない)
BANIK JUTE,西1-T15-14,海外表記(国内から仕入れられない)
KIM SOO A,西1-T14-04,海外表記(国内から仕入れられない)
LOVEHANDKRAFTED SHOP,西4-T52-04,海外表記(国内から仕入れられない)
JHS INC,東8-T55-13,海外表記(国内から仕入れられない)
"XIAMEN HUIDE XIESHENG PACKAGING CO., LTD.",南1-T05-12,海外表記(国内から仕入れられない)
EARTHY LIFE STYLE PRODUCTS PVT LTD,西1-T15-06,海外表記(国内から仕入れられない)
KIM SUNG TAI,西1-T14-04,海外表記(国内から仕入れられない)
MATAHOM LIKHA+,西4-T52-04,海外表記(国内から仕入れられない)
KAUAI HEMP COMPANY,東3-T28-28-06,海外表記(国内から仕入れられない)
"XIAMEN PRINT FUTURE TECHNOLOGY CO., LTD.",南1-T03-17,海外表記(国内から仕入れられない)
ECO JUTE PVT.LTD.,西1-T15-02,海外表記(国内から仕入れられない)
"KNTEC (KOREA NEW TECH CO,. LTD.)",南1-T01-08,海外表記(国内から仕入れられない)
NATURAL CARPET INDUSTRIES,西4-T52-04,海外表記(国内から仕入れられない)
LAU LAU WOODWORKS,東3-T28-28-03,海外表記(国内から仕入れられない)
"XIAMEN PROSPER TABLEWARE CO., LTD.",南1-T08-08,海外表記(国内から仕入れられない)
GIRIRAJ NATURE CARE BAGS PVT. LTD,西1-T15-12,海外表記(国内から仕入れられない)
KOREA TMT,東7-T37-18,海外表記(国内から仕入れられない)
OBRA,西4-T52-04,海外表記(国内から仕入れられない)
MAEBO NOODLE FACTORY,東3-T28-28-17,海外表記(国内から仕入れられない)
"XIAMEN SUNSRAS TECHNOLOGY CO., LTD.",南2-T10-06,海外表記(国内から仕入れられない)
"INDIA PAVILION BY MINISTRY OF MSME, GOVT. OF INDIA",南1-T02-21,海外表記(国内から仕入れられない)
KOREAN TRADITIONAL FOOD COOP,東8-T56-22,海外表記(国内から仕入れられない)
OBRA BICOLANDIA FURNITURE,西4-T52-04,海外表記(国内から仕入れられない)
MALAMAPONO DESIGNS,東3-T28-28-10,海外表記(国内から仕入れられない)
"XINLE HUABAO PLASTIC PRODUCTS CO., LTD.",南2-T09-07,海外表記(国内から仕入れられない)
NATIONAL JUTE BOARD,西1-T15-08,海外表記(国内から仕入れられない)
KOREATS,東7-T40-36,海外表記(国内から仕入れられない)
PREMIUM BOX CORP (KALIKATURE),西4-T52-04,海外表記(国内から仕入れられない)
MOKU PUA,東3-T28-28-13,海外表記(国内から仕入れられない)
"YANCHENG HENGFENG SPONGE CO., LTD.",南2-T10-05,海外表記(国内から仕入れられない)
OSB OVERSEAS PVT LTD,西1-T15-10,海外表記(国内から仕入れられない)
KOTONA,西2-T25-17,海外表記(国内から仕入れられない)
SHELMED COTTAGE TREASURES,西4-T52-04,海外表記(国内から仕入れられない)
NAPUA'ALA,東3-T28-28-11,海外表記(国内から仕入れられない)
"YANCHENG SENFU DECORATIVE CARPET CO., LTD.",南2-T11-31,海外表記(国内から仕入れられない)
STERLING GLOBAL,西2-T25-09,海外表記(国内から仕入れられない)
"KUNWOOTECH CO., LTD.",西1-T14-18,海外表記(国内から仕入れられない)
SJ HANDICRAFTS,西4-T52-04,海外表記(国内から仕入れられない)
OWLPACK,西2-T21-14,海外表記(国内から仕入れられない)
"YANCHENG SHANTONG TOY CO., LTD.",南2-T13-27,海外表記(国内から仕入れられない)
VAMASA TRADING PVT. LTD,西1-T15-04,海外表記(国内から仕入れられない)
"KWANGJIN IND. CO., LTD",東7-T37-20,海外表記(国内から仕入れられない)
PARADISE FOUND,東3-T28-28-05,海外表記(国内から仕入れられない)
"YANCHENG YONGSHENG SPONGE PRODUCTS CO., LTD.",南1-T03-03,海外表記(国内から仕入れられない)
"KYCLOTH CO., LTD",南1-T01-35,海外表記(国内から仕入れられない)
LILIAMANSION,西2-T29-09,海外表記(国内から仕入れられない)
PURE HAWAIIAN WATER,東3-T28-28-01,海外表記(国内から仕入れられない)
"YANCHENG YUKA CLEAN CO., LTD.",南2-T14-17,海外表記(国内から仕入れられない)
PT INSPIRA FURNEXINDO,西4-T53-14,海外表記(国内から仕入れられない)
LALARECIPE,東7-T50-04-20,海外表記(国内から仕入れられない)
"PURE CLEAN CO., LTD.",東8-T57-23,海外表記(国内から仕入れられない)
STAN&CO LIFESTYLE LLC,西1-T03-19,海外表記(国内から仕入れられない)
"YANGZHOU BESTPAK GIFTS & CRAFTS CO., LTD.",南1-T06-32,海外表記(国内から仕入れられない)
LAMOOL,東7-T40-36,海外表記(国内から仕入れられない)
STARSG TECHNOLOGY PTE. LIMITED,南1-T01-26,海外表記(国内から仕入れられない)
SUNFLORAL AND FLAIR,東3-T28-28-14,海外表記(国内から仕入れられない)
"YANGZHOU WINGS HAT CO., LTD.",南2-T14-13,海外表記(国内から仕入れられない)
GLI ORI DI VENEZIA SRL,西1-Ｔ12-01,海外表記(国内から仕入れられない)
LEAF TILE INC,東7-T38-17,海外表記(国内から仕入れられない)
TWO PALMS,東3-T28-28-02,海外表記(国内から仕入れられない)
"YINGKESONG BIYE KEJI R&D CENTER SHENZHEN CO., LTD.",南1-T03-15,海外表記(国内から仕入れられない)
LEE JONG MOON,西1-T14-04,海外表記(国内から仕入れられない)
"ALL TOGETHER INTERNATIONAL CO., LTD",東3-T21-19,海外表記(国内から仕入れられない)
WAIAKEA WATER,東3-T28-28-18,海外表記(国内から仕入れられない)
"YIWU CHENLU DAILY NECESSITIES CO., LTD.",南1-T07-24,海外表記(国内から仕入れられない)
"[VALFINE] NAOTECH CO., LTD.",東8-T56-08,海外表記(国内から仕入れられない)
LEE JONG OH,西1-T14-04,海外表記(国内から仕入れられない)
"AMRES ENTERPRISE CO., LTD.",東2-T20-15,海外表記(国内から仕入れられない)
WAIWAI COLLECTION,東3-T28-28-08,海外表記(国内から仕入れられない)
"YIWU DOWELL ACCESSORIES CO., LTD.",南2-T13-14,海外表記(国内から仕入れられない)
AAROC,西1-T14-10,海外表記(国内から仕入れられない)
LEE JU YEON,西1-T14-04,海外表記(国内から仕入れられない)
"AZUMA INDUSTRIAL CO., LTD",東7-T45-24,海外表記(国内から仕入れられない)
"YIWU DREAMWORK JEWELRY CO., LTD.",南2-T08-31,海外表記(国内から仕入れられない)
ABALICO KOREA,東7-T50-04-23,海外表記(国内から仕入れられない)
"LEE MI SUN TEXTILE ARTCO., LTD",東8-T54-30,海外表記(国内から仕入れられない)
"BOSS MAGNET INDUSTRIAL CO., LTD.",東2-T19-20,海外表記(国内から仕入れられない)
HANOI INDUSTRY AND TRADE PROMOTION CENTER,南1-T01-03,海外表記(国内から仕入れられない)
"YIWU GREAT LUCK TRADE CO., LTD.",南2-T11-21,海外表記(国内から仕入れられない)
"ADDABLE CO., LTD",南1-T01-06,海外表記(国内から仕入れられない)
LEE SANG RYE,西1-T14-04,海外表記(国内から仕入れられない)
"CANPLOW ENTERPRISE CO., LTD.",東3-T20-08,海外表記(国内から仕入れられない)
KMS IMPORT EXPORT TRADING SERVICES COMPANY LIMITED,南1-T01-01,海外表記(国内から仕入れられない)
"YIWU KARZO ACCESSORIES CO., LTD.",南1-T05-28,海外表記(国内から仕入れられない)
ALCOFIX INC.,東8-T56-24,海外表記(国内から仕入れられない)
LEE YOON JUNG,西1-T14-04,海外表記(国内から仕入れられない)
"CCYC CO., LTD.",東3-T21-07,海外表記(国内から仕入れられない)
"YIWU RODA COMMODITY CO., LTD.",南2-T12-34,海外表記(国内から仕入れられない)
"ANNABIO CO., LTD",東8-T55-24,海外表記(国内から仕入れられない)
"LEETEK LIFE CO., LTD",東7-T50-04-06,海外表記(国内から仕入れられない)
"CHEN HSI INNOVATIVE CO., LTD",東2-T19-21,海外表記(国内から仕入れられない)
"YIWU SHINNING IMPORT AND EXPORT CO., LTD.",南2-T15-25,海外表記(国内から仕入れられない)
"ANNIE.CONG CO., LTD",東2-T18-18,海外表記(国内から仕入れられない)
LEVERY,西4-T53-12,海外表記(国内から仕入れられない)
"CHINE LEE INDUSTRIAL. CO., LTD",東3-T21-21,海外表記(国内から仕入れられない)
"YIWU YIDA CULTURAL PRODUCTS CO., LTD.",南1-T04-08,海外表記(国内から仕入れられない)
ANU,西1-T14-10,海外表記(国内から仕入れられない)
LIVINGICON INC.,東8-T57-25,海外表記(国内から仕入れられない)
"CHIUAN TERNG INTERNATIONAL CO., LTD. (ST.MALO W.)",東7-T35-31,海外表記(国内から仕入れられない)
"YIWU YUEFA ARTS CRAFTS CO., LTD.",南1-T05-24,海外表記(国内から仕入れられない)
"APEXEL CO., LTD.",東7-T38-19,海外表記(国内から仕入れられない)
LOBCOL,東8-T56-26,海外表記(国内から仕入れられない)
"CHUNG JEN INTERNATIONAL GIFT CO., LTD.",東2-T19-25,海外表記(国内から仕入れられない)
NPO法人 愛のまちエコ倶楽部,東1-T04-38,PASS
小野甚味噌醤油醸造（株）,東1-T02-15-02,PASS
（株）松阪マルシェ,東1-T04-34,PASS
NPO法人 愛のまちエコ倶楽部／東近江市商工会,東1-T04-38,団体・自治体・教育機関(メーカーでない)
おばあちゃん,東1-T02-05,PASS
自然薯家,東1-T02-32,PASS
なのはな農園（株）,東1-T02-06,PASS
松新フーズ,東1-T05-04,PASS
秋田県,東1-T05-05,団体・自治体・教育機関(メーカーでない)
小山商工会議所,東1-T02-05,団体・自治体・教育機関(メーカーでない)
志摩市商工会,東1-T05-08,団体・自治体・教育機関(メーカーでない)
なんごうプラザ（株）,東1-T04-16,PASS
まぶし美人キムチ,東1-T05-04,PASS
（株）秋田ニューバイオファーム,東1-T02-28,PASS
オリカ産業（株）,東1-T02-27,PASS
（株）楠城屋商店,東1-T03-22,PASS
（同）,東1-T01-KP16,PASS
カコイ食品（株）,東1-T03-15,PASS
四万十うなぎ販売（株）,東1-T01-KP06,PASS
南蛮屋（株）,東1-T04-18,PASS
旭テックス,東1-T06-04,PASS
菓子工房コンセルト,東1-T01-KP28,PASS
（株） しまんとtasty,東1-T01-KP01,PASS
（株）浅舞婦人漬物研究会,東1-T04-05,PASS
（株）鹿島屋,東1-T02-15-13,PASS
虹色パンダ,東1-T06-04,PASS
マルコ醸造（株）,東1-T04-15,PASS
明日香村商工会,東1-T07-31,団体・自治体・教育機関(メーカーでない)
菓匠三和／（有）三和商事,東1-T03-47,商社・代理店・デザイン(メーカー直でない)
生姜料理薬膳 寺子屋cafe～仁～,東1-T04-CD06,PASS
足助まいど商店,東1-T02-06,PASS
kashirajima olive,東1-T06-04,海外表記(国内から仕入れられない)
（株）植物蒸留らぼ.DD,東1-T02-15-10,PASS
（株）丸昌醸造場,東1-T01-28,PASS
割烹立よし,東1-T04-22,PASS
（株）食・メディア,東1-T02-05,PASS
（公社）,東1-T06-17,団体・自治体・教育機関(メーカーでない)
割烹ひさご,東1-T05-18,PASS
白浜町商工会／日置川町商工会／すさみ町商工会,東1-T05-20,団体・自治体・教育機関(メーカーでない)
（株）鰻楽,東1-T06-08,PASS
家庭酒房ふきのとう,東1-T01-KP20,PASS
ジンジャー・エール,東1-T06-04,PASS
農園まほろば,東1-T01-28,PASS
みかさぎ麹屋,東1-T04-15,PASS
網走ビール,東1-T04-CD05,PASS
かねご製餡（株）／匠あんこ堂,東1-T03-PF01,PASS
（株）新丸正,東1-T03-PF09,PASS
農林水産省【SAVOR JAPAN】,東1-T01-01,PASS
MIXIA （株）,東1-T05-50,海外表記(国内から仕入れられない)
（株）天郷醸造所,東1-T04-20,PASS
SUIREN+ Coffee Roaster,東1-T06-12,海外表記(国内から仕入れられない)
ノーイン,東1-T03-PF04,PASS
みずほ製菓,東1-T02-18,PASS
（株）兼由,東1-T03-51,PASS
すえひろファーム,東1-T04-28,PASS
（同）NORTH,東1-T03-PF05,海外表記(国内から仕入れられない)
（有）港屋,東1-T05-20,PASS
南アルプス市商工会,東1-T04-22,団体・自治体・教育機関(メーカーでない)
有田商工会議所／（株）,東1-T06-48,団体・自治体・教育機関(メーカーでない)
（同）菓福,東1-T01-KP19,PASS
（株）すくも酒造,東1-T01-KP11,PASS
（有）野澤作蔵商店,東1-T02-31,PASS
南あわじ市商工会,東1-T02-34,団体・自治体・教育機関(メーカーでない)
飯魚（いお）,東1-T02-18,PASS
（有）上伊那農民組合産直センター,東1-T02-37,PASS
のだみそ,東1-T02-06,PASS
身延町商工会,東1-T04-22,団体・自治体・教育機関(メーカーでない)
生坂村商工会,東1-T01-31,団体・自治体・教育機関(メーカーでない)
河西青果（株）,東1-T02-36,PASS
NOBODA store,東1-T02-18,海外表記(国内から仕入れられない)
（株）みまさかフード,東1-T02-35,PASS
池田町商工会,東1-T01-31,団体・自治体・教育機関(メーカーでない)
河辺雄和商工会,東1-T02-11,団体・自治体・教育機関(メーカーでない)
Nori’ｓ Beer,東1-T04-22,海外表記(国内から仕入れられない)
宮栄商事（有）,東1-T03-PF02,商社・代理店・デザイン(メーカー直でない)
（株）いしはらキッチン,東1-T01-KP17,PASS
関東食品工業（株）,東1-T04-22,PASS
SPAIN BAR VALESTA,東1-T05-20,海外表記(国内から仕入れられない)
ノリットジャポン,東1-T05-05,PASS
（株）宮川物産,東1-T07-03,商社・代理店・デザイン(メーカー直でない)
（株）ISHIWATA VINEYARD,東1-T01-35,海外表記(国内から仕入れられない)
（同）吉之助キッチン,東1-T03-16,PASS
SLICK（株）,東1-T01-KP09,海外表記(国内から仕入れられない)
都城商工会議所,東1-T03-05,団体・自治体・教育機関(メーカーでない)
伊勢原市商工会,東1-T02-32,団体・自治体・教育機関(メーカーでない)
（株）KICQ,東1-T04-22,海外表記(国内から仕入れられない)
（株）晴耕ファーム,東1-T04-22,PASS
（有）梅香堂,東1-T03-PF10,PASS
（株）宮崎合同食品,東1-T03-06,PASS
板野町商工会,東1-T07-07,団体・自治体・教育機関(メーカーでない)
（株）静風,東1-T07-33,PASS
ばいこう堂（株）,東1-T03-58,PASS
板橋金属工業（株）,東1-T02-54,PASS
（株）京都バニラビーンズ,東1-T02-15-12,PASS
請福酒造（有）,東1-T04-CD02,PASS
ハイナン農業協同組合,東1-T04-06,団体・自治体・教育機関(メーカーでない)
結 MUSUBI,東1-T04-22,海外表記(国内から仕入れられない)
市川三郷町商工会,東1-T04-22,団体・自治体・教育機関(メーカーでない)
バガス農業そいる,東1-T05-08,PASS
明宝特産物加工（株）,東1-T01-28,PASS
桐生市新里商工会,東1-T01-35,団体・自治体・教育機関(メーカーでない)
（株）葉桐,東1-T02-59,PASS
mononofujapan（株）,東1-T03-15,海外表記(国内から仕入れられない)
市来商工会,東1-T03-20,団体・自治体・教育機関(メーカーでない)
千金丹ケアーズ,東1-T02-48,PASS
白州FARM,東1-T04-22,PASS
（株）MOMIKI,東1-T02-41,海外表記(国内から仕入れられない)
出羽和紙,東1-T02-11,PASS
（同）球磨川アーティザンズ,東1-T05-42,PASS
白馬錦酒造（株）,東1-T04-28,PASS
森川商店,東1-T05-20,PASS
（株）彩,東1-T01-31,PASS
匝瑳市商工会,東1-T05-15,団体・自治体・教育機関(メーカーでない)
森田鰹節（株）,東1-T01-KP08,PASS
（有）いろは堂,東1-T02-58,PASS
長谷川醸造（株）,東1-T04-22,PASS
森の蔵農園,東1-T03-20,PASS
岩村醸造（株）,東1-T04-15,PASS
倉吉商工会議所,東1-T04-21,団体・自治体・教育機関(メーカーでない)
ダートコーヒー,東1-T03-43,PASS
ハッピーヒルファーム,東1-T01-47,PASS
ウィキッド ウェイ ミード,東1-T01-31,PASS
大吉畜産（株）,東1-T02-18,PASS
87（株）,東1-T02-18,海外表記(国内から仕入れられない)
夜久野物産（株）,東1-T02-15-07,商社・代理店・デザイン(メーカー直でない)
大洋（株）,東1-T03-45,PASS
（株）花善,東1-T05-09,PASS
（株）野州たかむら,東1-T05-33,PASS
久留米東部商工会,東1-T05-27,団体・自治体・教育機関(メーカーでない)
（有） タカハシ印店,東1-T02-28,PASS
（株）野草のさと,東1-T04-22,PASS
クレッシェンド,東1-T03-35,PASS
（有）財部とうふ店,東1-T03-05,PASS
浜弥鰹節（株）,東1-T06-19,PASS
（株）覇楼館,東1-T01-28,PASS
山岡酒造（有）,東1-T06-34,PASS
（株）上尾製菓,東1-T02-15-08,PASS
黒瀬商工会,東1-T06-03,団体・自治体・教育機関(メーカーでない)
（株）匠創海,東1-T05-20,PASS
（同）Bande Brewing,東1-T04-22,海外表記(国内から仕入れられない)
山岡精機（株）,東1-T02-18,PASS
上田商工会議所,東1-T02-12,団体・自治体・教育機関(メーカーでない)
燻製道楽,東1-T04-21,PASS
（株）竹千代,東1-T05-20,PASS
ヤマサキ農場（株）,東1-T01-KP21,PASS
訓子府町商工会,東1-T07-09,団体・自治体・教育機関(メーカーでない)
（同）beeb,東1-T05-04,海外表記(国内から仕入れられない)
ヤマサ商店,東1-T06-07,PASS
WELD ONE,東1-T02-15-01,海外表記(国内から仕入れられない)
けあふぃっとふぁーむ,東1-T04-22,PASS
太宰府市商工会,東1-T03-35,団体・自治体・教育機関(メーカーでない)
（株）菱和園,東1-T05-47,PASS
迎光（同）,東1-T03-38,PASS
辰岡製茶（株）,東1-T02-18,PASS
備前東商工会,東1-T06-04,団体・自治体・教育機関(メーカーでない)
ヤマダアールカンパニー,東1-T02-18,PASS
魚津商工会議所,東1-T06-37,団体・自治体・教育機関(メーカーでない)
ケンコー食品工業（株）,東1-T03-05,PASS
谷川醸造（株）,東1-T05-41,PASS
NPO法人日高わのわ会,東1-T01-KP05,PASS
山大商事（株）,東1-T02-33,商社・代理店・デザイン(メーカー直でない)
（株）魚津屋1925,東1-T06-37,PASS
莨屋 塩座,東1-T02-06,PASS
山梨県商工会連合会,東1-T04-22,団体・自治体・教育機関(メーカーでない)
宇都宮酒造（株）,東1-T04-CD01,PASS
（株）恋する鹿角カンパニー,東1-T05-05,PASS
太良町商工会,東1-T05-16,団体・自治体・教育機関(メーカーでない)
HINOBREWING（株),東1-T02-18,海外表記(国内から仕入れられない)
うなぎの三河,東1-T02-06,PASS
（有）弘悦,東1-T02-15-03,PASS
だるま味噌（株）,東1-T01-KP22,PASS
百匠屋,東1-T02-18,PASS
甲賀米粉たい焼き,東1-T02-18,PASS
ちきり清水商店（株）,東1-T06-43,PASS
由利本荘市商工会,東1-T02-28,団体・自治体・教育機関(メーカーでない)
エーエフ企画,東1-T03-16,PASS
甲州市商工会,東1-T04-22,団体・自治体・教育機関(メーカーでない)
筑紫野市商工会,東1-T05-48,団体・自治体・教育機関(メーカーでない)
V&V（株）,東1-T02-15-09,海外表記(国内から仕入れられない)
高知県特産品販売（株）,東1-T01-KP29,PASS
よこて市商工会,東1-T04-05,団体・自治体・教育機関(メーカーでない)
エクルビス,東1-T03-22,PASS
高知酒造（株）,東1-T01-KP12,PASS
茶師 木村,東1-T04-06,団体・自治体・教育機関(メーカーでない)
（株）深川珈琲,東1-T05-04,PASS
よこやま,東1-T05-08,PASS
こうちプレミアム,東1-T01-05,PASS
中央印刷（株）,東1-T03-22,PASS
深田養蜂,東1-T01-28,PASS
（株）吉村,東1-T05-35,団体・自治体・教育機関(メーカーでない)
恵那市恵南商工会,東1-T04-15,団体・自治体・教育機関(メーカーでない)
（株）香木堂,東1-T06-03,PASS
ちりめん山椒千京・MALAMA PLACE,東1-T02-15-11,PASS
福島県食品生産協同組合,東1-T06-07,団体・自治体・教育機関(メーカーでない)
（株）愛媛海産,東1-T03-PF03,PASS
興洋フリーズ,東1-T01-KP23,PASS
（株）継ぐ,東1-T05-48,PASS
福智町商工会,東1-T04-20,団体・自治体・教育機関(メーカーでない)
ライフメイト,東1-T02-43,PASS
（株）FLC design,東1-T04-10,海外表記(国内から仕入れられない)
（一社）津野山畜産公社,東1-T01-KP04,団体・自治体・教育機関(メーカーでない)
（有）ふく屋,東1-T04-05,PASS
らくの寿司,東1-T05-16,PASS
KOKOKOバウムクーヘン,東1-T04-15,PASS
M.vege,東1-T02-15-06,海外表記(国内から仕入れられない)
富士川町商工会,東1-T04-22,団体・自治体・教育機関(メーカーでない)
reth（株）／Bloome,東1-T06-20,海外表記(国内から仕入れられない)
Barcos Coffee【（株）エモーションワーク】,東1-T04-21,PASS
越田鮮魚店,東1-T03-17,PASS
（株）T＆T,東1-T05-08,海外表記(国内から仕入れられない)
藤澤醸造（株）,東1-T01-31,PASS
リゾートペンション四季彩,東1-T01-28,PASS
こまめBASE,東1-T02-11,PASS
富士納豆製造所,東1-T04-22,PASS
（株）立田屋,東1-T04-28,PASS
（株）近江園田ふぁーむ,東1-T02-18,PASS
commune,東1-T02-11,海外表記(国内から仕入れられない)
不二ハウス工業（株）,東1-T04-CD07,PASS
料理魚石 RYORIUOISHI,東1-T02-18,海外表記(国内から仕入れられない)
（株）ORGANIC HOUSE,東1-T04-33,海外表記(国内から仕入れられない)
彩香堂,東1-T06-24,PASS
府中町商工会,東1-T05-04,団体・自治体・教育機関(メーカーでない)
リンクフードジャパン,東1-T03-05,PASS
（一社）大川村ふるさとむら公社,東1-T01-KP24,団体・自治体・教育機関(メーカーでない)
相良物産（株）,東1-T04-06,商社・代理店・デザイン(メーカー直でない)
（株）天然生活,東1-T03-11,PASS
佐久市,東1-T01-01,団体・自治体・教育機関(メーカーでない)
（株） トーホク秋田工場,東1-T02-28,PASS
ブリリアントアソシエイツ,東1-T03-22,PASS
大台町商工会,東1-T07-03,団体・自治体・教育機関(メーカーでない)
佐久物産振興会 (事務局:（株）,東1-T01-01,団体・自治体・教育機関(メーカーでない)
（株）徳志満,東1-T02-18,PASS
渡辺糀店,東1-T02-18,PASS
大塚製茶（株）,東1-T07-43,PASS
酒のまるけん,東1-T02-28,PASS
（株）土佐蒲鉾,東1-T01-KP03,PASS
大月市商工会,東1-T04-22,団体・自治体・教育機関(メーカーでない)
笹一酒造（株）,東1-T04-22,PASS
（有）鳥取珈琲館,東1-T03-22,PASS
大橋珍味堂（株）,東1-T06-51,PASS
佐々木製麹本舗,東1-T04-05,PASS
鳥取商工会議所,東1-T03-22,団体・自治体・教育機関(メーカーでない)
Gペットフードひので家,東1-T01-KP25,PASS
Jinju Bio Industry Foundation,東1-T03-28,海外表記(国内から仕入れられない)
（有）大平商店,東1-T01-KP10,PASS
（株）佐藤酒造店（出羽の冨士醸造元）,東1-T02-28,PASS
ととせ,東1-T02-39,PASS
B” MODA STRECHIMING S.A.C.,東1-T07-15,海外表記(国内から仕入れられない)
（株）大前醤油本店（安芸高田市商工会）,東1-T07-11,PASS
SATONOWA®／多賀町大滝地域里づくり協議会,東1-T06-36,PASS
とびしま柑橘工房（株）,東1-T06-03,PASS
北杜市商工会,東1-T04-22,団体・自治体・教育機関(メーカーでない)
"Chunwoodang Agricultural Corporation Co.,Ltd.",東1-T04-35,海外表記(国内から仕入れられない)
大町商工会議所,東1-T04-28,団体・自治体・教育機関(メーカーでない)
佐土原町商工会,東1-T02-39,団体・自治体・教育機関(メーカーでない)
豊田商工会議所,東1-T02-06,団体・自治体・教育機関(メーカーでない)
北海道ダイニングキッチン,東1-T03-57,PASS
Habongjeong Food,東1-T03-28,海外表記(国内から仕入れられない)
The Hive and Barrow,東1-T05-17,海外表記(国内から仕入れられない)
豊田鉃工（株）,東1-T02-06,PASS
（株）北海大和,東1-T03-49,PASS
HAEGEUMDANG,東1-T03-28,海外表記(国内から仕入れられない)
小笠原製粉（株）,東1-T03-33,PASS
（株）三英商会,東1-T07-45,PASS
Dongree,東1-T02-18,海外表記(国内から仕入れられない)
ホトトギス,東1-T04-10,PASS
"JANGSAENGDORAJI CO., LTD.",東1-T03-28,海外表記(国内から仕入れられない)
岡本製麺（株）,東1-T07-07,PASS
sanchikara～土佐れいほく～,東1-T01-KP18,PASS
（株） ドンレミー,東1-T03-53,PASS
（株）MY HONEY,東1-T04-21,海外表記(国内から仕入れられない)
"JBF Co,. Ltd",東1-T03-28,海外表記(国内から仕入れられない)
岡山北商工会,東1-T04-10,団体・自治体・教育機関(メーカーでない)
（株）G.N.O,東1-T03-06,海外表記(国内から仕入れられない)
牧之原市茶業振興協議会,東1-T04-06,PASS
JW FD,東1-T03-28,海外表記(国内から仕入れられない)
（株）小栗農園,東1-T04-06,PASS
長崎市北部商工会,東1-T03-15,団体・自治体・教育機関(メーカーでない)
JY STORY,東1-T03-28,海外表記(国内から仕入れられない)
小田原市橘商工会,東1-T02-31,団体・自治体・教育機関(メーカーでない)
中根製茶（株）,東1-T05-45,PASS
（株）正紀屋,東1-T05-20,PASS
ORANGECAU,東1-T03-28,海外表記(国内から仕入れられない)
otto,東1-T06-10,海外表記(国内から仕入れられない)
長野県 広域経営支援センター高瀬エリア（池田町商工会 松川村商工会 生坂村商工会）,東1-T01-31,団体・自治体・教育機関(メーカーでない)
まちづくり上田,東1-T02-12,PASS
SOON SILK,東1-T03-28,海外表記(国内から仕入れられない)
Onion Galaxy,東1-T07-09,海外表記(国内から仕入れられない)
長浜市商工会,東1-T06-34,団体・自治体・教育機関(メーカーでない)
松川村商工会,東1-T01-31,団体・自治体・教育機関(メーカーでない)
鬼焼き瓦そばＫＡＧＵＲＡ,東1-T03-37,PASS
自然栽培の薄井農園,東1-T06-22,PASS
中村魚市（株）,東1-T01-KP02,PASS
