brand,domain,title,brand_in_page,park
UGREEN,ugreen.com,UGREEN Official Site,Y,
CIO,cio.com,CIO.com - The voice of IT leadership,Y,park
Anker,anker.com,Anker | Live Charged. - Anker US,Y,
SONY MUSIC,sonymusic.co.jp,ソニーミュージックオフィシャルサイト,Y,
BANDAI,bandai.com,Bandai Namco - Fun for All into the Future,Y,
WARNER BROS,warnerbros.com,"WarnerBros.com | Home of WB Movies, TV, Games, and more!",Y,
iClever,iclever.com,iClever Kids Headphones &ndash; iClever.com,Y,
Soundcore,soundcore.com,"Soundcore Headphones &amp; Speakers - Hear it, Feel it - soundcore US",Y,
Dyoac,dyoac.com,Active Warranty,N,
Bandai Namco,bandainamco.com,"BANDAI NAMCO Holdings USA Inc. - Dreams, Fun and Inspiration",Y,
KODAK,kodak.com,Eastman Kodak Company | Kodak,Y,
COOAU,cooau.com,COOAU,Y,
Sony,sony.jp,\j[iE\j[XgA - \j[,Y,
Logitech,logitech.com,ロジクール日本,Y,
20TH CENTURY STUDIOS,20thcenturystudios.com,20th Century Studios | Official Site,Y,
skybest,skybest.com,"SkyLine/SkyBest - High Speed Internet, TV, Security and Voice",Y,
Evinof,evinof.com,Active Warranty,N,
ieGeek,iegeek.com,ieGeek | Making Security Simpler,Y,
Moondrop,moondrop.com,MOONDROP.COM | Strategic-Grade domain names for established businesses and funded startups,Y,park
Warner,warner.com,"WarnerBros.com | Home of WB Movies, TV, Games, and more!",Y,
Paramount,paramount.jp,サービス終了のお知らせ - パラマウント・ピクチャーズ ブルーレイ&DVD公式サイト,Y,
ejet,ejet.com,EJET,Y,
Mumay,mumay.com,Mumay.com is for sale | HugeDomains,Y,park
Gimama,gimama.com,Gimama.com is for sale | HugeDomains,Y,park
ProtoArc,protoarc.com,ProtoArc® - A Workspace for Wellness.,Y,
PHILIPS,philips.com,Philips - フィリップス | Philips,Y,
KADOKAWA,kadokawa.co.jp,KADOKAWAオフィシャルサイト,Y,
BURTLE,burtle.com,,N,
Lexar,lexar.com,Lexar レキサー公式サイト,Y,
HAGOOGI,hagoogi.com,家電・インテリア通販｜HAGOOGI公式サイト &ndash; HAGOOGI（ハゴオギ）,Y,
KIOXIA,kioxia.com,KIOXIA Corporation Home | KIOXIA - Japan (English),Y,
CPWORLD,cpworld.com,,N,
TANITA,tanita.com,Healthy Habits for Happiness | TANITA,Y,
HUAKUA,huakua.com,HUAKUA.COM,Y,
Fochai,fochai.com,,Y,park
Penguin,penguin.com,,Y,
Brook,brook.com,Brook,Y,
Biwin,biwin.com,"BIWIN TECHNOLOGIES CO., LTD.",Y,
JIT,jit.com,,N,
happilaff,happilaff.com,Happilaff｜日本の家庭に笑顔を届ける調理家電ブランド,Y,
Rolling Square,rollingsquare.com,Rolling Square | The lifehackers company,Y,
Universal Pictures,universalpictures.com,Universal Pictures | New Movies In Theaters &amp; Upcoming Releases,Y,
Krunia,krunia.com,My Store,Y,
SanDisk,sandisk.com,,N,
Betenet,betenet.com,BeteNet.com is for sale | HugeDomains,Y,park
Turtleback,turtleback.com,Turtleback - Home,Y,
Johnny & Associates,johnnyassociates.com,This site is under development,N,
iface,iface.com,"iFace | Daily Delight, Always By Your Side",Y,
Leacco,leacco.com,leacco,Y,
Zeniss,zeniss.com,In-Car Android Multimedia For BMW MERCEDES-BENZ AUDI &ndash; ZENISS TECHNOLOGY COMPANY LIMITED-SilverStrong official sto,Y,
Ailewu,ailewu.com,,N,
Tuwejia,tuwejia.com,tuwejia.com,Y,park
basemax,basemax.com,フレッツ対応プロバイダ インターリンク,N,
CITIZEN,citizen.com,Citizen - Connect and stay safe.,Y,
KEEZING,keezing.com,Keezing.com is for sale | HugeDomains,Y,park
Hobbywing,hobbywing.com,HOBBYWING好盈科技 | 无人机/RC车船/个人出行动力系统,Y,
Keypal,keypal.jp,東京都荒川区の鍵トラブルはキーパル｜安くて早い鍵屋さん,Y,
Sanlao,sanlao.com,网站建设中,N,
Boleve,boleve.com,Boleve,Y,
INTEX,intex.com,Intex - Intex,Y,
KEEPRO,keepro.jp,KEEPRO &#8211; 価値ある未来を創造します。,Y,
SPAHER,spaher.com,,N,
BOS,bos.com,Office Furniture &amp; Workplace Design | BOS — Haworth Dealer,Y,
Listening Library,listeninglibrary.com,Audiobooks Books | Penguin Random House,N,
Pursay,pursay.com,,N,
WISHOLY,wisholy.com,wisholy.com is For Sale,Y,park
CREATIVE,creative.com,jp.creative.com - PCエンターテイメント製品のリーディングカンパニー,Y,
Dr.'s care,drscare.com,"DoctorsCare - Urgent Care Walk in Medical Clinic &#8211; Clarksville, Tennessee",N,
SCYROX,scyrox.com,Official Scyrox Gaming Gear | Ultimate performance -for the true games,Y,
Nextorage,nextorage.com,,N,
Bmax,bmax.com,Power to shape | Bmax,Y,
Veoyads,veoyads.com,veoyads.com for sale | Spaceship.com,Y,park
Edifier,edifier.com,音の情熱|イヤホン、スピーカー - Edifier Japan,Y,
DEPSTECH,depstech.com,"DEPSTECH Official Store | Borescopes, Webcams, Endoscopes, Power Tools",Y,
Capitol,capitol.com,capitol.com,Y,
iWIMIUS,iwimius.com,,N,
Marshall,marshall.com,Marshall — 60 years of loud | Marshall.com,Y,
BACOENG,bacoeng.com,"Vacuum Chamber Kit, Motorized Ball Valve, Circulation Pump &ndash; BACOENG",Y,
RiDATA,ridata.com,RIDATA - Right for All Your Data,Y,
ZYQ,zyq.com,,N,
Kachiari,kachiari.jp,株式会社カチアリ | ブランドを創造し、日本の外食を輝かせる。,Y,
Beanet,beanet.com,,N,
Mzyxxel,mzyxxel.com,mzyxxel.com for sale | Spaceship.com,Y,park
Lamake,lamake.com,lamake.com for sale | Spaceship.com,Y,park
COMEDYKING,comedyking.com,,N,
GOYOJO,goyojo.com,工游记,Y,
BabySmile,babysmile.com,,N,
UTRAI,utrai.com,UTRAI -Best Portable Car Jump Starter,Y,
SOOEO,sooeo.com,SOOEO.COM,Y,
ZIPPO,zippo.com,Official Zippo Website | Zippo.com &ndash; Zippo USA,Y,
BESROY,besroy.com,besroy.com-(www.west.cn)н,Y,park
LIXIL,lixil.com,LIXIL,Y,
PDP,pdp.com,Where’s PDP? | Discover PDP Gaming Now on Turtle Beach | Turtle Beach,Y,park
suptronics,suptronics.com,SupTronics Technologies,Y,
Rhino,rhino.jp,Your requested host is not found.,N,
Happinet,happinet.com,,N,
Zach Top,zachtop.com,Zach Top - Official Site,Y,
STSEETOP,stseetop.com,STSEETOP,Y,
WORKPRO,workpro.com,"Case Management Software, Complaints &amp; HR Case Tracking - Workpro",Y,
Motowolf,motowolf.com,,N,
52TOYS,52toys.com,"52TOYS Official Store | Blind Boxes, Figures &amp; Plush",Y,
Crimson,crimson.com,Crimson.com is for sale | www.brandforce.com,Y,park
avex trax,avextrax.com,AvexTrax.com is for sale | HugeDomains,Y,park
SME,sme.jp,ERROR,N,
SNK,snk.com,Web Page Under Construction,N,
Lions Gate,lionsgate.com,,Y,
SilentPower,silentpower.jp,TOP - SilentPower,Y,
ZZU,zzu.com,,N,
AirDry,airdry.com,Dehumidifier products for consumers | ThoMar OHG,N,
actiTube,actitube.com,,N,
PRXA,prxa.com,,ERR,
FleekFit,fleekfit.com,Fleek Fit,Y,
Kungix,kungix.com,Kungix 公式サイト｜ライフスタイル＆日用品カテゴリ,Y,
TRAOO,traoo.com,,N,
Juliyas,juliyas.com,"Juliya&#39;s Custom Tailoring and Alterations | Baltimore, Maryland | Bridal Alterations, Wedding Alterations, Custom Go",Y,
Lenovo,lenovo.com,レノボ® 公式オンラインショッピング｜パソコン｜タブレット｜データセンター | レノボ・ ジャパン,Y,
JOKITA,jokita.com,Jokita,Y,
Finish Line,finishline.jp,FINISH LINE,Y,
Rikuto,rikuto.com,,N,
JGUG,jgug.com,,N,
YUDOFICAL,yudofical.com,,N,
SAZAC,sazac.com,"☆사자크 공식 홈페이지,동물잠옷,캐릭터잠옷☆",Y,
CEREMONY,ceremony.jp,冠婚葬祭のセレモニー/互助会/ウェディング/葬儀,Y,
ELUTENG,eluteng.com,"ShenZhen Engesen Electronics Co.,Ltd.",Y,
LongFlight,longflight.com,,N,
GOODNEW,goodnew.com,,Y,
Generic,generic.com,Redirecting...,N,
Gourde,gourde.com,,N,
PACPAK,pacpak.com,,N,
BINGFU,bingfu.com,,ERR,
Screwpop,screwpop.com,Screwpop Tools &#8211; The World&#039;s Most &#039;Clipable&#039; Keychain Tools!™,Y,
Feesun,feesun.com,备案,N,
Lamicall,lamicall.com,"Lamicall Officia, Lamicallshop.com",Y,
HARU,haru.co.jp,立川市・東大和市の調剤薬局 はる薬局グループ｜処方箋受付・LINE送信 | 立川市若葉町・幸町、東大和市南街の調剤薬局「はる薬局」グループ。処方箋受付は全国対応。LINEで処方箋送信・ビデオ通話のオンライン服薬指導で待ち時間短縮。在宅医療（,Y,
Yukimoto,yukimoto.com,,N,
Mountsafe,mountsafe.com,,N,
Liaolee,liaolee.com,"聊聊校服-街拍最有趣的中国校服美女,大学校花|以校园为主题的网站-官网首页",Y,park
IAPOS,iapos.com,IaP,N,
YIERSAN,yiersan.com,,N,
MIATONE,miatone.com,"MIATONE Official Store | Speakers, Headphones &amp; Pure Vibes",Y,
Trywon,trywon.com,TryWon.com is for sale | HugeDomains,Y,park
Gillmar,gillmar.com,GillMar.com is for sale | HugeDomains,Y,park
BONTEC,bontec.jp,株式会社BONTEC | 自動車サービス・軽貨物リース・テレアポインター,Y,
TELESIN,telesin.com,Telesin Official Store | Camera &amp; Mobile Photography Accessories &ndash; telesinstore,Y,
IKUNTOP,ikuntop.com,404 Not Found,N,
atolla,atolla.com,Atolla.com for sale | Spaceship.com,Y,park
LISEN,lisen.com,LISEN Phone Accessories,Y,
Belkin,belkin.com,"iPhone Chargers, Power Banks &amp; Docking Stations | Belkin US",Y,
zonzon,zonzon.com,Vantaca: Comprehensive Community Association &amp; HOA Management Software,N,
FiiO,fiio.com,FiiO--Born for Music,Y,
Alprojec,alprojec.com,,N,
Mattel Games,mattelgames.com,Mattel Games For All Ages | Mattel,Y,
Yibest,yibest.com,,N,
NIPLUX,niplux.jp,《公式》NIPLUX オンラインストア | 毎日頑張っているあなたに &ndash; NIPLUX 公式オンラインストア,Y,
Aterm,aterm.com,,N,
COOLERPLUS,coolerplus.com,CoolerPlus.com is for sale | HugeDomains,Y,park
Magcubic,magcubic.com,Magcubic™—Your Top Choice for Premium Projectors,Y,
ZWILLING,zwilling.com,ツヴィリング公式オンラインショップ,Y,
Jimveo,jimveo.com,Jimveo Projector – Enjoy Pleasure Moments,Y,
Yuuscc,yuuscc.com,,N,
YEAHYO,yeahyo.com,YeahYo.com is for sale | HugeDomains,Y,park
BMSE,bmse.com,,ERR,
Butterfly,butterfly.com,Apex Moon | Award-winning Consulting Firm,Y,park
iGPSPORT,igpsport.com,iGPSPORT Official Website | Homepage,Y,
HANMATEK,hanmatek.com,HANMATEK | Professional Oscilloscopes & Test Tools — Hanmatek,Y,
Bosch,bosch.com,Invented for life | Bosch Global,Y,
SACRA MUSIC,sacramusic.com,,N,
OTTOCAST,ottocast.com,OTTOCAST | Leading Wireless CarPlay Adapter Provider,Y,
Galaxy,galaxy.com,Galaxy | Digital Assets &amp; AI Infrastructure | Galaxy,Y,
LONPOO,lonpoo.com,,N,
medicom,medicom.jp,有限会社MEDICOM,Y,
Gigastone,gigastone.jp,Gigastone JP,Y,
Graphixly,graphixly.com,"Graphixly is Clip Studio Paint’s official North American, South Americ",Y,
Headwolf,headwolf.com,&#x6B22;&#x8FCE;&#x4F7F;&#x7528;ChineseStack,N,
Wondershare,wondershare.com,Wondershare - The Creator's Era of AI-Powered Creativity,Y,
NIMASO,nimaso.com,"NIMASO | Phone Cases, Screen Protection and Power &ndash; NIMASO_US",Y,
UNOKKI,unokki.com,,N,
USAYAMA,usayama.com,"USAYAMA, Inc. ｜ AIの実証実験を、ビジネスの実装へ。",Y,
MiliCamp,milicamp.com,"CIXI CHENGJIA HARDWARE TOOLS CO.,LTD.",N,
iFLEX,iflex.co.jp,Just another WordPress site &#8211; Just another WordPress site,Y,
ColorfulHome,colorfulhome.com,"Children's Towels Wholesale, COLORFUL HOME",Y,
Biyoso,biyoso.com,Biyoso Int&#039;l HK Limited,Y,
OHAJIKI,ohajiki.com,,N,
TORRAS,torras.com,TORRAS | Moda de lujo en piel y punto para hombre y mujer | TORRAS,Y,
LENUTO,lenuto.com,Site not here,N,
Yonker,yonker.com,Your Name as Your Email | Hover Realnames,Y,
Sinjimoru,sinjimoru.com,sinjimoru,Y,
Oregon,oregon.com,Experience Oregon,Y,
mimimamo,mimimamo.com,【公式】mimimamo®スーパーストレッチ・ヘッドホンカバー,Y,
LAOPAO,laopao.jp,老炮儿包子（老砲豚饅頭）| 京都伏見・本場北京の包子と炒肝の店,Y,
1Mii,1mii.com,1Mii,Y,
TOPADRE,topadre.com,TOPADRE TECH,Y,
Clipa,clipa.com,Certified Christmas Light Installers - CLIPA,Y,
Portta,portta.com,Portta.com - Ready for Development,Y,
BAL,bal.com,Leading Global Immigration Law Firm | BAL Immigration Law,Y,
hololive OFFICIAL CARD GAME,hololiveofficialcardgame.com,Coming Soon,Y,
Annexfun,annexfun.com,Annexfun,Y,
Lector House,lectorhouse.com,Home Page - Lector,Y,
Blaze Entertainment,blazeentertainment.com,BlazeEntertainment.com is for sale | HugeDomains,Y,park
MJJC,mjjc.com,MJJC - For Better Foam &ndash; MJJC Foam Inc.,Y,
inforest,inforest.com,Web Design Princeton NJ | Custom Websites &amp; Digital Marketing,Y,
Kiboer,kiboer.com,Kiboer 高品質かつ革新的で実用的な美容ソリューションを提供することを目指しています,Y,
EJD,ejd.com,,N,
Barbie,barbie.com,Barbie Toys & Playsets | Mattel Shop,Y,
etoe,etoe.com,,N,
Business,business.com,Business.com | The Trusted Resource for SMB Software &amp; Services - Business.com,Y,
Hachette Audio,hachetteaudio.com,Hachette Audio | Hachette Book Group,Y,
Island Uk,islanduk.com,,N,
ERJ,erj.com,,Y,
Vintage Canada,vintagecanada.com,,N,
iZotope,izotope.com,"iZotope | Plugins for Audio Restoration, Mixing, Mastering and More",Y,
ESET,eset.com,"ESET Cybersecurity | Enterprise, Business and Home Solutions &#124; ESET",Y,
atRise,atrise.com,Atrise: Web and Design Software,Y,
TEOOT,teoot.com,Teoot — Orchestra,Y,
FAR EAST GADGET,fareastgadget.com,トップページ - Far East Gadget,Y,
eue,eue.jp,eue.jp | おもちゃ,Y,
Twofox,twofox.com,,N,
BeeTool,beetool.com,BeeTool.com is for sale | HugeDomains,Y,park
ACMEZING,acmezing.com,,N,
SCM Microsystems,scmmicrosystems.com,ScmMicrosystems.com is for sale | HugeDomains,Y,park
GuMosh,gumosh.com,上海古默仪表技术有限公司【官网】,Y,
LINKChef,linkchef.com,LinkChef,Y,
Perixx,perixx.com,"Perixx US - ergonomic keyboards, mice, trackballs, touchpads &ndash; Perixx USA",Y,
KYG,kyg.com,kyg.com - Virtual market | Domain name,Y,park
VentaPak,ventapak.com,Backpack Spacer &amp; Accessory for Ventilation | VentaPak,Y,
Sugeko,sugeko.com,Sugeko - Su Geçirmez Konnektör,Y,
DEXION,dexion.com,Dexion | Storage Solutions | Official Site,Y,
AIZEO,aizeo.com,AiZeo.com for sale | Spaceship.com,Y,park
SwanScout,swanscout.com,"SwanScout | Elegant Wireless Chargers for Apple, Samsung, Google, etc",Y,
AboveTEK,abovetek.com,Ergonomic Phone &amp; Tablet Stands | AboveTEK® &ndash; AboveTEK.com,Y,
WAVLINK,wavlink.com,Home and Business Networking Equipment &amp;Wireless Audio and Video Transmission Equipment -Wavlink.com,Y,
Everline,everline.jp,海上コンテナ輸送（ドレージ） | EVER LINE株式会社,Y,
8Bitdo,8bitdo.com,8BitDo,Y,
BQEYZ,bqeyz.com,BQEYZ | Best Quality Earphone for You with Zeal – BQEYZ audio,Y,
Roadlamp,roadlamp.com,ROADLAMP.COM MAY BE AVAILABLE!,Y,park
Lusciouz,lusciouz.com,,N,
Mill Creek Entertainment,millcreekentertainment.com,Mill Creek Entertainment,Y,
GoveeLife,goveelife.com,GoveeLife | Smart Home Appliances,Y,
Handeful,handeful.com,Handeful Grip Measure and Monitor - Store &amp; Club &ndash; Handeful Store &amp; Club,Y,
CME,cme.jp,,N,
Syitren,syitren.com,Home - Syitren Audio,Y,
AHS,ahs.com,Home Warranty Plans by American Home Shield&#xAE;,Y,
SENPPLE,senpple.com,Active Warranty,N,
roborock,roborock.com,Roborock US Official Store | Intelligent Robot Vacuum Cleaner and Mop,Y,
aestiquo,aestiquo.com,Aestiquo - 高性能家電製品 | 光と影の間に、空間が生まれる,Y,
NorwegianStyle,norwegianstyle.jp,北欧フリルフスリフ通販,Y,
THANKO,thanko.jp,サンコー公式オンラインショップ ｜ 秋葉原で生まれた家電メーカーTHANKO,Y,
LIHILIS,lihilis.com,lihilis,Y,
NETGEAR,netgear.com,NETGEAR: Advanced WiFi &amp; Networking,Y,
KJK,kjk.com,KJK - A Law Firm Built For Business - KJK | Kohrman Jackson Krantz,Y,
Blackstone Publishing,blackstonepublishing.com,Blackstone Publishing,Y,
Def Jam,defjam.com,Def Jam | Official Store - Def Jam | Official Store,Y,
Goal Zero,goalzero.com,"Portable Power Stations, Solar Generators &amp; Home Backup | Goal Zero",Y,
Kimwood,kimwood.com,Kimwood Machinery Inc - 800.942.4401,Y,
Derila,derila.com,Derila Pillows | Premium Pillows for Better Sleep | Derila,Y,
Google,google.com,Google,Y,
Globular Cluster,globularcluster.com,,N,
N-style,nstyle.com,,ERR,
Spopal,spopal.com,spopal,Y,
Braun,braun.com,髭剃り・シェービングや脱毛なら電動シェーバーのBRAUN（ブラウン）,Y,
Tipkook,tipkook.com,Cool Tools for Cool Life &ndash; Tipkook,Y,
NGK,ngk.com,NGK.com,Y,
Speakers Corner,speakerscorner.com,H-SPHERE,N,
LEGACY RECORDINGS,legacyrecordings.com,Home - Legacy Recordings,Y,
MEDICOM TOY,medicomtoy.com,,Y,
KingSpec,kingspec.com,KingSpec | Best Solid State Drive (SSD) Manufacturer,Y,
Winning,winning.com,winning.com — is your business winning?,Y,
amBand,amband.com,The Coolest Apple Watch Case Over The World &ndash; Amband®,Y,
Kung Long,kunglong.com,Kung Long Batteries KLB｜Professional Lead-Acid Battery Manufacturer,Y,
Hodderscape,hodderscape.com,Hodderscape Bookshop | HODDERSCAPE.CO.UK,Y,
MINTGAMES,mintgames.com,Index of /,N,
Abrams Books,abramsbooks.com,ABRAMS | The Art of Books Since 1949,Y,
NEC,nec.com,NEC(Global),Y,
JLab,jlab.com,"JLab: True Wireless Headphones, Earbuds, Microphones, Personal Audio",Y,
Doubleday,doubleday.com,Doubleday Books | Knopf Doubleday,Y,
Taishita,taishita.com,,N,
Teenage Engineering,teenageengineering.com,teenage engineering,Y,
AMOVO,amovo.com,AMOVO CHOCOLATE,Y,
Hi-Spec,hispec.com,,ERR,
arboleaf,arboleaf.com,Arboleaf Smart Scale &amp; Wellness Devices | Arboleaf US,Y,
Seefox,seefox.com,SeeFox,Y,
Lemorele,lemorele.com,"USB Hub, Macbook hub, Adapters, Docking Station, and More! &ndash; Lemorele official",Y,
LEWITT,lewitt.jp,LEWITT – Austrian Microphone Excellence,Y,
MIHAMA,mihama.com,美浜株式会社,Y,
Wantek,wantek.com,,ERR,
LEONINE,leonine.com,www.leoninestudios.com: www.leoninestudios.com,Y,
Seesii,seesii.com,seesii.com for sale | Spaceship.com,Y,park
21Technology,21technology.com,,N,
anoutway,anoutway.com,Parking Page,N,
Eonon,eonon.com,"Eonon.com: Online Shopping for Android Car Stereo, Head Unit, Car Radio & more",Y,park
Xvive,xvive.com,Xvive - Home Page,Y,
JPjoy,jpjoy.com,JpJoy.com is for sale | HugeDomains,Y,park
Faber & Faber,faberfaber.com,Welcome to Faber.Faber,N,
pa-man,paman.com,,N,
Greneo,greneo.com,,N,
King Records,kingrecords.com,kingrecords.com &mdash; Under Construction,Y,
Earth Plus,earthplus.com,,N,
Deltran,deltran.com,Precision Metal Stamping by Deltran,Y,
NSW,nsw.com,Norddeutsche Seekabelwerke,Y,
Sweet Cherry Publishing,sweetcherrypublishing.com,Sweet Cherry Publishing &#8211; Award-winning children’s book publisher,Y,
Arrow Video,arrowvideo.com,"Arrow Video US - Cult, Classic &amp; Horror Movies",Y,
Public Publishing,publicpublishing.com,,N,
SAMSUNG,samsung.com,Samsung Japan 公式 | Samsung Galaxy（サムスンギャラクシー）,Y,
Kurilon,kurilon.co.jp,クリロン化成株式会社,Y,
Baby Shusher,babyshusher.com,Baby Sound Machine | Baby Soother | The Original - Baby Shusher,Y,
Authors Equity,authorsequity.com,Authors Equity - The Author-Centered Book Publisher,Y,
HiGrace,higrace.com,HiGrace.com,Y,
Perfection Learning,perfectionlearning.com,Home | Perfection Learning,Y,
Revive Classics,reviveclassics.com,Suffolk Joinery - Suffolk Joinery,N,
TABWEE,tabwee.com,TABWEE Official Site,Y,
Scuf,scuf.com,SCUF® カスタムコントローラー | PS5、Xbox、PC向け高性能コントローラー,Y,
ARZOPA,arzopa.com,Arzopa® US | #1 Best-Selling Portable Monitor Brand,Y,
Import,import.jp,DOMAIN ERROR,N,
La Tromba,latromba.com,,ERR,
KRE,kre.com,"Keffalas Real Estate, Inc. | Sales, Appraisals, & Rentals",Y,park
Puffin,puffin.com,Puffin - Over 200 Million Downloads across Android and iOS!,Y,
Focusrite,focusrite.com,Focusrite | Audio Interfaces and Pro Audio Equipment,Y,
Nulea,nulea.com,Nulea® | Work with Your Favorite &ndash; nulea offical,Y,
Hawk Press,hawkpress.com,,N,
IK Multimedia,ikmultimedia.com,IK MULTIMEDIA. SOUND BETTER.,Y,
MANGA ENTERTAINMENT,mangaentertainment.com,MangaEntertainment.com is for sale | HugeDomains,Y,park
