メーカー名,正規化名,分類,正式商号,法人番号,所在地,公式HP,電話,問い合わせフォームURL,メール,取得手段,出典URL,確度,備考,別名
ウォルト・ディズニー・ジャパン株式会社,ウォルト・ディズニー・ジャパン株式会社,和名法人らしき,,,,,,,,,,不明,,
UGREEN,UGREEN,英字ブランド,,,,,,,,,,不明,,
CIO,CIO,英字ブランド,,,,,,,,,,不明,,
Anker,Anker,英字ブランド,,,,,,,,,,不明,,
UNIVERSAL MUSIC GROUP,UNIVERSAL MUSIC GROUP,英字ブランド,,,,,,,,,,不明,,
Universal,Universal,英字ブランド,,,,,,,,,,不明,,
SONY MUSIC,SONY MUSIC,英字ブランド,,,,,,,,,,不明,,
BANDAI,BANDAI,英字ブランド,,,,,,,,,,不明,,
WARNER BROS,WARNER BROS,英字ブランド,,,,,,,,,,不明,,
マタインク,マタインク,和名法人らしき,,,,,,,,,,不明,,
ソニー・インタラクティブエンタテインメント,ソニー・インタラクティブエンタテインメント,和名法人らしき,,,,,,,,,,不明,,
パナソニック(Panasonic),パナソニック,和名法人らしき,,,,,,,,,,不明,,Panasonic
LxTek,LxTek,英字ブランド,,,,,,,,,,不明,,
エレコム(ELECOM),エレコム,和名法人らしき,,,,,,,,,,不明,,ELECOM
iClever,iClever,英字ブランド,,,,,,,,,,不明,,
Soundcore,Soundcore,英字ブランド,,,,,,,,,,不明,,
任天堂,任天堂,和名法人らしき,,,,,,,,,,不明,,
ノーブランド品,ノーブランド品,ノーブランド・個人らしき,,,,,,,,,,不明,[既取得55社(T-20260804-001)] ノーブランド品でメーカー実体を特定できず。公式サイト確認不可のため空欄 / 規模:中小 / 元メーカー名表記:Ligare / ノーブランド品,
講談社,講談社,和名法人らしき,,,,,,,,,,不明,,
Dyoac,Dyoac,英字ブランド,,,,,,,,,,不明,,
スクウェア・エニックス(SQUARE ENIX),スクウェア・エニックス,和名法人らしき,,,,https://www.jp.square-enix.com/,,https://www.hd.square-enix.com/jpn/contact.html,,既取得55社(T-20260804-001),https://www.hd.square-enix.com/jpn/contact.html,確定,[既取得55社(T-20260804-001)] ゲーム・キャラ商品。直取引困難・正規窓口。フォームのみ / 規模:大手 / 元メーカー名表記:スクウェア・エニックス SQUARE ENIX,SQUARE ENIX
Bandai Namco,Bandai Namco,英字ブランド,,,,,,,,,,不明,,
ワーナーホームビデオ,ワーナーホームビデオ,和名法人らしき,,,,,,,,,,不明,,
KODAK,KODAK,英字ブランド,,,,,,,,,,不明,,
ポニーキャニオン,ポニーキャニオン,和名法人らしき,,,,,,,,,,不明,,
ワコーズ(Wako's),ワコーズ,和名法人らしき,,,,,,,,,,不明,,Wako's
ロイヤルカナン,ロイヤルカナン,和名法人らしき,,,,,,,,,,不明,,
GPC Image Flex,GPC Image Flex,英字ブランド,,,,,,,,,,不明,,
COOAU,COOAU,英字ブランド,,,,,,,,,,不明,,
Sony,Sony,英字ブランド,,,,,,,,,,不明,,
Logitech,Logitech,英字ブランド,,,,,,,,,,不明,,
ビクターエンタテインメント,ビクターエンタテインメント,和名法人らしき,,,,,,,,,,不明,,
Sony Pictures Home Entertainment,Sony Pictures Home Entertainment,英字ブランド,,,,,,,,,,不明,,
ジェイストーム,ジェイストーム,和名法人らしき,,,,,,,,,,不明,,
20TH CENTURY STUDIOS,20TH CENTURY STUDIOS,英字ブランド,,,,,,,,,,不明,,
Gudluky,Gudluky,英字ブランド,,,,,,,,,,不明,,
Hamee(ハミィ),Hamee,和名法人らしき,,,,https://hamee.co.jp/company,0465-22-8064,https://hamee.co.jp/contact,,既取得55社(T-20260804-001),https://hamee.co.jp/company,確定,[既取得55社(T-20260804-001)] 神奈川県小田原市。代表電話。問い合わせはフォーム。卸窓口 oroshi@hamee.co.jp / 規模:中小 / 元メーカー名表記:Hamee ハミィ,ハミィ
skybest,skybest,英字ブランド,,,,,,,,,,不明,,
Evinof,Evinof,英字ブランド,,,,,,,,,,不明,,
ieGeek,ieGeek,英字ブランド,,,,,,,,,,不明,,
タカラトミー(TAKARA TOMY),タカラトミー,和名法人らしき,,,,,,,,,,不明,,TAKARA TOMY
Moondrop,Moondrop,英字ブランド,,,,,,,,,,不明,,
バンダイビジュアル,バンダイビジュアル,和名法人らしき,,,,,,,,,,不明,,
Bloomsbury,Bloomsbury,英字ブランド,,,,,,,,,,不明,,
アイオーデータ,アイオーデータ,和名法人らしき,,,,https://www.iodata.jp/company/,,https://www.iodata.jp/support/after/tel/,,既取得55社(T-20260804-001),https://www.iodata.jp/support/after/tel/,確定,[既取得55社(T-20260804-001)] 直取引困難・正規窓口。株式会社アイ・オー・データ機器(石川県金沢市)。サポートは製品別窓口 / 規模:大手 / 元メーカー名表記:アイオーデータ I-O DATA,
Warner,Warner,英字ブランド,,,,,,,,,,不明,,
Paramount,Paramount,英字ブランド,,,,,,,,,,不明,,
THREEKEY,THREEKEY,英字ブランド,,,,,,,,,,不明,,
SHEENGO,SHEENGO,英字ブランド,,,,,,,,,,不明,,
CASIO(カシオ),CASIO,和名法人らしき,,,,,,,,,,不明,,カシオ
RemarksJapan,RemarksJapan,英字ブランド,,,,,,,,,,不明,,
KEENKLE,KEENKLE,英字ブランド,,,,,,,,,,不明,,
ejet,ejet,英字ブランド,,,,,,,,,,不明,,
Mumay,Mumay,英字ブランド,,,,,,,,,,不明,,
MACOO,MACOO,英字ブランド,,,,,,,,,,不明,,
Gimama,Gimama,英字ブランド,,,,,,,,,,不明,,
ProtoArc,ProtoArc,英字ブランド,,,,,,,,,,不明,,
PHILIPS,PHILIPS,英字ブランド,,,,,,,,,,不明,,
バッファロー,バッファロー,和名法人らしき,,,,,,,,,,不明,,
SoundPEATS(サウンドピーツ),SoundPEATS,和名法人らしき,,,,,,,,,,不明,,サウンドピーツ
‎バーベイタム(Verbatim),バーベイタム,和名法人らしき,,,,,,,,,,不明,,Verbatim
Makita(マキタ),Makita,和名法人らしき,,,,,,,,,,不明,,マキタ
BOIFUN,BOIFUN,英字ブランド,,,,,,,,,,不明,,
KADOKAWA,KADOKAWA,英字ブランド,,,,,,,,,,不明,,
愛知電線,愛知電線,和名法人らしき,,,,,,,,,,不明,,
コナミデジタルエンタテインメント(Konami Digital Entertainment),コナミデジタルエンタテインメント,和名法人らしき,,,,,,,,,,不明,,Konami Digital Entertainment
ワーナー・ブラザース・ホームエンターテイメント,ワーナー・ブラザース・ホームエンターテイメント,和名法人らしき,,,,,,,,,,不明,,
BURTLE,BURTLE,英字ブランド,,,,,,,,,,不明,,
すごろくや,すごろくや,和名法人らしき,,,,,,,,,,不明,,
Hoxhyon,Hoxhyon,英字ブランド,,,,,,,,,,不明,,
Lexar,Lexar,英字ブランド,,,,,,,,,,不明,,
HAGOOGI,HAGOOGI,英字ブランド,,,,,,,,,,不明,,
Razer(レイザー),Razer,和名法人らしき,,,,,,,,,,不明,,レイザー
HEIBAS,HEIBAS,英字ブランド,,,,,,,,,,不明,,
KIOXIA,KIOXIA,英字ブランド,,,,,,,,,,不明,,
Yaizk,Yaizk,英字ブランド,,,,,,,,,,不明,,
Runbod,Runbod,英字ブランド,,,,,,,,,,不明,,
CPWORLD,CPWORLD,英字ブランド,,,,,,,,,,不明,,
GADEBAO,GADEBAO,英字ブランド,,,,,,,,,,不明,,
Besecou,Besecou,英字ブランド,,,,,,,,,,不明,,
詰め替えそのまま,詰め替えそのまま,和名法人らしき,,,,,,,,,,不明,,
TANITA,TANITA,英字ブランド,,,,,,,,,,不明,,
ラブホーム美家,ラブホーム美家,和名法人らしき,,,,,,,,,,不明,,
HUAKUA,HUAKUA,英字ブランド,,,,,,,,,,不明,,
Eufy (ユーフィ),Eufy,和名法人らしき,,,,,,,,,,不明,,ユーフィ
Aliliy,Aliliy,英字ブランド,,,,,,,,,,不明,,
サンワダイレクト,サンワダイレクト,和名法人らしき,,,,,,,,,,不明,,
四日市ばんこ焼 【日本製】,四日市ばんこ焼,和名法人らしき,,,,,,,,,,不明,,日本製
Fochai,Fochai,英字ブランド,,,,,,,,,,不明,,
Penguin,Penguin,英字ブランド,,,,,,,,,,不明,,
Brook,Brook,英字ブランド,,,,,,,,,,不明,,
KT,KT,英字ブランド,,,,,,,,,,不明,,
レベルファイブ,レベルファイブ,和名法人らしき,,,,,,,,,,不明,,
Biwin,Biwin,英字ブランド,,,,,,,,,,不明,,
小学館,小学館,和名法人らしき,,,,,,,,,,不明,,
JIT,JIT,英字ブランド,,,,,,,,,,不明,,
happilaff,happilaff,英字ブランド,,,,,,,,,,不明,,
Rolling Square,Rolling Square,英字ブランド,,,,,,,,,,不明,,
宝島社,宝島社,和名法人らしき,,,,,,,,,,不明,,
Universal Pictures,Universal Pictures,英字ブランド,,,,,,,,,,不明,,
BANDAI SPIRITS(バンダイ スピリッツ),BANDAI SPIRITS,和名法人らしき,,,,,,,,,,不明,,バンダイ スピリッツ
Krunia,Krunia,英字ブランド,,,,,,,,,,不明,,
SanDisk,SanDisk,英字ブランド,,,,,,,,,,不明,,
アイリスオーヤマ(IRIS OHYAMA),アイリスオーヤマ,和名法人らしき,,,,,,,,,,不明,,IRIS OHYAMA
Betenet,Betenet,英字ブランド,,,,,,,,,,不明,,
ブシロード(BUSHIROAD),ブシロード,和名法人らしき,,,,https://bushiroad.com/,03-5348-0852,https://bushiroad.com/support,,既取得55社(T-20260804-001),https://bushiroad.com/telephonesupport,確定,[既取得55社(T-20260804-001)] 株式会社ブシロード（東京都中野区）。電話はトレカ専用窓口。他はフォーム / 規模:大手 / 元メーカー名表記:ブシロード BUSHIROAD,BUSHIROAD
Turtleback,Turtleback,英字ブランド,,,,,,,,,,不明,,
SBクリエイティブ,SBクリエイティブ,和名法人らしき,,,,,,,,,,不明,,クリエイティブ | SB
NBCユニバーサル・エンターテイメントジャパン(LAQ),NBCユニバーサル・エンターテイメントジャパン,和名法人らしき,,,,,,,,,,不明,,ユニバーサル・エンターテイメントジャパン | NBC | LAQ
Random House Books for Young Readers,Random House Books for Young Readers,英字ブランド,,,,,,,,,,不明,,
Johnny & Associates,Johnny & Associates,英字ブランド,,,,,,,,,,不明,,
Paramount Home Entertainment,Paramount Home Entertainment,英字ブランド,,,,,,,,,,不明,,
iface,iface,英字ブランド,,,,,,,,,,不明,,
ワーナーミュージック・ジャパン,ワーナーミュージック・ジャパン,和名法人らしき,,,,,,,,,,不明,,
東宝,東宝,和名法人らしき,,,,,,,,,,不明,,
Disney(ディズニー),Disney,和名法人らしき,,,,,,,,,,不明,,ディズニー
Leacco,Leacco,英字ブランド,,,,,,,,,,不明,,
Zeniss,Zeniss,英字ブランド,,,,,,,,,,不明,,
Ailewu,Ailewu,英字ブランド,,,,,,,,,,不明,,
TXWDFHL,TXWDFHL,英字ブランド,,,,,,,,,,不明,,
Negolas,Negolas,英字ブランド,,,,,,,,,,不明,,
Tuwejia,Tuwejia,英字ブランド,,,,,,,,,,不明,,
basemax,basemax,英字ブランド,,,,,,,,,,不明,,
CITIZEN,CITIZEN,英字ブランド,,,,,,,,,,不明,,
Ralkepy,Ralkepy,英字ブランド,,,,,,,,,,不明,,
YOCOEI,YOCOEI,英字ブランド,,,,,,,,,,不明,,
Hanmir,Hanmir,英字ブランド,,,,,,,,,,不明,,
GLAMERGY,GLAMERGY,英字ブランド,,,,,,,,,,不明,,
Tufuha,Tufuha,英字ブランド,,,,,,,,,,不明,,
KEEZING,KEEZING,英字ブランド,,,,,,,,,,不明,,
Hobbywing,Hobbywing,英字ブランド,,,,,,,,,,不明,,
Keypal,Keypal,英字ブランド,,,,,,,,,,不明,,
Sanlao,Sanlao,英字ブランド,,,,,,,,,,不明,,
Boleve,Boleve,英字ブランド,,,,,,,,,,不明,,
Toyomii,Toyomii,英字ブランド,,,,,,,,,,不明,,
INTEX,INTEX,英字ブランド,,,,,,,,,,不明,,
タカギ(Takagi),タカギ,和名法人らしき,,,,,,,,,,不明,,Takagi
NEW ERA(ニューエラ),NEW ERA,和名法人らしき,,,,,,,,,,不明,,ニューエラ
KEEPRO,KEEPRO,英字ブランド,,,,,,,,,,不明,,
DUNLOP,DUNLOP,英字ブランド,,,,https://sports.dunlop.co.jp/,0120-65-3045,https://sports.dunlop.co.jp/golf/inquiry/,,既取得55社(T-20260804-001),https://sports.dunlop.co.jp/golf/inquiry/,確定,[既取得55社(T-20260804-001)] 対象はゴルフボール。製造=住友ゴム工業。窓口=ダンロップスポーツマーケティング。直取引困難・正規窓口 / 規模:大手 / 元メーカー名表記:ダンロップ DUNLOP,
SKYBASIC,SKYBASIC,英字ブランド,,,,,,,,,,不明,,
SPAHER,SPAHER,英字ブランド,,,,,,,,,,不明,,
ファイナル(final),ファイナル,和名法人らしき,,,,,,,,,,不明,,final
Augnner,Augnner,英字ブランド,,,,,,,,,,不明,,
NIKE(ナイキ),NIKE,和名法人らしき,,,,,,,,,,不明,,ナイキ
Kemeskin,Kemeskin,英字ブランド,,,,,,,,,,不明,,
Iosare,Iosare,英字ブランド,,,,,,,,,,不明,,
BOS,BOS,英字ブランド,,,,,,,,,,不明,,
Listening Library,Listening Library,英字ブランド,,,,,,,,,,不明,,
Yaotin,Yaotin,英字ブランド,,,,,,,,,,不明,,
Pursay,Pursay,英字ブランド,,,,,,,,,,不明,,
YINCODI,YINCODI,英字ブランド,,,,,,,,,,不明,,
WISHOLY,WISHOLY,英字ブランド,,,,,,,,,,不明,,
CREATIVE,CREATIVE,英字ブランド,,,,,,,,,,不明,,
キヤノン,キヤノン,和名法人らしき,,,,,,,,,,不明,,
Boweer,Boweer,英字ブランド,,,,,,,,,,不明,,
ハイポネックス,ハイポネックス,和名法人らしき,,,,,,,,,,不明,,
Dr.'s care,Dr.'s care,英字ブランド,,,,,,,,,,不明,,
SCYROX,SCYROX,英字ブランド,,,,,,,,,,不明,,
Nextorage,Nextorage,英字ブランド,,,,,,,,,,不明,,
Bmax,Bmax,英字ブランド,,,,,,,,,,不明,,
ビーイング,ビーイング,和名法人らしき,,,,,,,,,,不明,,
シー・エフ・デー販売,シー・エフ・デー販売,和名法人らしき,,,,,,,,,,不明,,
Veoyads,Veoyads,英字ブランド,,,,,,,,,,不明,,
Edifier,Edifier,英字ブランド,,,,,,,,,,不明,,
ホリ,ホリ,和名法人らしき,,,,,,,,,,不明,,
エプソン,エプソン,和名法人らしき,,,,https://www.epson.jp/,050-3155-8700,https://www.epson.jp/contact/,,既取得55社(T-20260804-001),https://www.epson.jp/contact/,確定,[既取得55社(T-20260804-001)] 大手メーカー。インフォメーションセンター050-3155-8700。直取引困難・代理店/正規窓口経由 / 規模:大手 / 元メーカー名表記:エプソン EPSON,
DEPSTECH,DEPSTECH,英字ブランド,,,,,,,,,,不明,,
Capitol,Capitol,英字ブランド,,,,,,,,,,不明,,
Jabra(ジャブラ),Jabra,和名法人らしき,,,,,,,,,,不明,,ジャブラ
iWIMIUS,iWIMIUS,英字ブランド,,,,,,,,,,不明,,
Marshall,Marshall,英字ブランド,,,,,,,,,,不明,,
BACOENG,BACOENG,英字ブランド,,,,,,,,,,不明,,
コムテック(COMTEC),コムテック,和名法人らしき,,,,,,,,,,不明,,COMTEC
HIKMICRO,HIKMICRO,英字ブランド,,,,,,,,,,不明,,
カプコン(CAPCOM),カプコン,和名法人らしき,,,,,,,,,,不明,,CAPCOM
HOUOA,HOUOA,英字ブランド,,,,,,,,,,不明,,
RiDATA,RiDATA,英字ブランド,,,,,,,,,,不明,,
ZYQ,ZYQ,英字ブランド,,,,,,,,,,不明,,
コンテンツ・ファクトリー,コンテンツ・ファクトリー,和名法人らしき,,,,,,,,,,不明,,
Kachiari,Kachiari,英字ブランド,,,,,,,,,,不明,,
Beanet,Beanet,英字ブランド,,,,,,,,,,不明,,
KAYOTOYS カヨトイズ,KAYOTOYS カヨトイズ,和名法人らしき,,,,,,,,,,不明,,カヨトイズ | KAYOTOYS
アステッキホールディングス株式会社,アステッキホールディングス株式会社,和名法人らしき,,,,,,,,,,不明,,
Aiolo Innovation,Aiolo Innovation,英字ブランド,,,,,,,,,,不明,,
アセキ,アセキ,和名法人らしき,,,,,,,,,,不明,,
Mzyxxel,Mzyxxel,英字ブランド,,,,,,,,,,不明,,
経済法令研究会,経済法令研究会,和名法人らしき,,,,,,,,,,不明,,
Yorano,Yorano,英字ブランド,,,,,,,,,,不明,,
Lamake,Lamake,英字ブランド,,,,,,,,,,不明,,
富士フイルム(FUJIFILM),富士フイルム,和名法人らしき,,,,,,,,,,不明,,FUJIFILM
COMEDYKING,COMEDYKING,英字ブランド,,,,,,,,,,不明,,
OOFOS(ウーフォス),OOFOS,和名法人らしき,,,,,,,,,,不明,,ウーフォス
Ci-Fotto,Ci-Fotto,英字ブランド,,,,,,,,,,不明,,
GOYOJO,GOYOJO,英字ブランド,,,,,,,,,,不明,,
viangs,viangs,英字ブランド,,,,,,,,,,不明,,
JASON MARKK(ジェイソンマーク),JASON MARKK,和名法人らしき,,,,,,,,,,不明,,ジェイソンマーク
モリドライブ(MORIDRIVE),モリドライブ,和名法人らしき,,,,,,,,,,不明,,MORIDRIVE
BabySmile,BabySmile,英字ブランド,,,,,,,,,,不明,,
Tibnozt,Tibnozt,英字ブランド,,,,,,,,,,不明,,
adidas Originals,adidas Originals,英字ブランド,,,,,,,,,,不明,,
UTRAI,UTRAI,英字ブランド,,,,,,,,,,不明,,
ドリーミュージック,ドリーミュージック,和名法人らしき,,,,,,,,,,不明,,
株式会社ストームレーベルズ/イーラブ・レーベル,株式会社ストームレーベルズ,和名法人らしき,,,,,,,,,,不明,,イーラブ・レーベル
SOOEO,SOOEO,英字ブランド,,,,,,,,,,不明,,
ZIPPO,ZIPPO,英字ブランド,,,,,,,,,,不明,,
イガラシ(Igarashi),イガラシ,和名法人らしき,,,,,,,,,,不明,,Igarashi
イースター株式会社,イースター株式会社,和名法人らしき,,,,,,,,,,不明,,
BESROY,BESROY,英字ブランド,,,,,,,,,,不明,,
ルイファン ジャパン(Ruifan Japan),ルイファン ジャパン,和名法人らしき,,,,,,,,,,不明,,Ruifan Japan
ピュアクリスタル,ピュアクリスタル,和名法人らしき,,,,,,,,,,不明,,
LIXIL,LIXIL,英字ブランド,,,,,,,,,,不明,,
PDP,PDP,英字ブランド,,,,,,,,,,不明,,
suptronics,suptronics,英字ブランド,,,,,,,,,,不明,,
Rhino,Rhino,英字ブランド,,,,,,,,,,不明,,
Pearson Education,Pearson Education,英字ブランド,,,,,,,,,,不明,,
メディコム・トイ(MEDICOM TOY),メディコム・トイ,和名法人らしき,,,,,,,,,,不明,,MEDICOM TOY
LEGO(レゴ),LEGO,和名法人らしき,,,,https://www.lego.com/ja-jp,0800-888-0197,https://www.lego.com/ja-jp/service/contact-us,,既取得55社(T-20260804-001),https://www.lego.com/ja-jp/service/contact-us,確定,[既取得55社(T-20260804-001)] 海外ブランド。レゴ日本カスタマーサービス0800-888-0197。直取引困難・代理店/正規窓口(カスタマーサービス)。メール無くフォームのみ / 規模:海外 / 元メーカー名表記:レゴ LEGO,レゴ
STUDIOCANAL,STUDIOCANAL,英字ブランド,,,,,,,,,,不明,,
タイトー,タイトー,和名法人らしき,,,,,,,,,,不明,,
Happinet,Happinet,英字ブランド,,,,,,,,,,不明,,
株式会社,株式会社,ノーブランド・個人らしき,,,,,,,,,,不明,,
Omron,Omron,英字ブランド,,,,,,,,,,不明,,
"KEIYO ENGINEERING CO.,LTD.","KEIYO ENGINEERING CO.,LTD.",海外法人,,,,,,,,,,不明,,
Zach Top,Zach Top,英字ブランド,,,,,,,,,,不明,,
STSEETOP,STSEETOP,英字ブランド,,,,,,,,,,不明,,
ナトコ,ナトコ,和名法人らしき,,,,,,,,,,不明,,
WORKPRO,WORKPRO,英字ブランド,,,,,,,,,,不明,,
集英社,集英社,和名法人らしき,,,,,,,,,,不明,,
地域開発研究所,地域開発研究所,和名法人らしき,,,,,,,,,,不明,,
トイコー(Toyco),トイコー,和名法人らしき,,,,,,,,,,不明,,Toyco
Motowolf,Motowolf,英字ブランド,,,,,,,,,,不明,,
52TOYS,52TOYS,英字ブランド,,,,,,,,,,不明,,
ホンダ(Honda),ホンダ,和名法人らしき,,,,,,,,,,不明,,Honda
SSYFEI,SSYFEI,英字ブランド,,,,,,,,,,不明,,
ブリヂストン(BRIDGESTONE),ブリヂストン,和名法人らしき,,,,,,,,,,不明,,BRIDGESTONE
Crimson,Crimson,英字ブランド,,,,,,,,,,不明,,
avex trax,avex trax,英字ブランド,,,,,,,,,,不明,,
バンプレスト,バンプレスト,和名法人らしき,,,,,,,,,,不明,,
SME,SME,英字ブランド,,,,,,,,,,不明,,
トイズファクトリー,トイズファクトリー,和名法人らしき,,,,,,,,,,不明,,
アリオラジャパン,アリオラジャパン,和名法人らしき,,,,,,,,,,不明,,
SNK,SNK,英字ブランド,,,,,,,,,,不明,,
レゴ(LEGO),レゴ,和名法人らしき,,,,https://www.lego.com/ja-jp,0800-888-0197,https://www.lego.com/ja-jp/service/contact-us,,既取得55社(T-20260804-001),https://www.lego.com/ja-jp/service/contact-us,確定,[既取得55社(T-20260804-001)] 海外ブランド。レゴ日本カスタマーサービス0800-888-0197。直取引困難・代理店/正規窓口(カスタマーサービス)。メール無くフォームのみ / 規模:海外 / 元メーカー名表記:レゴ LEGO,LEGO
Lions Gate,Lions Gate,英字ブランド,,,,,,,,,,不明,,
MIKIHOUSE(ミキハウス),MIKIHOUSE,和名法人らしき,,,,,,,,,,不明,,ミキハウス
SilentPower,SilentPower,英字ブランド,,,,,,,,,,不明,,
htrahy,htrahy,英字ブランド,,,,,,,,,,不明,,
CHUSII,CHUSII,英字ブランド,,,,,,,,,,不明,,
ZZU,ZZU,英字ブランド,,,,,,,,,,不明,,
Vulendu,Vulendu,英字ブランド,,,,,,,,,,不明,,
AirDry,AirDry,英字ブランド,,,,,,,,,,不明,,
Boytond,Boytond,英字ブランド,,,,,,,,,,不明,,
VELIKE,VELIKE,英字ブランド,,,,,,,,,,不明,,
オウルテック,オウルテック,和名法人らしき,,,,,,,,,,不明,,
actiTube,actiTube,英字ブランド,,,,,,,,,,不明,,
PRXA,PRXA,英字ブランド,,,,,,,,,,不明,,
Newluck,Newluck,英字ブランド,,,,,,,,,,不明,,
TIGORA(ティゴラ),TIGORA,和名法人らしき,,,,,,,,,,不明,,ティゴラ
クイックル,クイックル,和名法人らしき,,,,,,,,,,不明,,
FleekFit,FleekFit,英字ブランド,,,,,,,,,,不明,,
ZVZHM,ZVZHM,英字ブランド,,,,,,,,,,不明,,
AWINEY,AWINEY,英字ブランド,,,,,,,,,,不明,,
ニチアス,ニチアス,和名法人らしき,,,,,,,,,,不明,,
Kungix,Kungix,英字ブランド,,,,,,,,,,不明,,
TRAOO,TRAOO,英字ブランド,,,,,,,,,,不明,,
Fodalum,Fodalum,英字ブランド,,,,,,,,,,不明,,
ブレイン(BRAIN),ブレイン,和名法人らしき,,,,,,,,,,不明,,BRAIN
充電の達人,充電の達人,和名法人らしき,,,,,,,,,,不明,,
RUOEVA,RUOEVA,英字ブランド,,,,,,,,,,不明,,
Juliyas,Juliyas,英字ブランド,,,,,,,,,,不明,,
Vibaleg,Vibaleg,英字ブランド,,,,,,,,,,不明,,
FIDECO,FIDECO,英字ブランド,,,,,,,,,,不明,,
Svoko,Svoko,英字ブランド,,,,,,,,,,不明,,
Lenovo,Lenovo,英字ブランド,,,,,,,,,,不明,,
Glaazo,Glaazo,英字ブランド,,,,,,,,,,不明,,
JOKITA,JOKITA,英字ブランド,,,,,,,,,,不明,,
Gumsry,Gumsry,英字ブランド,,,,,,,,,,不明,,
Klszear,Klszear,英字ブランド,,,,,,,,,,不明,,
Finish Line,Finish Line,英字ブランド,,,,,,,,,,不明,,
E-enemo,E-enemo,英字ブランド,,,,,,,,,,不明,,
SK-CinDa,SK-CinDa,英字ブランド,,,,,,,,,,不明,,
Rikuto,Rikuto,英字ブランド,,,,,,,,,,不明,,
山形工房(Yamagata Koubou),山形工房,和名法人らしき,,,,,,,,,,不明,,Yamagata Koubou
JGUG,JGUG,英字ブランド,,,,,,,,,,不明,,
YUDOFICAL,YUDOFICAL,英字ブランド,,,,,,,,,,不明,,
Tryone,Tryone,英字ブランド,,,,,,,,,,不明,,
SAZAC,SAZAC,英字ブランド,,,,,,,,,,不明,,
Casio,Casio,英字ブランド,,,,,,,,,,不明,,
DYKL,DYKL,英字ブランド,,,,,,,,,,不明,,
CEREMONY,CEREMONY,英字ブランド,,,,,,,,,,不明,,
ビーエムオンライン,ビーエムオンライン,和名法人らしき,,,,,,,,,,不明,,
Airクリーンラボ,Airクリーンラボ,和名法人らしき,,,,,,,,,,不明,,クリーンラボ | Air
ELUTENG,ELUTENG,英字ブランド,,,,,,,,,,不明,,
Ashei,Ashei,英字ブランド,,,,,,,,,,不明,,
LongFlight,LongFlight,英字ブランド,,,,,,,,,,不明,,
GOODNEW,GOODNEW,英字ブランド,,,,,,,,,,不明,,
MINLU,MINLU,英字ブランド,,,,,,,,,,不明,,
曙産業,曙産業,和名法人らしき,,,,,,,,,,不明,,
富士フレーバー,富士フレーバー,和名法人らしき,,,,,,,,,,不明,,
Generic,Generic,ノーブランド・個人らしき,,,,,,,,,,不明,,
BRJR,BRJR,英字ブランド,,,,,,,,,,不明,,
Gourde,Gourde,英字ブランド,,,,,,,,,,不明,,
BUODCO,BUODCO,英字ブランド,,,,,,,,,,不明,,
日進医療器,日進医療器,和名法人らしき,,,,,,,,,,不明,,
LXCRTONE,LXCRTONE,英字ブランド,,,,,,,,,,不明,,
PACPAK,PACPAK,英字ブランド,,,,,,,,,,不明,,
YOSH,YOSH,英字ブランド,,,,,,,,,,不明,,
BINGFU,BINGFU,英字ブランド,,,,,,,,,,不明,,
Screwpop,Screwpop,英字ブランド,,,,,,,,,,不明,,
Feesun,Feesun,英字ブランド,,,,,,,,,,不明,,
Lamicall,Lamicall,英字ブランド,,,,,,,,,,不明,,
HARU,HARU,英字ブランド,,,,,,,,,,不明,,
リッチェル(Richell),リッチェル,和名法人らしき,,,,,,,,,,不明,,Richell
鈴木ラテックス(SUZUKILATEX),鈴木ラテックス,和名法人らしき,,,,,,,,,,不明,,SUZUKILATEX
バイクハンド(Bike Hand),バイクハンド,和名法人らしき,,,,,,,,,,不明,,Bike Hand
Cryfokt,Cryfokt,英字ブランド,,,,,,,,,,不明,,
Onalra,Onalra,英字ブランド,,,,,,,,,,不明,,
アイサポモバイル,アイサポモバイル,和名法人らしき,,,,,,,,,,不明,,
Yukimoto,Yukimoto,英字ブランド,,,,,,,,,,不明,,
Mountsafe,Mountsafe,英字ブランド,,,,,,,,,,不明,,
Liaolee,Liaolee,英字ブランド,,,,,,,,,,不明,,
Mtricpop,Mtricpop,英字ブランド,,,,,,,,,,不明,,
IAPOS,IAPOS,英字ブランド,,,,,,,,,,不明,,
ＡＮＤＥＲＹ,ANDERY,英字ブランド,,,,,,,,,,不明,,
YIERSAN,YIERSAN,英字ブランド,,,,,,,,,,不明,,
MIATONE,MIATONE,英字ブランド,,,,,,,,,,不明,,
Trywon,Trywon,英字ブランド,,,,,,,,,,不明,,
Gillmar,Gillmar,英字ブランド,,,,,,,,,,不明,,
Speiow,Speiow,英字ブランド,,,,,,,,,,不明,,
Erssimo,Erssimo,英字ブランド,,,,,,,,,,不明,,
BONTEC,BONTEC,英字ブランド,,,,,,,,,,不明,,
Audwierr,Audwierr,英字ブランド,,,,,,,,,,不明,,
TELESIN,TELESIN,英字ブランド,,,,,,,,,,不明,,
Yokizu,Yokizu,英字ブランド,,,,,,,,,,不明,,
IKUNTOP,IKUNTOP,英字ブランド,,,,,,,,,,不明,,
Letpedi,Letpedi,英字ブランド,,,,,,,,,,不明,,
Cambink,Cambink,英字ブランド,,,,,,,,,,不明,,
atolla,atolla,英字ブランド,,,,,,,,,,不明,,
マーナ(Marna),マーナ,和名法人らしき,,,,,,,,,,不明,,Marna
LISEN,LISEN,英字ブランド,,,,,,,,,,不明,,
Seiko,Seiko,英字ブランド,,,,,,,,,,不明,,
河合出版,河合出版,和名法人らしき,,,,,,,,,,不明,,
Belkin,Belkin,英字ブランド,,,,,,,,,,不明,,
Vellope,Vellope,英字ブランド,,,,,,,,,,不明,,
Eynew,Eynew,英字ブランド,,,,,,,,,,不明,,
zonzon,zonzon,英字ブランド,,,,,,,,,,不明,,
OMKUY,OMKUY,英字ブランド,,,,,,,,,,不明,,
矢崎エナジーシステム㈱,矢崎エナジーシステム,和名法人らしき,,,,,,,,,,不明,,
GooSpy,GooSpy,英字ブランド,,,,,,,,,,不明,,
FiiO,FiiO,英字ブランド,,,,,,,,,,不明,,
経営科学出版,経営科学出版,和名法人らしき,,,,,,,,,,不明,,
KJKD,KJKD,英字ブランド,,,,,,,,,,不明,,
Alprojec,Alprojec,英字ブランド,,,,,,,,,,不明,,
VANBOKEE,VANBOKEE,英字ブランド,,,,,,,,,,不明,,
TAREASS,TAREASS,英字ブランド,,,,,,,,,,不明,,
Dreemstar,Dreemstar,英字ブランド,,,,,,,,,,不明,,
Mattel Games,Mattel Games,英字ブランド,,,,,,,,,,不明,,
Yibest,Yibest,英字ブランド,,,,,,,,,,不明,,
ウッディプッディ(Woodypuddy),ウッディプッディ,和名法人らしき,,,,,,,,,,不明,,Woodypuddy
Bulonchi,Bulonchi,英字ブランド,,,,,,,,,,不明,,
Tecaki,Tecaki,英字ブランド,,,,,,,,,,不明,,
コンチネンタル(Continental),コンチネンタル,和名法人らしき,,,,,,,,,,不明,,Continental
GOBOT,GOBOT,英字ブランド,,,,,,,,,,不明,,
アイアップ,アイアップ,和名法人らしき,,,,,,,,,,不明,,
NIPLUX,NIPLUX,英字ブランド,,,,,,,,,,不明,,
Aterm,Aterm,英字ブランド,,,,,,,,,,不明,,
COOLERPLUS,COOLERPLUS,英字ブランド,,,,,,,,,,不明,,
KOSS(コス),KOSS,和名法人らしき,,,,,,,,,,不明,,コス
Magcubic,Magcubic,英字ブランド,,,,,,,,,,不明,,
ZWILLING,ZWILLING,英字ブランド,,,,,,,,,,不明,,
コロンバスサークル,コロンバスサークル,和名法人らしき,,,,,,,,,,不明,,
Jimveo,Jimveo,英字ブランド,,,,,,,,,,不明,,
シーゲイト(SEAGATE),シーゲイト,和名法人らしき,,,,,,,,,,不明,,SEAGATE
Yuuscc,Yuuscc,英字ブランド,,,,,,,,,,不明,,
YEAHYO,YEAHYO,英字ブランド,,,,,,,,,,不明,,
コールマン(Coleman),コールマン,和名法人らしき,,,,,,,,,,不明,,Coleman
BMSE,BMSE,英字ブランド,,,,,,,,,,不明,,
東芝(TOSHIBA),東芝,和名法人らしき,,,,,,,,,,不明,,TOSHIBA
Butterfly,Butterfly,英字ブランド,,,,,,,,,,不明,,
BIALETTI(ビアレッティ),BIALETTI,和名法人らしき,,,,,,,,,,不明,,ビアレッティ
Keculbo,Keculbo,英字ブランド,,,,,,,,,,不明,,
Trafalgar Square Publishing,Trafalgar Square Publishing,英字ブランド,,,,,,,,,,不明,,
KOJIHOMU,KOJIHOMU,英字ブランド,,,,,,,,,,不明,,
iGPSPORT,iGPSPORT,英字ブランド,,,,,,,,,,不明,,
HANMATEK,HANMATEK,英字ブランド,,,,,,,,,,不明,,
Bosch,Bosch,英字ブランド,,,,,,,,,,不明,,
LEKGAVD,LEKGAVD,英字ブランド,,,,,,,,,,不明,,
BMAXPAD,BMAXPAD,英字ブランド,,,,,,,,,,不明,,
TTJJ,TTJJ,英字ブランド,,,,,,,,,,不明,,
Wacom(ワコム),Wacom,和名法人らしき,,,,,,,,,,不明,,ワコム
フライングドッグ,フライングドッグ,和名法人らしき,,,,,,,,,,不明,,
SACRA MUSIC,SACRA MUSIC,英字ブランド,,,,,,,,,,不明,,
SP Silicon Power,SP Silicon Power,英字ブランド,,,,,,,,,,不明,,
祥伝社,祥伝社,和名法人らしき,,,,,,,,,,不明,,
OTTOCAST,OTTOCAST,英字ブランド,,,,,,,,,,不明,,
Galaxy,Galaxy,英字ブランド,,,,,,,,,,不明,,
サイバーガジェット,サイバーガジェット,和名法人らしき,,,,,,,,,,不明,,
LONPOO,LONPOO,英字ブランド,,,,,,,,,,不明,,
NBCユニバーサル・エンターテイメントジャパン,NBCユニバーサル・エンターテイメントジャパン,和名法人らしき,,,,,,,,,,不明,,ユニバーサル・エンターテイメントジャパン | NBC
medicom,medicom,英字ブランド,,,,,,,,,,不明,,
Gigastone,Gigastone,英字ブランド,,,,,,,,,,不明,,
Graphixly,Graphixly,英字ブランド,,,,,,,,,,不明,,
Saluyar,Saluyar,英字ブランド,,,,,,,,,,不明,,
マイクロソフト,マイクロソフト,和名法人らしき,,,,,,,,,,不明,,
シュナイダーエレクトリック(APC),シュナイダーエレクトリック,和名法人らしき,,,,,,,,,,不明,,APC
Headwolf,Headwolf,英字ブランド,,,,,,,,,,不明,,
TCエンタテインメント,TCエンタテインメント,和名法人らしき,,,,,,,,,,不明,,エンタテインメント | TC
朝日新聞出版,朝日新聞出版,和名法人らしき,,,,,,,,,,不明,,
Wondershare,Wondershare,英字ブランド,,,,,,,,,,不明,,
うちのこエレクトリック,うちのこエレクトリック,和名法人らしき,,,,,,,,,,不明,,
ドウシシャ(DOSHISHA),ドウシシャ,和名法人らしき,,,,,,,,,,不明,,DOSHISHA
ブロッコリー(BROCCOLI),ブロッコリー,和名法人らしき,,,,,,,,,,不明,,BROCCOLI
メデラ,メデラ,和名法人らしき,,,,,,,,,,不明,,
ジャニーズ･エンタテイメント,ジャニーズ・エンタテイメント,和名法人らしき,,,,,,,,,,不明,,
C&G,C&G,英字ブランド,,,,,,,,,,不明,,
NIMASO,NIMASO,英字ブランド,,,,,,,,,,不明,,
UNOKKI,UNOKKI,英字ブランド,,,,,,,,,,不明,,
ワンナイト人狼,ワンナイト人狼,和名法人らしき,,,,,,,,,,不明,,
USAYAMA,USAYAMA,英字ブランド,,,,,,,,,,不明,,
MiliCamp,MiliCamp,英字ブランド,,,,,,,,,,不明,,
iFLEX,iFLEX,英字ブランド,,,,,,,,,,不明,,
ColorfulHome,ColorfulHome,英字ブランド,,,,,,,,,,不明,,
Biyoso,Biyoso,英字ブランド,,,,,,,,,,不明,,
RABLISS,RABLISS,英字ブランド,,,,,,,,,,不明,,
ワンダーランド,ワンダーランド,和名法人らしき,,,,,,,,,,不明,,
OHAJIKI,OHAJIKI,英字ブランド,,,,,,,,,,不明,,
TORRAS,TORRAS,英字ブランド,,,,,,,,,,不明,,
SAPHIR(サフィール),SAPHIR,和名法人らしき,,,,,,,,,,不明,,サフィール
ZAKUSA,ZAKUSA,英字ブランド,,,,,,,,,,不明,,
YBYP,YBYP,英字ブランド,,,,,,,,,,不明,,
Ｌａｚｙｍｅ,Lazyme,英字ブランド,,,,,,,,,,不明,,
LENUTO,LENUTO,英字ブランド,,,,,,,,,,不明,,
Yonker,Yonker,英字ブランド,,,,,,,,,,不明,,
ロジテック,ロジテック,和名法人らしき,,,,,,,,,,不明,,
あしあげ隊,あしあげ隊,和名法人らしき,,,,,,,,,,不明,,
Sinjimoru,Sinjimoru,英字ブランド,,,,,,,,,,不明,,
Oregon,Oregon,英字ブランド,,,,,,,,,,不明,,
mimimamo,mimimamo,英字ブランド,,,,,,,,,,不明,,
ＭＥＮＧＬＩ盟励,MENGLI盟励,和名法人らしき,,,,,,,,,,不明,,盟励 | MENGLI
BTIHCEUOT,BTIHCEUOT,英字ブランド,,,,,,,,,,不明,,
STARTRC,STARTRC,英字ブランド,,,,,,,,,,不明,,
ホーチキ(Hochiki),ホーチキ,和名法人らしき,,,,,,,,,,不明,,Hochiki
PYLAMISON,PYLAMISON,英字ブランド,,,,,,,,,,不明,,
TABITUS+,TABITUS+,英字ブランド,,,,,,,,,,不明,,
TP-Link,TP-Link,英字ブランド,,,,,,,,,,不明,,
LAOPAO,LAOPAO,英字ブランド,,,,,,,,,,不明,,
1Mii,1Mii,英字ブランド,,,,,,,,,,不明,,
TOPADRE,TOPADRE,英字ブランド,,,,,,,,,,不明,,
Clipa,Clipa,英字ブランド,,,,,,,,,,不明,,
Portta,Portta,英字ブランド,,,,,,,,,,不明,,
サーモス(THERMOS),サーモス,和名法人らしき,,,,,,,,,,不明,,THERMOS
太平洋工業,太平洋工業,和名法人らしき,,,,,,,,,,不明,,
KCUVSSKKII,KCUVSSKKII,英字ブランド,,,,,,,,,,不明,,
BAL,BAL,英字ブランド,,,,,,,,,,不明,,
LEICA(ライカ),LEICA,和名法人らしき,,,,,,,,,,不明,,ライカ
Vexify,Vexify,英字ブランド,,,,,,,,,,不明,,
三陽金属(Sanyo Metal),三陽金属,和名法人らしき,,,,https://www.sanyo-mt.co.jp/,0794-82-0188,https://www.sanyo-mt.co.jp/contact/,,既取得55社(T-20260804-001),https://www.sanyo-mt.co.jp/contact,確定,[既取得55社(T-20260804-001)] 三陽金属株式会社（兵庫県三木市）。フリーダイヤル 0120-420-188 も。フォームあり / 規模:中小 / 元メーカー名表記:三陽金属 Sanyo Metal,Sanyo Metal
タカラ産業,タカラ産業,和名法人らしき,,,,,,,,,,不明,,
JELLY JELLY GAMES,JELLY JELLY GAMES,英字ブランド,,,,,,,,,,不明,,
H&W,H&W,英字ブランド,,,,,,,,,,不明,,
hololive OFFICIAL CARD GAME,hololive OFFICIAL CARD GAME,英字ブランド,,,,,,,,,,不明,,
PKBジャパン,PKBジャパン,和名法人らしき,,,,,,,,,,不明,,ジャパン | PKB
PONAOO,PONAOO,英字ブランド,,,,,,,,,,不明,,
Annexfun,Annexfun,英字ブランド,,,,,,,,,,不明,,
駿台文庫,駿台文庫,和名法人らしき,,,,,,,,,,不明,,
コーナン,コーナン,和名法人らしき,,,,,,,,,,不明,,
丸隆,丸隆,和名法人らしき,,,,,,,,,,不明,,
Honda,Honda,英字ブランド,,,,,,,,,,不明,,
Oliforu,Oliforu,英字ブランド,,,,,,,,,,不明,,
Lector House,Lector House,英字ブランド,,,,,,,,,,不明,,
ZTCUIK,ZTCUIK,英字ブランド,,,,,,,,,,不明,,
Topcony,Topcony,英字ブランド,,,,,,,,,,不明,,
INFOCAR,INFOCAR,英字ブランド,,,,,,,,,,不明,,
Blaze Entertainment,Blaze Entertainment,英字ブランド,,,,,,,,,,不明,,
Sinessy,Sinessy,英字ブランド,,,,,,,,,,不明,,
MJJC,MJJC,英字ブランド,,,,,,,,,,不明,,
LG,LG,英字ブランド,,,,,,,,,,不明,,
からからつみき(KARAKARATSUMIKI),からからつみき,和名法人らしき,,,,,,,,,,不明,,KARAKARATSUMIKI
BEAMS BOY(ビームスボーイ),BEAMS BOY,和名法人らしき,,,,,,,,,,不明,,ビームスボーイ
inforest,inforest,英字ブランド,,,,,,,,,,不明,,
UYIKOO,UYIKOO,英字ブランド,,,,,,,,,,不明,,
ぴあ,ぴあ,和名法人らしき,,,,,,,,,,不明,,
パイロットコーポレーション(PILOT CORPORATION),パイロットコーポレーション,海外法人,,,,,,,,,,不明,,PILOT CORPORATION
Kiboer,Kiboer,英字ブランド,,,,,,,,,,不明,,
ＹＡＺＡＫＩ,YAZAKI,英字ブランド,,,,,,,,,,不明,,
フロムソフトウェア,フロムソフトウェア,和名法人らしき,,,,,,,,,,不明,,
ジェネオン・ユニバーサル,ジェネオン・ユニバーサル,和名法人らしき,,,,,,,,,,不明,,
コクヨ(KOKUYO),コクヨ,和名法人らしき,,,,,,,,,,不明,,KOKUYO
EJD,EJD,英字ブランド,,,,,,,,,,不明,,
RK ROYAL KLUDGE,RK ROYAL KLUDGE,英字ブランド,,,,,,,,,,不明,,
Barbie,Barbie,英字ブランド,,,,,,,,,,不明,,
Franklin Sensors,Franklin Sensors,英字ブランド,,,,,,,,,,不明,,
カワサキ(Kawasaki),カワサキ,和名法人らしき,,,,,,,,,,不明,,Kawasaki
Harvill Secker,Harvill Secker,英字ブランド,,,,,,,,,,不明,,
Garnier Editora,Garnier Editora,英字ブランド,,,,,,,,,,不明,,
ロゴヴィスタ,ロゴヴィスタ,和名法人らしき,,,,,,,,,,不明,,
etoe,etoe,英字ブランド,,,,,,,,,,不明,,
YZO,YZO,英字ブランド,,,,,,,,,,不明,,
Business,Business,英字ブランド,,,,,,,,,,不明,,
中央法規出版,中央法規出版,和名法人らしき,,,,,,,,,,不明,,
日本電興株式会社,日本電興株式会社,和名法人らしき,,,,,,,,,,不明,,
Flirva,Flirva,英字ブランド,,,,,,,,,,不明,,
Hachette Audio,Hachette Audio,英字ブランド,,,,,,,,,,不明,,
Laoynd,Laoynd,英字ブランド,,,,,,,,,,不明,,
Mobile Fidelity Sound Lab,Mobile Fidelity Sound Lab,英字ブランド,,,,,,,,,,不明,,
フォーライフミュージックエンタテイメント,フォーライフミュージックエンタテイメント,和名法人らしき,,,,,,,,,,不明,,
Island Uk,Island Uk,英字ブランド,,,,,,,,,,不明,,
DVDBOX5枚組,DVDBOX5枚組,和名法人らしき,,,,,,,,,,不明,,5枚組 | DVDBOX5
ERJ,ERJ,英字ブランド,,,,,,,,,,不明,,
Vintage Canada,Vintage Canada,英字ブランド,,,,,,,,,,不明,,
Imports,Imports,英字ブランド,,,,,,,,,,不明,,
VITURE,VITURE,英字ブランド,,,,,,,,,,不明,,
iZotope,iZotope,英字ブランド,,,,,,,,,,不明,,
ESET,ESET,英字ブランド,,,,,,,,,,不明,,
ベンキュージャパン,ベンキュージャパン,和名法人らしき,,,,,,,,,,不明,,
atRise,atRise,英字ブランド,,,,,,,,,,不明,,
快適設計IBR,快適設計IBR,和名法人らしき,,,,,,,,,,不明,,快適設計 | IBR
TEOOT,TEOOT,英字ブランド,,,,,,,,,,不明,,
Hikari(ヒカリ),Hikari,和名法人らしき,,,,,,,,,,不明,,ヒカリ
Scndtne,Scndtne,英字ブランド,,,,,,,,,,不明,,
LETMY,LETMY,英字ブランド,,,,,,,,,,不明,,
Safigor,Safigor,英字ブランド,,,,,,,,,,不明,,
四国化成工業,四国化成工業,和名法人らしき,,,,,,,,,,不明,,
FAR EAST GADGET,FAR EAST GADGET,英字ブランド,,,,,,,,,,不明,,
Tarkins,Tarkins,英字ブランド,,,,,,,,,,不明,,
eue,eue,英字ブランド,,,,,,,,,,不明,,
Twofox,Twofox,英字ブランド,,,,,,,,,,不明,,
ナイキ(NIKE),ナイキ,和名法人らしき,,,,,,,,,,不明,,NIKE
THRIVE(スライヴ),THRIVE,和名法人らしき,,,,,,,,,,不明,,スライヴ
IMDEN CHARGE,IMDEN CHARGE,英字ブランド,,,,,,,,,,不明,,
ZRZK,ZRZK,英字ブランド,,,,,,,,,,不明,,
SEMOTU,SEMOTU,英字ブランド,,,,,,,,,,不明,,
BeeTool,BeeTool,英字ブランド,,,,,,,,,,不明,,
ACMEZING,ACMEZING,英字ブランド,,,,,,,,,,不明,,
SCM Microsystems,SCM Microsystems,英字ブランド,,,,,,,,,,不明,,
ルートアール,ルートアール,和名法人らしき,,,,,,,,,,不明,,
Bolvunes,Bolvunes,英字ブランド,,,,,,,,,,不明,,
Yamazaki(山崎実業),Yamazaki,和名法人らしき,,,,,,,,,,不明,,山崎実業
AooDen,AooDen,英字ブランド,,,,,,,,,,不明,,
日本のオラクルカード・タロットカード全集,日本のオラクルカード・タロットカード全集,和名法人らしき,,,,,,,,,,不明,,
MAXZIQF,MAXZIQF,英字ブランド,,,,,,,,,,不明,,
ビクター(VICTOR),ビクター,和名法人らしき,,,,,,,,,,不明,,VICTOR
TOWOOZ,TOWOOZ,英字ブランド,,,,,,,,,,不明,,
138OnlineShop,138OnlineShop,英字ブランド,,,,,,,,,,不明,,
GuMosh,GuMosh,英字ブランド,,,,,,,,,,不明,,
イーサプライ,イーサプライ,和名法人らしき,,,,,,,,,,不明,,
LINKChef,LINKChef,英字ブランド,,,,,,,,,,不明,,
Perixx,Perixx,英字ブランド,,,,,,,,,,不明,,
Douyear,Douyear,英字ブランド,,,,,,,,,,不明,,
Earbood,Earbood,英字ブランド,,,,,,,,,,不明,,
ホビージャパン(HobbyJAPAN),ホビージャパン,和名法人らしき,,,,,,,,,,不明,,HobbyJAPAN
KYG,KYG,英字ブランド,,,,,,,,,,不明,,
VentaPak,VentaPak,英字ブランド,,,,,,,,,,不明,,
iplusmile,iplusmile,英字ブランド,,,,,,,,,,不明,,
ニュートンプレス,ニュートンプレス,和名法人らしき,,,,,,,,,,不明,,
Sugeko,Sugeko,英字ブランド,,,,,,,,,,不明,,
DEXION,DEXION,英字ブランド,,,,,,,,,,不明,,
NOE,NOE,英字ブランド,,,,,,,,,,不明,,
AIZEO,AIZEO,英字ブランド,,,,,,,,,,不明,,
Plata Publishing,Plata Publishing,英字ブランド,,,,,,,,,,不明,,
Bit Trade One,Bit Trade One,英字ブランド,,,,,,,,,,不明,,
マイナビ出版,マイナビ出版,和名法人らしき,,,,,,,,,,不明,,
レヂトン(Resiton),レヂトン,和名法人らしき,,,,,,,,,,不明,,Resiton
オーム社,オーム社,和名法人らしき,,,,,,,,,,不明,,
SwanScout,SwanScout,英字ブランド,,,,,,,,,,不明,,
Foxkoo,Foxkoo,英字ブランド,,,,,,,,,,不明,,
フィード,フィード,和名法人らしき,,,,,,,,,,不明,,
モリグリーン(Moly Green),モリグリーン,和名法人らしき,,,,,,,,,,不明,,Moly Green
ジョブカン Desktop,ジョブカン Desktop,和名法人らしき,,,,,,,,,,不明,,ジョブカン | Desktop
AthleteBody株式会社,AthleteBody株式会社,和名法人らしき,,,,,,,,,,不明,,
明治図書出版,明治図書出版,和名法人らしき,,,,,,,,,,不明,,
AboveTEK,AboveTEK,英字ブランド,,,,,,,,,,不明,,
Avylet,Avylet,英字ブランド,,,,,,,,,,不明,,
WAVLINK,WAVLINK,英字ブランド,,,,,,,,,,不明,,
Everline,Everline,英字ブランド,,,,,,,,,,不明,,
オスモカラー,オスモカラー,和名法人らしき,,,,,,,,,,不明,,
本間ゴルフ,本間ゴルフ,和名法人らしき,,,,,,,,,,不明,,
8Bitdo,8Bitdo,英字ブランド,,,,,,,,,,不明,,
CyclingDeal,CyclingDeal,英字ブランド,,,,,,,,,,不明,,
BQEYZ,BQEYZ,英字ブランド,,,,,,,,,,不明,,
グッドスマイルカンパニー(GOOD SMILE COMPANY),グッドスマイルカンパニー,和名法人らしき,,,,https://www.goodsmile.info/,,https://corporate.goodsmile.com/ja/contact/,,既取得55社(T-20260804-001),https://corporate.goodsmile.com/ja/contact/,確定,[既取得55社(T-20260804-001)] フィギュア・ホビー。電話不可、フォームのみ / 規模:中小 / 元メーカー名表記:グッドスマイルカンパニー GOOD SMILE,GOOD SMILE COMPANY
AQielev,AQielev,英字ブランド,,,,,,,,,,不明,,
ウェイモール (WEIMALL),ウェイモール,和名法人らしき,,,,https://weimall.jp/,050-8882-5001,,weimallyh@weiec.jp,既取得55社(T-20260804-001),https://weimall.jp/html/company.html,確定,[既取得55社(T-20260804-001)] 運営はWEIWEIホールディングス株式会社。電話050-8882-5001、メールweimallyh@weiec.jp / 規模:中小 / 元メーカー名表記:ウェイモール WEIMALL,WEIMALL
Roadlamp,Roadlamp,英字ブランド,,,,,,,,,,不明,,
パワーブリーズ(POWER BREATHE),パワーブリーズ,和名法人らしき,,,,,,,,,,不明,,POWER BREATHE
白泉社,白泉社,和名法人らしき,,,,,,,,,,不明,,
ストレッチングボード,ストレッチングボード,和名法人らしき,,,,,,,,,,不明,,
ワー ナー・ブ ラザース・ホームエ ンターテイ メント,ワー ナー・ブ ラザース・ホームエ ンターテイ メント,和名法人らしき,,,,,,,,,,不明,,
Lusciouz,Lusciouz,英字ブランド,,,,,,,,,,不明,,
Shout! Factory,Shout! Factory,英字ブランド,,,,,,,,,,不明,,
Mill Creek Entertainment,Mill Creek Entertainment,英字ブランド,,,,,,,,,,不明,,
GoveeLife,GoveeLife,英字ブランド,,,,,,,,,,不明,,
Judout,Judout,英字ブランド,,,,,,,,,,不明,,
Handeful,Handeful,英字ブランド,,,,,,,,,,不明,,
東映,東映,和名法人らしき,,,,,,,,,,不明,,
CME,CME,英字ブランド,,,,,,,,,,不明,,
株式会社ソニー・ピクチャーズ エンタテインメント,株式会社ソニー・ピクチャーズ エンタテインメント,和名法人らしき,,,,,,,,,,不明,,
Syitren,Syitren,英字ブランド,,,,,,,,,,不明,,
AHS,AHS,英字ブランド,,,,,,,,,,不明,,
矢崎化工(Yazaki Kako),矢崎化工,和名法人らしき,,,,,,,,,,不明,,Yazaki Kako
SENPPLE,SENPPLE,英字ブランド,,,,,,,,,,不明,,
Collonil(コロニル),Collonil,和名法人らしき,,,,,,,,,,不明,,コロニル
スリーエム(3M),スリーエム,和名法人らしき,,,,,,,,,,不明,,3M
Avrpqiwy,Avrpqiwy,英字ブランド,,,,,,,,,,不明,,
roborock,roborock,英字ブランド,,,,,,,,,,不明,,
筒井時正商店,筒井時正商店,和名法人らしき,,,,,,,,,,不明,,
金鳥,金鳥,和名法人らしき,,,,,,,,,,不明,,
MiiElAOD,MiiElAOD,英字ブランド,,,,,,,,,,不明,,
ブレイス(Braith),ブレイス,和名法人らしき,,,,,,,,,,不明,,Braith
消臭ビーズ,消臭ビーズ,和名法人らしき,,,,,,,,,,不明,,
aestiquo,aestiquo,英字ブランド,,,,,,,,,,不明,,
富士通,富士通,和名法人らしき,,,,,,,,,,不明,,
NorwegianStyle,NorwegianStyle,英字ブランド,,,,,,,,,,不明,,
大島屋(Ooshimaya),大島屋,和名法人らしき,,,,,,,,,,不明,,Ooshimaya
Maxell,Maxell,英字ブランド,,,,,,,,,,不明,,
Laundrin'(ランドリン),Laundrin',和名法人らしき,,,,,,,,,,不明,,ランドリン
こぐま会,こぐま会,和名法人らしき,,,,,,,,,,不明,,
ゼンハイザー(Sennheiser),ゼンハイザー,和名法人らしき,,,,,,,,,,不明,,Sennheiser
ハズブロ(HASBRO),ハズブロ,和名法人らしき,,,,https://consumercare.hasbro.com/ja-jp,,,customerservice.japan@ap.hasbro.com,既取得55社(T-20260804-001),https://consumercare.hasbro.com/ja-jp/contact-information,確定,[既取得55社(T-20260804-001)] 直取引困難・正規窓口。日本法人=ハズブロジャパン合同会社(東京都文京区)。電話終了しメールのみ(平日10-16時) / 規模:海外 / 元メーカー名表記:Hasbro ハズブロ,HASBRO
NANOXone(ナノックスワン),NANOXone,和名法人らしき,,,,,,,,,,不明,,ナノックスワン
THANKO,THANKO,英字ブランド,,,,,,,,,,不明,,
LIHILIS,LIHILIS,英字ブランド,,,,,,,,,,不明,,
山善(YAMAZEN),山善,和名法人らしき,,,,,,,,,,不明,,YAMAZEN
NETGEAR,NETGEAR,英字ブランド,,,,,,,,,,不明,,
PLUS91(プラス91）,PLUS91,和名法人らしき,,,,,,,,,,不明,,プラス91
KJK,KJK,英字ブランド,,,,,,,,,,不明,,
Blackstone Publishing,Blackstone Publishing,英字ブランド,,,,,,,,,,不明,,
空調服,空調服,和名法人らしき,,,,,,,,,,不明,,
マンフロット(Manfrotto),マンフロット,和名法人らしき,,,,,,,,,,不明,,Manfrotto
Def Jam,Def Jam,英字ブランド,,,,,,,,,,不明,,
Philoent,Philoent,英字ブランド,,,,,,,,,,不明,,
Goal Zero,Goal Zero,英字ブランド,,,,,,,,,,不明,,
B3 BIGTHREE,B3 BIGTHREE,英字ブランド,,,,,,,,,,不明,,
マスプロ電工,マスプロ電工,和名法人らしき,,,,,,,,,,不明,,
Kimwood,Kimwood,英字ブランド,,,,,,,,,,不明,,
Derila,Derila,英字ブランド,,,,,,,,,,不明,,
Google,Google,英字ブランド,,,,,,,,,,不明,,
Globular Cluster,Globular Cluster,英字ブランド,,,,,,,,,,不明,,
Evercade,Evercade,英字ブランド,,,,,,,,,,不明,,
メロリン,メロリン,和名法人らしき,,,,,,,,,,不明,,
N-style,N-style,英字ブランド,,,,,,,,,,不明,,
Audio Technica(オーディオテクニカ),Audio Technica,和名法人らしき,,,,,,,,,,不明,,オーディオテクニカ
Spopal,Spopal,英字ブランド,,,,,,,,,,不明,,
Braun,Braun,英字ブランド,,,,,,,,,,不明,,
サムスン(SAMSUNG),サムスン,和名法人らしき,,,,,,,,,,不明,,SAMSUNG
Tipkook,Tipkook,英字ブランド,,,,,,,,,,不明,,
アイホン,アイホン,和名法人らしき,,,,,,,,,,不明,,
マガジンハウス,マガジンハウス,和名法人らしき,,,,,,,,,,不明,,
ヘリノックス(Helinox),ヘリノックス,和名法人らしき,,,,,,,,,,不明,,Helinox
フジクリーン,フジクリーン,和名法人らしき,,,,,,,,,,不明,,
HP,HP,英字ブランド,,,,,,,,,,不明,,
NGK,NGK,英字ブランド,,,,,,,,,,不明,,
プロクソン(PROXXON),プロクソン,和名法人らしき,,,,,,,,,,不明,,PROXXON
Speakers Corner,Speakers Corner,英字ブランド,,,,,,,,,,不明,,
安永,安永,和名法人らしき,,,,,,,,,,不明,,
LEGACY RECORDINGS,LEGACY RECORDINGS,英字ブランド,,,,,,,,,,不明,,
Semtyait,Semtyait,英字ブランド,,,,,,,,,,不明,,
プリンストン,プリンストン,和名法人らしき,,,,,,,,,,不明,,
BIUBLE,BIUBLE,英字ブランド,,,,,,,,,,不明,,
OM SYSTEM/オリンパス,OM SYSTEM,和名法人らしき,,,,,,,,,,不明,,オリンパス
MEDICOM TOY,MEDICOM TOY,英字ブランド,,,,,,,,,,不明,,
KingSpec,KingSpec,英字ブランド,,,,,,,,,,不明,,
マクサー電機,マクサー電機,和名法人らしき,,,,,,,,,,不明,,
ロッキングオン,ロッキングオン,和名法人らしき,,,,,,,,,,不明,,
Winning,Winning,英字ブランド,,,,,,,,,,不明,,
amBand,amBand,英字ブランド,,,,,,,,,,不明,,
ヤマハ(YAMAHA),ヤマハ,和名法人らしき,,,,,,,,,,不明,,YAMAHA
アーテック(artec),アーテック,和名法人らしき,,,,,,,,,,不明,,artec
Kung Long,Kung Long,英字ブランド,,,,,,,,,,不明,,
BGB,BGB,英字ブランド,,,,,,,,,,不明,,
Mt.SUMI,Mt.SUMI,英字ブランド,,,,,,,,,,不明,,
コロコロ堂,コロコロ堂,和名法人らしき,,,,,,,,,,不明,,
英治出版,英治出版,和名法人らしき,,,,,,,,,,不明,,
コンフィデンス,コンフィデンス,和名法人らしき,,,,,,,,,,不明,,
AZ(エーゼット),AZ,和名法人らしき,,,,,,,,,,不明,,エーゼット
三菱電機(MITSUBISHI ELECTRIC),三菱電機,和名法人らしき,,,,,,,,,,不明,,MITSUBISHI ELECTRIC
東レ(TORAY),東レ,和名法人らしき,,,,,,,,,,不明,,TORAY
マテル(MATTEL),マテル,和名法人らしき,,,,,,,,,,不明,,MATTEL
テイクツー・インタラクティブ・ジャパン,テイクツー・インタラクティブ・ジャパン,和名法人らしき,,,,,,,,,,不明,,
スプラトゥーン3,スプラトゥーン3,和名法人らしき,,,,,,,,,,不明,,
ユーブロック,ユーブロック,和名法人らしき,,,,,,,,,,不明,,
Hodderscape,Hodderscape,英字ブランド,,,,,,,,,,不明,,
E-Kitap Projesi & Cheapest Books,E-Kitap Projesi & Cheapest Books,英字ブランド,,,,,,,,,,不明,,
ピュリナ ワン,ピュリナ ワン,和名法人らしき,,,,,,,,,,不明,,
GEMBLO COMPANY,GEMBLO COMPANY,英字ブランド,,,,,,,,,,不明,,
カモ井加工紙,カモ井加工紙,和名法人らしき,,,,,,,,,,不明,,
SAVOX,SAVOX,英字ブランド,,,,,,,,,,不明,,
メグロ化学工業,メグロ化学工業,和名法人らしき,,,,,,,,,,不明,,
MINTGAMES,MINTGAMES,英字ブランド,,,,,,,,,,不明,,
Abrams Books,Abrams Books,英字ブランド,,,,,,,,,,不明,,
Vitantonio (ビタントニオ),Vitantonio,和名法人らしき,,,,,,,,,,不明,,ビタントニオ
ウエスタンデジタル(Western Digital),ウエスタンデジタル,和名法人らしき,,,,,,,,,,不明,,Western Digital
NEC,NEC,英字ブランド,,,,,,,,,,不明,,
新日本法規出版,新日本法規出版,和名法人らしき,,,,,,,,,,不明,,
récolte,récolte,英字ブランド,,,,,,,,,,不明,,
DXアンテナ,DXアンテナ,和名法人らしき,,,,,,,,,,不明,,アンテナ | DX
JLab,JLab,英字ブランド,,,,,,,,,,不明,,
フシマン,フシマン,和名法人らしき,,,,,,,,,,不明,,
メディックメディア,メディックメディア,和名法人らしき,,,,,,,,,,不明,,
Doubleday,Doubleday,英字ブランド,,,,,,,,,,不明,,
第一ビニール,第一ビニール,和名法人らしき,,,,,,,,,,不明,,
Taishita,Taishita,英字ブランド,,,,,,,,,,不明,,
Yale University Press,Yale University Press,英字ブランド,,,,,,,,,,不明,,
株式会社ストームレーベルズ,株式会社ストームレーベルズ,和名法人らしき,,,,,,,,,,不明,,
Bolinda/Audible Audio,Bolinda,英字ブランド,,,,,,,,,,不明,,Audible Audio
Teenage Engineering,Teenage Engineering,英字ブランド,,,,,,,,,,不明,,
AMOVO,AMOVO,英字ブランド,,,,,,,,,,不明,,
Hi-Spec,Hi-Spec,英字ブランド,,,,,,,,,,不明,,
ポケモン(Pokemon),ポケモン,和名法人らしき,,,,,,,,,,不明,,Pokemon
arboleaf,arboleaf,英字ブランド,,,,,,,,,,不明,,
Seefox,Seefox,英字ブランド,,,,,,,,,,不明,,
Lemorele,Lemorele,英字ブランド,,,,,,,,,,不明,,
エーペックス(Apex),エーペックス,和名法人らしき,,,,,,,,,,不明,,Apex
LEWITT,LEWITT,英字ブランド,,,,,,,,,,不明,,
MIHAMA,MIHAMA,英字ブランド,,,,,,,,,,不明,,
株式会社マーベラス,株式会社マーベラス,和名法人らしき,,,,,,,,,,不明,,
Barnes & Noble,Barnes & Noble,英字ブランド,,,,,,,,,,不明,,
Wantek,Wantek,英字ブランド,,,,,,,,,,不明,,
LEONINE,LEONINE,英字ブランド,,,,,,,,,,不明,,
テスコム,テスコム,和名法人らしき,,,,,,,,,,不明,,
Funimation,Funimation,英字ブランド,,,,,,,,,,不明,,
Simon & Schuster,Simon & Schuster,英字ブランド,,,,,,,,,,不明,,
Seesii,Seesii,英字ブランド,,,,,,,,,,不明,,
21Technology,21Technology,英字ブランド,,,,,,,,,,不明,,
anoutway,anoutway,英字ブランド,,,,,,,,,,不明,,
ATLANTIC RECORDS,ATLANTIC RECORDS,英字ブランド,,,,,,,,,,不明,,
Eonon,Eonon,英字ブランド,,,,,,,,,,不明,,
Xvive,Xvive,英字ブランド,,,,,,,,,,不明,,
リンナイ(Rinnai),リンナイ,和名法人らしき,,,,,,,,,,不明,,Rinnai
JPjoy,JPjoy,英字ブランド,,,,,,,,,,不明,,
小川耕太郎∞百合子社,小川耕太郎∞百合子社,和名法人らしき,,,,,,,,,,不明,,
ダイヤモンド社,ダイヤモンド社,和名法人らしき,,,,,,,,,,不明,,
城東テクノ,城東テクノ,和名法人らしき,,,,,,,,,,不明,,
シャープ(SHARP),シャープ,和名法人らしき,,,,,,,,,,不明,,SHARP
Faber & Faber,Faber & Faber,英字ブランド,,,,,,,,,,不明,,
pa-man,pa-man,英字ブランド,,,,,,,,,,不明,,
ソフトーク,ソフトーク,和名法人らしき,,,,,,,,,,不明,,
Greneo,Greneo,英字ブランド,,,,,,,,,,不明,,
RAILROAD SOCK(レイルロードソック),RAILROAD SOCK,和名法人らしき,,,,,,,,,,不明,,レイルロードソック
CoolDove,CoolDove,英字ブランド,,,,,,,,,,不明,,
Smith & Nephew,Smith & Nephew,英字ブランド,,,,,,,,,,不明,,
技術評論社,技術評論社,和名法人らしき,,,,,,,,,,不明,,
野田琺瑯(Nodahoro),野田琺瑯,和名法人らしき,,,,,,,,,,不明,,Nodahoro
naef,naef,英字ブランド,,,,,,,,,,不明,,
アース渦巻香,アース渦巻香,和名法人らしき,,,,,,,,,,不明,,
KÄRCHER,KÄRCHER,英字ブランド,,,,,,,,,,不明,,
いいずな書店,いいずな書店,和名法人らしき,,,,,,,,,,不明,,
King Records,King Records,英字ブランド,,,,,,,,,,不明,,
Earth Plus,Earth Plus,英字ブランド,,,,,,,,,,不明,,
デビフ,デビフ,和名法人らしき,,,,,,,,,,不明,,
シモジマ(SHIMOJIMA),シモジマ,和名法人らしき,,,,https://www.shimojima.co.jp/,03-3864-0061,https://www.shimojima.co.jp/support/contact.html,,既取得55社(T-20260804-001),https://www.shimojima.co.jp/aboutus/outline.html,確定,[既取得55社(T-20260804-001)] 包装用品の専門商社(東証プライム上場、東京都台東区)。本社03-3864-0061。メール無くフォームのみ / 規模:中小 / 元メーカー名表記:シモジマ SHIMOJIMA,SHIMOJIMA
辻希美プロデュース,辻希美プロデュース,和名法人らしき,,,,,,,,,,不明,,
イースター,イースター,和名法人らしき,,,,,,,,,,不明,,
ドレミ楽譜出版社,ドレミ楽譜出版社,和名法人らしき,,,,,,,,,,不明,,
Deltran,Deltran,英字ブランド,,,,,,,,,,不明,,
NSW,NSW,英字ブランド,,,,,,,,,,不明,,
日経BP,日経BP,和名法人らしき,,,,,,,,,,不明,,日経 | BP
Kitty Media,Kitty Media,英字ブランド,,,,,,,,,,不明,,
Magrathea Publishing,Magrathea Publishing,英字ブランド,,,,,,,,,,不明,,
ピープル,ピープル,和名法人らしき,,,,,,,,,,不明,,
Sweet Cherry Publishing,Sweet Cherry Publishing,英字ブランド,,,,,,,,,,不明,,
Arrow Video,Arrow Video,英字ブランド,,,,,,,,,,不明,,
P&S Detailing Products,P&S Detailing Products,英字ブランド,,,,,,,,,,不明,,
昭文社,昭文社,和名法人らしき,,,,,,,,,,不明,,
スズキ機工(Suzuki Kikoh),スズキ機工,和名法人らしき,,,,,,,,,,不明,,Suzuki Kikoh
日経BP 日本経済新聞出版本部,日経BP 日本経済新聞出版本部,和名法人らしき,,,,,,,,,,不明,,日経 日本経済新聞出版本部 | BP
コミネ(KOMINE),コミネ,和名法人らしき,,,,,,,,,,不明,,KOMINE
Public Publishing,Public Publishing,英字ブランド,,,,,,,,,,不明,,
ジャニーズ・エンタテイメント,ジャニーズ・エンタテイメント,和名法人らしき,,,,,,,,,,不明,,
SAMSUNG,SAMSUNG,英字ブランド,,,,,,,,,,不明,,
美和ロック(Miwalock),美和ロック,和名法人らしき,,,,,,,,,,不明,,Miwalock
Kurilon,Kurilon,英字ブランド,,,,,,,,,,不明,,
Baby Shusher,Baby Shusher,英字ブランド,,,,,,,,,,不明,,
EveryDrop by Whirlpool,EveryDrop by Whirlpool,英字ブランド,,,,,,,,,,不明,,
Workman Publishing,Workman Publishing,英字ブランド,,,,,,,,,,不明,,
Authors Equity,Authors Equity,英字ブランド,,,,,,,,,,不明,,
StarTech.com(スターテック),StarTech.com,和名法人らしき,,,,https://www.startech.com/,,https://www.startech.com/en-us/contact,,既取得55社(T-20260804-001),https://jp.tdsynnex.com/vendor/startech-com/,確定,[既取得55社(T-20260804-001)] カナダ発ブランド。国内取扱いは正規代理店TD SYNNEX経由。直取引困難・代理店/正規窓口。メール無く問い合わせフォームのみ / 規模:海外 / 元メーカー名表記:StarTech.com スターテック,スターテック
HiGrace,HiGrace,英字ブランド,,,,,,,,,,不明,,
ACKDZU,ACKDZU,英字ブランド,,,,,,,,,,不明,,
Perfection Learning,Perfection Learning,英字ブランド,,,,,,,,,,不明,,
Revive Classics,Revive Classics,英字ブランド,,,,,,,,,,不明,,
新書館,新書館,和名法人らしき,,,,,,,,,,不明,,
WSS Playground,WSS Playground,英字ブランド,,,,,,,,,,不明,,
Leatherwood Bespoke Rosin 社,Leatherwood Bespoke Rosin 社,和名法人らしき,,,,,,,,,,不明,,Leatherwood Bespoke Rosin
SMM ITAKU (MUSIC),SMM ITAKU,英字ブランド,,,,,,,,,,不明,,MUSIC
MITSUBA(ミツバサンコーワ),MITSUBA,和名法人らしき,,,,,,,,,,不明,,ミツバサンコーワ
日本一ソフトウェア,日本一ソフトウェア,和名法人らしき,,,,,,,,,,不明,,
Rough Trade,Rough Trade,英字ブランド,,,,,,,,,,不明,,
中央経済社,中央経済社,和名法人らしき,,,,,,,,,,不明,,
TABWEE,TABWEE,英字ブランド,,,,,,,,,,不明,,
KORG(コルグ),KORG,和名法人らしき,,,,,,,,,,不明,,コルグ
Scuf,Scuf,英字ブランド,,,,,,,,,,不明,,
ARZOPA,ARZOPA,英字ブランド,,,,,,,,,,不明,,
EDISONmama(エジソンママ),EDISONmama,和名法人らしき,,,,,,,,,,不明,,エジソンママ
phiten(ファイテン),phiten,和名法人らしき,,,,,,,,,,不明,,ファイテン
Ergobaby(エルゴベビー),Ergobaby,和名法人らしき,,,,,,,,,,不明,,エルゴベビー
Wipuku,Wipuku,英字ブランド,,,,,,,,,,不明,,
Import,Import,英字ブランド,,,,,,,,,,不明,,
METRO GOLDWYN MAYER,METRO GOLDWYN MAYER,英字ブランド,,,,,,,,,,不明,,
株式会社 山本人形,株式会社山本人形,和名法人らしき,,,,,,,,,,不明,,
WARNER RECORDS,WARNER RECORDS,英字ブランド,,,,,,,,,,不明,,
La Tromba,La Tromba,英字ブランド,,,,,,,,,,不明,,
"Farrar, Straus and Giroux","Farrar, Straus and Giroux",英字ブランド,,,,,,,,,,不明,,
KRE,KRE,英字ブランド,,,,,,,,,,不明,,
海洋堂(KAIYODO),海洋堂,和名法人らしき,,,,,,,,,,不明,,KAIYODO
ENTEKE,ENTEKE,英字ブランド,,,,,,,,,,不明,,
Puffin,Puffin,英字ブランド,,,,,,,,,,不明,,
asics(アシックス),asics,和名法人らしき,,,,,,,,,,不明,,アシックス
Focusrite,Focusrite,英字ブランド,,,,,,,,,,不明,,
Amigo Spiel + Freizeit,Amigo Spiel + Freizeit,英字ブランド,,,,,,,,,,不明,,
幻冬舎,幻冬舎,和名法人らしき,,,,,,,,,,不明,,
Nulea,Nulea,英字ブランド,,,,,,,,,,不明,,
よしもとミュージックエンタテインメント,よしもとミュージックエンタテインメント,和名法人らしき,,,,,,,,,,不明,,
Hawk Press,Hawk Press,英字ブランド,,,,,,,,,,不明,,
Outlook Verlag,Outlook Verlag,英字ブランド,,,,,,,,,,不明,,
MGM (Video & DVD),MGM,英字ブランド,,,,,,,,,,不明,,Video & DVD
IK Multimedia,IK Multimedia,英字ブランド,,,,,,,,,,不明,,
MANGA ENTERTAINMENT,MANGA ENTERTAINMENT,英字ブランド,,,,,,,,,,不明,,
new balance(ニューバランス),new balance,和名法人らしき,,,,,,,,,,不明,,ニューバランス
Logicool G(ロジクール G),Logicool G,和名法人らしき,,,,,,,,,,不明,,ロジクール G | ロジクール
日立(HITACHI),日立,和名法人らしき,,,,,,,,,,不明,,HITACHI
