順位,メーカー名,スコア,カテゴリ係数,該当商品数,想定仕入れ金額の中央値,Amazon価格の中央値,消化月数の中央値,主なカテゴリ,リスク区分あり件数,代表商品名,代表ASIN
1,SUN-S(サンエス),1.0451,1.3,1,702,3580,1,産業・研究開発用品,0,サンエス【RD9010H】空調風神服用 斜めハイパワーファン2個セット／オリジナルステッカー付,B082NKNDXS
2,タイガーゴム,1.0321,1.2,1,249,1780,1,おもちゃ,0,【縁日 景品 水ヨーヨーセット】水ヨーヨー クリップ付き 100個 セット ヨーヨーすくい ヨーヨー釣り 夏祭り【Festival Plaza】,B0D9WH6KDY
3,バイクハンド(Bike Hand),1.0058,1.2,1,288,1780,1,スポーツ＆アウトドア,0,BIKE HAND 自転車 ペダルレンチ 高トルク 15mm対応 プロフェッショナル 工具（YC-163L）,B0BMWQ9MZM
4,Hikari(ヒカリ),0.9865,1.2,1,338,1900,1,ペット用品,0,「ヒカリ (Hikari) ひかりクレスト タートルスタンドパック 250g」 2個セット,B07WFSJ9QS
5,アセキ,0.9539,1.3,2,3355,6973,1,ホーム＆キッチン,0,"アセキ ジューサー スロージューサー 搾りカス分離 低速回転 小型 ミキサー 高い搾汁率 酸化しにくい 取り付け簡単(ブラック, Mサイズ)",B09MD4LBF3
6,トキワ商事,0.9528,1.2,1,585,2840,1,おもちゃ,0,【タイガーキャット】トキワ商事 スーパーボール ミックス 18mm (まとめ買い・500入),B0993CSLG9
7,快適設計IBR,0.9527,1.3,1,529,1980,1,産業・研究開発用品,0,[快適設計IBR] KN95 マスク 不織布 5層 CNAS機関認証済み 旧製品「レギュラー」の新バージョン 立体構造 ノーズスポンジ付き 曇りにくい 耳が痛くなりにくい 20枚入,B0DX1R9SK6
8,大石天狗堂(Ooishi Tengudo),0.9493,1.2,1,1525,7300,1,おもちゃ,0,大石天狗堂(Ooishi Tengudo) 小倉百人一首 歌かるた 標準取札,B001CIQ49A
9,イースター株式会社,0.9472,1.2,3,156,1762,2,ペット用品,0,イースター ジリスセレクションプロ グルテンフリー 750g,B0G5KJ7JFH
10,コモライフ,0.9452,1.3,1,544,1993,1,DIY・工具・ガーデン,0,コモライフ サッと使える緊急携帯トイレ 18回分 600cc 非常用トイレ 簡易 携帯 トイレ 防災 男女兼用 凝固剤,B09QSJ4MQ1
11,富士フレーバー,0.9323,1.3,1,504,1782,1,DIY・工具・ガーデン,0,富士フレーバー タバコシバンムシ 誘引 捕獲 セット ニューセリコ 2枚入り フェロモントラップ,B07JR1SNN4
12,自然暮らし,0.9295,1.3,1,722,2533,1,DIY・工具・ガーデン,0,【プロ品質の万能肥料】観葉植物 水耕栽培 粉末 肥料 栄養剤 液体肥料 自然暮らし 水に溶かして速く効く粉末液肥 100g 添加液肥20ml,B0FMXLFN4V
13,シーラケース,0.9236,1.2,1,760,3300,1,ペット用品,0,シーラケース シーラ箱 （標準）昆虫標本用品標本箱,B01AQHA5ZQ
14,フィッティ,0.9222,1.3,1,617,2123,1,産業・研究開発用品,0,[フィッティ] Fitty うるおいマスク シルキータッチ やや大きめ (不織布/プリーツ) 15セット×2箱 加湿マスク 保湿 乾燥,B0FK4Q3RMV
15,日本電興株式会社,0.9083,1.3,1,4093,13585,1,DIY・工具・ガーデン,0,日本電興(NIHON DENKO) 日本製 ナノバブル発生装置 キッチン水栓用 (泡沫/丸型) ND-NBKS 工具不要 簡単取付 ナノバブル 節水,B0CCCMPTQR
16,城東テクノ,0.9048,1.3,2,26,1658,2,DIY・工具・ガーデン,0,JOTO 丸マス蓋（枠なし） 樹脂製 耐圧２トン 300型 JT2-300SFW（雨水・穴あり） 城東テクノ,B004Y2AJYW
17,ペットラインプロバラ,0.8297,1.2,1,1239,4015,1,ペット用品,0,ペットラインプロバラ プロフェッショナルバランス 超小粒 1歳から 成犬用 2.4kg,B01LX4WJYU
18,ウッディプッディ(Woodypuddy),0.827,1.2,1,2049,6592,1,おもちゃ,0,ウッディプッディ(Woodypuddy) サラダセット,B07NN9Z9C8
19,エアブラシワークス,0.8019,1.2,2,1883,3570,1,ホビー,0,エアブラシワークス AW-103 エアブラシ ハンドピース 0.3mm 0.2mm 0.5mm ダブルアクション プラモデル 塗装 ガンプラ 初心者,B0BNMCRHK9
20,ビーエムオンライン,0.7688,1.0,1,411,1778,1,車＆バイク,0,鈴木油脂 かびとりいっぱつ,B09MQ19QJC
21,タカラ産業,0.764,1.3,1,2000,4851,1,DIY・工具・ガーデン,0,タカラ産業 ウェーブルーバー（WAVE LOUVER） 室外機カバー SLK85 マグネット式 幅調整可能,B0GMLMR6YN
22,GRAPHT (グラフト),0.7614,1.0,2,4075,8828,1,楽器・音響機器,0,GRAPHT マイクアーム ロープロファイル 日本メーカー MICROPHONE ARM 【ブラック】黒 耐荷重 2kg 360度回転 角度調節可能 3/8 5/8 マイククリップ,B0DXF9NT1W
23,KAYOTOYS カヨトイズ,0.7547,1.2,2,1212,3640,1,おもちゃ,1,カヨトイズ パウ・パトロール バブルシューター 電動 シャボン玉 バブルガン 自動 タンク式 LEDライト 子ども おもちゃ,B0F5TX3NGZ
24,レヂトン(Resiton),0.7215,1.3,1,2625,5899,1,DIY・工具・ガーデン,0,レヂトン 切断砥石 金の卵 105×1.0×15【30枚セット】 (ステンレス/金属用),B091YCZWTZ
25,常陸化工,0.7039,1.2,1,2311,5590,1,ペット用品,0,常陸化工 猫砂 トイレに流せる木製猫砂 大容量タイプ 12L 4袋,B072M2D7QH
26,からからつみき(KARAKARATSUMIKI),0.6899,1.2,1,2967,6980,1,おもちゃ,0,からからつみき 木製 積み木 ギフト 知育玩具 モンテッソーリ | 240ピース 日本製 宮崎県産杉100%使用 無塗装 木のおもちゃ 0歳 1歳 2歳 3歳 4歳,B07PQRBV8V
27,ナトコ,0.6786,1.3,2,1018,3888,2,DIY・工具・ガーデン,0,ナトコ スケルトンM-201 金属ハケ用 1kg 業務用 剥離,B08G44WSY1
28,フィード,0.6637,1.3,1,2883,5890,1,ホーム＆キッチン,0,業務用 紙コップ 無地 3000個 5オンス(150cc) ケース販売 ペーパーカップ 冷水専用 ホワイト 業務用 うがい用,B0CMZPNN16
29,KBファーム,0.6621,1.2,1,2510,5600,1,ペット用品,0,KBファーム プロゼリー(16g 500個入り) 高たんぱく カブトムシ・クワガタ用,B0CG16W2PC
30,旭化成ワッカーシリコン,0.6587,1.2,1,1836,4070,1,ホビー,0,旭化成ワッカーシリコン M4470 1kg 硬化剤セット 型取りシリコン,B00BH1GI02
31,日本のオラクルカード・タロットカード全集,0.6564,1.2,1,1495,3300,1,おもちゃ,0,しろふわくんのしあわせ運ぶオラクルカード ｜ enoko ｜ カード36枚 日本語解説紙付き【正規品】,B0FCXW7YTT
32,ストレッチングボード,0.6478,1.2,1,4556,9900,1,スポーツ＆アウトドア,0,【純国産】ストレッチボード アサヒ ストレッチングボード足首ストレッチ ふくらはぎストレッチ アキレス腱伸ばし 足首を柔らかくする器具 アーチ インソール 階角度調整 耐荷重150,B000BK6CHE
33,NB(ドットサイト),0.6422,1.2,1,1673,3599,1,ホビー,0,RMR タイプ コンパクトドットサイト グロック用マウント付き ブラック,B01FJUUPHS
34,大島屋(Ooshimaya),0.6288,1.3,1,62,1900,2,ホーム＆キッチン,0,籐枕 約30×18×12cm,B01CN6JB80
35,フィットフィンガートレーニング,0.6175,1.2,1,1398,2880,1,スポーツ＆アウトドア,0,フロッグハンド ハードタイプ [正規品] 簡単足指トレーニング,B018O015OW
36,Airクリーンラボ,0.6155,1.3,1,105,1980,1,ホーム＆キッチン,1,【張る空気清浄機×5つの試験で99%】 ハウスダスト対策 エアコンフィルター 壁掛エアコン・空気清浄機用 掃除 ホコリ 換気扇 エアクリーンラボ 花粉対策 2枚入り,B0DQ81QZWP
37,吉田製油所,0.6151,1.3,1,4373,8300,1,DIY・工具・ガーデン,0,白アリミケブロック業務用400ml 白蟻駆除用木部処理用乳剤,B00X5YK4S6
38,Pure(ピュア),0.6053,1.0,1,1184,3000,1,ファッション,0,PURE スリム エクストリーム ロング フィルター 6mm x 30mm バリューパック600 ×４個セット 手巻き用,B09T71QDMR
39,コンチネンタル(Continental),0.5952,1.2,1,3548,7040,1,スポーツ＆アウトドア,0,Continental(コンチネンタル) Ultra Sport 3(ウルトラスポーツ3) Black/Black 700x28C FB ロード用クリンチャータイヤ 2本セット,B08PNXT8VQ
40,太平洋工業,0.5947,1.0,1,1682,4150,1,車＆バイク,0,太平洋工業 チューブレスタイヤゴムバルブ 100個セット TR413CL パッキン付き 太平洋パシフィック TR-413 チューブレスタイヤ用スナップインバルブ 安心の日本製,B074RXSYH2
41,円谷プロダクション(Tsuburaya),0.5905,1.2,2,1180,3880,2,おもちゃ,0,円谷プロダクション(Tsuburaya) ウルトラマン カードゲーム ウルトラデッキ01 ウルトラマンティガ&ウルトラマンブレーザー[UD01] 対象年齢 9 歳～,B0FK4J8NP6
42,Laundrin'(ランドリン),0.5899,1.0,2,315,1900,2,車＆バイク,0,Laundrin'(ランドリン) Laundrin 車用フレグランス ブルー66 本体4個入り,B0CFF27XYR
43,ワイドハイター,0.5856,1.3,1,312,3150,2,産業・研究開発用品,0,【2個セット】ハイター 詰め替え用 ワイドハイターex パワー 2500ml×2個 5.6倍 まとめ買い 衣類用漂白剤 酸素系漂白剤 漂白剤 衣類 つけおき洗い 除菌 抗菌 消毒 ,B0D6NLCK3C
44,ブリヂストン(BRIDGESTONE),0.5854,1.2,2,1234,3980,2,スポーツ＆アウトドア,0,BRIDGESTONE(ブリヂストン)ゴルフボール SUPER STRAIGHT 2023年モデル 12球入 イエロー,B0BTKSGWFT
45,ハピラ(Hapila),0.5797,1.3,1,207,1915,2,文房具・オフィス用品,0,ハピラ 色紙ファイル 20ポケット 大容量 20枚収納 ケース付き 色紙収納 クリアファイル ポケットファイル 大色紙用 オフホワイト PF001,B0DCGB1SBY
46,AZ(エーゼット),0.5759,1.3,1,473,4150,2,DIY・工具・ガーデン,0,AZ(エーゼット) 25:1 混合燃料 青 4L 刈払機などの燃料(FG015),B007QQ0CIG
47,PKBジャパン,0.573,1.2,1,2717,5200,1,ペット用品,0,PKBジャパン オーラティーン デンタルジェル 犬猫用 28g×2セット,B077M6XNZ5
48,パワーブリーズ(POWER BREATHE),0.5651,1.2,1,4761,8999,1,スポーツ＆アウトドア,0,パワーブリーズ POWERbreathe PLUS 呼吸筋トレーニング器具 パワーブリーズプラス Medium Resistance 重負荷 ブルー BLUE [並行輸入品],B0BY84LRVB
49,セメダイン(Cemedine),0.5644,1.3,1,731,5550,2,産業・研究開発用品,0,セメダイン ゴム系ラテックス形 接着剤 クッションフロアー用 Cl7N 3kg lX-122,B00476JGX0
50,YouTen(ユーテン),0.5627,1.2,1,3335,6280,1,スポーツ＆アウトドア,0,【アワード受賞・人気ブランド】 YouTen（ユーテン）ディップススタンド 耐荷重200kg 折りたたみ ディップスマシン ディップスバー 懸垂 チンニング トレーニング 運動器具,B0DQVYKXJL
51,ルイファン ジャパン(Ruifan Japan),0.5614,1.2,3,2340,5089,2,おもちゃ,0,ルイファン ジャパン(Ruifan Japan) キングブレード X10R シャイニング 2本セット,B08WYPTHL8
52,東芝(TOSHIBA),0.559,1.0,3,5032,10889,1,パソコン・周辺機器,2,東芝TEC純正 58mm幅 感熱レジロールペーパー（芯あり） 58R-80TR-ZC 20巻,B00LN49DM8
53,ルミカ(Lumica),0.5589,1.2,1,122,1780,2,スポーツ＆アウトドア,0,ルミカ(日本化学発光) FIRE FISH 集魚ライト 水中ライトS型スイッチ グリーン,B0G1GGMV3W
54,野田琺瑯(Nodahoro),0.5577,1.3,1,500,3520,2,ホーム＆キッチン,0,野田琺瑯(Nodahoro) 保存容器 ホーロー 耐熱 持ち手付きストッカー 角型 レクタングル Lサイズ 密閉蓋付 ホワイトシリーズ 日本製 MSM-12K,B003VIVZTS
55,イガラシ(Igarashi),0.5572,1.2,2,1195,3480,2,おもちゃ,0,イガラシ ウォーターシャワースライダー 254×116×78cm(膨らましサイズ) シャワー付き 大・小 空気栓付 PAA-SL 大型,B09XXHFGF2
56,メデラ,0.5557,1.2,1,9993,18612,1,ベビー＆マタニティ,0,メデラ 搾乳機 電動 ソロ 搾乳機 (電動・シングルポンプ) 母乳育児をサポート,B095Z253G3
57,マツヨシ,0.5551,1.3,1,237,1624,2,産業・研究開発用品,0,視力表 ランドルト 3m + 遮眼子 セット,B076WSCNLF
58,Razer(レイザー),0.5515,1.0,9,6199,14480,2,パソコン・周辺機器,5,Razer BlackShark V2 Special Edition ゲーミングヘッドセット Black/Green USBサウンドカード付 USB 3.5mmアナログ THX ,B09923WB4R
59,ドウシシャ(DOSHISHA),0.5498,1.3,2,1080,10495,2,ホーム＆キッチン,1,ドウシシャ 大人のふわふわかき氷器ハンディタイプ コードレス 刃の高さ調整機能付 バラ氷専用 レシピ付 パステルターコイズ,B085M9DK8R
60,消臭ストロング,0.5439,1.3,1,403,2470,2,産業・研究開発用品,0,KAO 【業務用 衣料用洗剤】アタック 消臭ストロング ジェル 4Kg(花王プロフェッショナルシリーズ),B00Y7EV5FY
61,THRIVE(スライヴ),0.5387,1.3,1,439,2564,1,ホーム＆キッチン,1,スライヴ ハンディマッサージャー 「心地よい振動でコリをほぐす」 MD-01 ホワイト 管理医療機器,B000WMJ8MM
62,セルスター(CELLSTAR),0.5349,1.0,1,6037,12980,1,車＆バイク,0,セルスター レーザー光対応&GPSレーダー探知機 AR-37LC 一体型 18バンド ゾーン30対応 OBDII対応 3.2インチ GPSデータ更新無料 日本製 3年保証 CELL,B0B74X8PKF
63,矢崎化工(Yazaki Kako),0.5342,1.3,1,7658,13000,1,DIY・工具・ガーデン,0,YAZAKI YP-778A 都市ガス用電池式ガス・CO警報器　矢崎エナジーシステム製　12A、13A ホワイト,B0B3SKGMJR
64,トイコー(Toyco),0.5314,1.2,2,2706,7240,2,おもちゃ,0,トイコー(Toyco) サウンドジェット787 25.1 x 23.6 x 15 cm 670 3歳以上,B00DDAVJD6
65,消臭ビーズ,0.5305,1.2,1,204,1760,2,ペット用品,0,【まとめ買い】　消臭ビーズ 猫トイレまくだけ 香り広がる消臭ビーズ さわやかなナチュラルガーデンの香り 450ml×3個,B07GLJ2X4F
66,パール金属株式会社,0.528,1.3,1,394,2100,2,ホーム＆キッチン,0,パール金属 アイスペール 1.5L ダブル ステンレス IENOMI K-6023,B003EIJEYS
67,クリアストーン(Clearstone),0.5277,1.2,1,3076,5490,1,ホビー,0,クリアストーン(Clearstone) コスプレ ハロウィン 金色将軍 ユニセックス ゴールド,B0CLP97GMD
68,リンナイ(Rinnai),0.5239,1.3,1,386,1990,2,DIY・工具・ガーデン,0,リンナイ 小型湯沸器専用部品 【標準】カバー付出湯管(長さ：350mm) 【型番：RU-0210】,B009XN0SAM
69,Pエンタメストア,0.5213,1.2,1,2493,4408,1,ホビー,0,勝ち勝ちくん クリア PLUS 戦国乙女 山本カンスケバージョン カチカチくん 小役カウンター カチカチ君 プラス,B0FWPQYC96
70,マグパチ,0.5123,1.2,1,4573,7980,1,ホビー,0,日本製 トライテックのトレース台 トレビュアー LED A4 薄型 8mm 7段階調光可 A4-500,B01MFEVCVJ
71,筒井時正商店,0.51,1.2,1,252,1680,2,おもちゃ,0,"超特大ナイヤガラ 参考価格:1,100円/1箱 総薬量(約)72g",B001C9XWH6
72,タミヤ(TAMIYA),0.508,1.2,1,424,2764,2,ホビー,0,タミヤ 1/24 スポーツカーシリーズ No.163 カストロール トヨタ トムス スープラ GT プラモデル 24163,B000LFSG0U
73,ソフトーク,0.5069,1.3,1,568,2580,2,産業・研究開発用品,0,ユニ・チャーム ソフトーク 超立体マスク ふつう 100枚 2箱セット,B084WNCM42
74,マーナ(Marna),0.5062,1.0,1,2064,4180,1,ファッション,0,[マーナ] Shupatto 保冷バッグ (20L/ホワイトバーチ) シュパット 一気にたためる エコバッグ (折り畳み/大容量) 保冷バッグ,B0C4X9TW9C
75,株式会社アザレア,0.5043,1.2,1,252,1580,2,ホビー,0,HITCALL 天然由来成分PLA配合 NM BB弾 0.2g 4000発 高精度 高真球 ウォーター研磨仕上げ採用,B0989GCNFS
76,ファイナル(final),0.5022,1.0,5,4946,8980,1,家電＆カメラ,5,【final公式ストア限定】ag (エージー) COTSUBU for ASMR MK2 自分がダミーヘッドになったような臨場感 ASMR推薦 小型 軽量 IPX4 MEMSマイク,B0DPK8XT5F
77,岩手県木炭協会,0.5007,1.2,1,629,3800,2,スポーツ＆アウトドア,0,岩手県木炭協会 岩手切炭、6ｋｇ、黒炭、信頼のブランド、室内使用、,B005II6RXI
78,ネットステージ,0.4986,1.0,2,696,2360,2,車＆バイク,0,2本セット エバポレーター洗浄用 カーエアコン洗浄 スーパージェットマックス ガソリン車用スーパーJET MAX 79615,B098Q56TNT
79,医食同源ドットコム,0.4981,1.3,1,544,2328,2,産業・研究開発用品,0,[医食同源ドットコム] iSDG【90枚 30枚入x3箱】 立体型スパンレース不織布カラーマスク SPUN MASK (スパンマスク) ブラック 30枚入x3箱,B09T2PM8ZJ
80,エリエール,0.4959,1.3,1,572,2412,2,産業・研究開発用品,0,エリエール ハイパーブロックマスク ムレ爽快 小さめサイズ 30枚x4個,B096XD57TG
81,レック(LEC),0.4892,1.3,1,1207,4880,2,ホーム＆キッチン,0,レック r+style トイレステーション ホワイト (トイレブラシ),B005N5QHEK
82,ハイメス,0.4884,1.2,1,331,1780,2,おもちゃ,0,HEIMESS スピニングトップ ウィズ パール G736220 0歳から回せるコマ,B002LZU2SW
83,エジソン(EDISON),0.4854,1.2,1,311,1628,2,ベビー＆マタニティ,0,WOW CUP baby 【逆さにしても倒してもこぼれにくい】 360°どこからでも飲める トレーニングマグ ベビーマグ コップ飲み練習 ファーストカップ パーツ少ないシンプル設計,B0DPX41RG4
84,メロリン,0.4849,1.3,2,4116,8711,2,産業・研究開発用品,0,スミス・アンド・ネフュー ウンド マネジメント メロリン 10×20cm 100枚入 66974939 …,B018G4U6PA
85,シマノ(SHIMANO),0.4823,1.2,1,513,2615,2,スポーツ＆アウトドア,0,シマノ(SHIMANO) リペアパーツ ブレーキケーブルセット ステンレス MTB ブラック Y80098021,B005034H1K
86,キャロムショット,0.4778,1.3,1,796,3004,2,DIY・工具・ガーデン,0,キャロムショット モデルガン用スプレー塗料 ブラックスチール(黒鉄色) 容量:300ml,B002G29YHU
87,ワーナー・ブラザース・ホームエンターテイメント,0.4742,0.25,11,3378,7890,1,DVD,0,マッドマックス 怒りのデス・ロード<ブラック&クローム>エディション ブルーレイ スチールブック仕様(数量限定生産/2枚組) [Blu-ray],B076H6J8LS
88,ブレイス(Braith),0.4738,1.0,1,103,1962,2,車＆バイク,0,ブレイス/BRAiTH アーマオール プロテクタントオリジナル 473ml 車 ダッシュボード タイヤ 保護 ツヤ出し AK-16,B0D4LH1S4S
89,充電の達人,0.4728,1.0,2,662,1998,1,家電＆カメラ,2,モバイルバッテリー 大容量 急速充電 【2026新設計・22800mAh大容量】 最大2.4A出力 4つのケーブル内蔵 軽量 小型 5台同時充電可 携帯充電器 LED残量表示 LE,B0FPF3QW56
90,安永,0.4655,1.3,2,7036,14255,2,DIY・工具・ガーデン,0,安永　AP-40P 　浄化槽エアーポンプ　ブロワー,B00X7LDJ02
91,近与(KONYO),0.4585,1.3,1,932,3163,2,DIY・工具・ガーデン,0,SUN UP 両口メガネレンチ 6丁組,B00FB91SSI
92,三祐,0.454,1.2,1,553,2273,2,ペット用品,0,アラスカンワイルド（天然）フリーズドライ タラ フィレ (36g),B08VDNLY7D
93,シー・エフ・デー販売,0.4538,1.0,4,8728,15980,1,パソコン・周辺機器,4,CFD MGAX シリーズ SATA接続 2.5型 SSD (512GB) 3D NAND TLC採用 (読み取り最大530MB/S) SATAIII 6Gbps 2.5 インチ ,B0C4NRMLY6
94,たのつく,0.4502,1.2,1,447,1790,2,おもちゃ,0,自由工作に最適！楽しく作って・楽しく貯金（ちょっ金ハウス）,B0035P3IL0
95,BEAMS BOY(ビームスボーイ),0.4465,1.0,1,3775,6820,1,ファッション,0,[ビームスボーイ] キャンパス・バッグ ARC’TERYX MANTIS1 WESTPACK レディース 24K Black FREE,B0F9JCYXMP
96,ハスクバーナ・ゼノア,0.4461,1.3,1,4548,14500,2,産業・研究開発用品,0,ハスクバーナ チェンオイル 18L HC63221M 【チェンソーオイル チェーンソー オイル ガイドバー Husqvarna】,B005QG4FJU
97,NANOXone(ナノックスワン),0.4444,1.3,1,1104,3490,2,産業・研究開発用品,0,NANOX ｏｎｅ 【業務用 大容量】 洗浄プラス 4㎏ 洗濯洗剤 詰め替え,B0FMRL8V5Z
98,コンフィデンス,0.4427,1.2,1,1109,4230,2,ペット用品,0,コンフィデンス 3kg袋 ラビットフード,B00C149CE8
99,キャットアイ(CAT EYE),0.4418,1.2,1,989,3752,2,スポーツ＆アウトドア,0,キャットアイ(CAT EYE) 自転車用LEDライト AMPP200（200ルーメン） USB充電式 最大13時間点灯 工具不要取付 HL-EL042RC,B0DTN7TH48
100,オスモカラー,0.4413,1.3,3,2699,6550,3,DIY・工具・ガーデン,0,オスモカラー オスモ&エーデル カウンタートップオイル 0.5L #3058 ツヤ消し,B08XX1V5XK
101,メグロ化学工業,0.4409,1.3,1,2499,7770,2,産業・研究開発用品,0,メグロ化学工業 MEGUMIX メグミックスブラック 速乾 50ml 6０秒作業時間 完全乾燥時間60分 万能成形接着剤 3本セット 120281-3,B00LP4QCBG
102,シーゲイト(SEAGATE),0.4377,1.0,3,6429,12999,1,パソコン・周辺機器,3,"Seagate BarraCuda 3.5"" 1TB 内蔵ハードディスク HDD 2年保証 6Gb/s 64MB 7200rpm 正規代理店品 ST1000DM010",B01M04WP2B
103,MITSUBA(ミツバサンコーワ),0.4331,1.0,1,1686,12600,2,車＆バイク,0,MITSUBA(ミツバサンコーワ) アルファー II コンパクト ホーン クラクション 車 バイク 中音域 小型軽量 保安基準適合品 日本製 HOS-04G,B003BMBM7O
104,小川耕太郎∞百合子社,0.4311,1.3,1,640,1900,2,DIY・工具・ガーデン,0,シックハウス対策に天然成分100％ワックス『未晒し蜜ロウワックス』/Aタイプ　100ml,B0058FZGKG
105,コジマ（PB）,0.4285,1.2,1,633,2215,2,ペット用品,0,コジマ（PB） 大地の恵み La Terra ハムスター リス プレミアム ミックスフード フルーツ 180g×3個 (まとめ買い),B07ZTKV67K
106,チャオ (CIAO),0.4285,1.2,2,3445,6960,2,ペット用品,0,チャオ (CIAO) すごい乳酸菌ちゅ~る まぐろ・かつお・チキンバラエティ 60本,B09F8TMSNB
107,SoundPEATS(サウンドピーツ),0.4253,1.0,5,3935,6351,1,家電＆カメラ,5,SOUNDPEATS(サウンドピーツ) Air5 Pro ワイヤレスイヤホン 55dB ノイズキャンセリング LDAC/aptX Lossless対応,B0DWDWL25T
108,ＭＥＮＧＬＩ盟励,0.4252,1.3,1,968,2799,1,ホーム＆キッチン,1,メンズ電気シェーバー ボディシェーバー バリカン 鼻毛カッター ヒゲトリマー 髭剃り 1台3役 多機能セット 腋毛/体毛/眉毛/すね毛/髪/フェイス用 Type-C USB充電式 ,B0C7V1XXKF
109,NICHIBAN ニチバン,0.4221,1.3,1,1239,3534,2,産業・研究開発用品,0,ニチバン　アトファイン　Ｌ　2個セット　【帝王切開の傷あとケアなどに】,B01N44BYOF
110,ラウンドアップ,0.4219,1.3,2,3568,6595,2,産業・研究開発用品,0,日産化学工業 残留塩素試験紙 アクアチェックLC 100枚入,B008GPUBW8
111,ライラクス(LayLax),0.4168,1.2,1,1428,4678,2,ホビー,0,ライラクス(LayLax) タクティカルグラス バックルタイプ TAN サバゲーゴーグル メガネ対応 両面アンチフォグ ヘルメット対応 タン,B00Z8RSADO
112,シュワルベ(SCHWALBE),0.4133,1.2,1,576,1851,2,スポーツ＆アウトドア,0,2本セット SCHWALBE(シュワルベ) 700x18/28c 仏式バルブ 40mm SV15 [並行輸入品],B075LY4S1F
113,TRIGGERPOINT(トリガーポイント),0.4123,1.2,1,1273,4070,2,スポーツ＆アウトドア,0,【近藤千尋さん愛用ブランド】【日本正規品】 TRIGGERPOINT(トリガーポイント) グリッドボール 直径13cm ソフトタイプ オレンジ 03332,B079WTW9K3
114,壽屋(KOTOBUKIYA),0.4113,1.2,1,3286,10450,2,ホビー,0,壽屋(KOTOBUKIYA) 銀河英雄伝説 自由惑星同盟軍 第13艦隊旗艦 ヒューベリオン 全長約310mm 1/3000スケール プラモデル,B0GFT5LDTD
115,コミネ(KOMINE),0.41,1.3,1,2740,7420,2,産業・研究開発用品,0,コミネ(KOMINE) ペルチェ素子ウェアラブル ブレインクーラー Black Free 00-923 KK-923 熱中症対策 冷却グッズ 暑さ対策 ネッククーラー,B0FDKB6GJH
116,テスコム,0.4099,1.2,1,5639,17800,2,ペット用品,0,テスコム ペット用バリカン グルーミング掃除機 6in1 多機能ペット掃除機 犬 猫 掃除機 換毛期対策 ホワイト PET-TK01WH,B0DNJGZ64V
117,スリーエム(3M),0.4065,1.0,1,310,1658,2,車＆バイク,0,3M ヘッドライト修復キット 素早く簡単 15分で黄ばみを取り除きます 39193 1キット,B08749H19D
118,RAILROAD SOCK(レイルロードソック),0.3996,1.0,1,556,2768,2,ファッション,0,(レイルロードソック)RAILROAD SOCK クルーソックス 6足セット (ホワイト),B00HYVR8IA
119,三井化学アグロ株式会社,0.3991,1.3,1,1768,4580,2,DIY・工具・ガーデン,0,三井化学アグロ株式会社 不快害虫用殺虫剤 シャットアウトSE 3kg×2袋,B01H1EH9A6
120,東レ(TORAY),0.3987,1.3,1,1848,4780,2,ホーム＆キッチン,0,トレビーノ ポット型浄水器 PTシリーズ交換用カートリッジ 東レ PTC.SV2J-Z ホワイト,B00YJWG7F2
121,スプラトゥーン3,0.398,1.2,1,1742,5175,2,おもちゃ,0,スプラトゥーン3 サメライド フロート 浮き輪 プール 水遊び ボート,B0D2Q1N7CH
122,Ergobaby(エルゴベビー),0.3934,1.2,1,5441,15800,2,ベビー＆マタニティ,0,Ergobaby エルゴベビー EBC AWAY グラファイトグレー CREGBCAWYGRAPH,B0BDZFNV8T
123,イースター,0.3901,1.2,1,1882,5379,2,ペット用品,0,イースター フェレットセレクション シニア 3.5Kg,B0030IK0IQ
124,サンワダイレクト,0.3896,1.0,3,3246,5900,1,家電＆カメラ,3,サンワダイレクト ネックスピーカー Bluetooth 防水 軽量 175g 連続10時間再生 通話対応 microSD再生可能 400-SP085,B07Z5JZDPH
125,丸隆,0.3871,1.0,1,1181,5230,1,大型家電,1,丸隆 6N368トルネーダウォッシュMA864,B0B6F392X5
126,岸ゴム,0.3863,1.2,1,1229,3450,2,おもちゃ,0,ピカピカ水族館 48個入 OISNS11341,B00K1BUIYQ
127,浅香工業(Asaka Kougyou),0.3804,1.3,1,2500,6027,2,DIY・工具・ガーデン,0,浅香工業 ウェブホース 内径15mmx外径20mm 長さ20m 280428,B07T72NMDG
128,クロノス,0.3782,1.2,1,1124,3040,2,おもちゃ,0,ドメモ(DOMEMO)木製タイル版/クロノス/アレックス・ランドルフ,B07BFR1NB8
129,アーテック(artec),0.377,1.2,1,1222,3288,2,おもちゃ,0,アーテック キッズミニピアノ 75535,B0DPZRSTG5
130,アイホン,0.3709,1.3,1,6183,14400,2,DIY・工具・ガーデン,0,アイホン インターホン ドアホン テレビドアホン カメラ付き玄関子機 モニター付き親機 わかりやすい画面表示 カメラレンズ調整可能 JS-12E,B07TH669Q7
131,OM SYSTEM/オリンパス,0.3698,1.0,1,4689,18000,2,楽器・音響機器,0,OM SYSTEM WS-883 BLK 語学学習/講義録音/会議録音/議事録/リニアPCM録音/外部メモリ対応,B0C5LSBWNK
132,柳宗理(Yanagi Sori),0.3696,1.3,1,3132,7260,2,ホーム＆キッチン,0,柳宗理(Yanagi Sori) ステンレス片手鍋22cm ガス火専用 つや消し ふた付き 浅型 2.5L 注ぎやすさと水切れの良さを考えたフォルム 燕三条 特徴的な左右非対称 1,B0000DIJ6Z
133,BAMBO Nature(バンボネイチャー),0.3694,1.2,1,1226,3190,2,ベビー＆マタニティ,0,BAMBO Nature バンボネイチャー ドリーム パンツタイプ L （11kg～17kg） 20枚入り（bn16930）,B08YRVZRGS
134,ぼん家具,0.3691,1.2,1,2040,5300,2,ベビー＆マタニティ,0,アップリカ 専用カートリッジ 〔専用カセット6個セット〕 ニオイポイ におわなくてポイ おむつ処理,B07BSWGT7C
135,ウエスト(West),0.3598,1.3,1,2165,4850,2,産業・研究開発用品,0,ウエスト 【ユニ結露防止テープ】 空調設備等で威力を発揮する吸水力業務用結露対策テープ。ホワイト HE005-ARC,B007TIPRKO
136,LisoLife(理想ライフ),0.359,1.3,1,2288,5111,1,ホーム＆キッチン,1,【1台多役】 電気鍋 一人用 1L 600W 一人鍋 煮る/焼く/炒める/温める 着脱式 丸洗い可 一人暮らし 車中泊 キャンプ ブラック,B0D7PWBYWD
137,MUSIC NOMAD ( ミュージックノマド ),0.3576,1.0,1,564,1980,2,楽器・音響機器,0,MUSIC NOMAD ( ミュージックノマド ) 弦楽器メンテナンス用品 ザ ギター ワン MN103,B003TLSN74
138,ブレイン(BRAIN),0.3576,1.0,1,547,1920,1,家電＆カメラ,1,ブレイン 【SGS認証取得！ 国内JIS燃焼試験合格！】モバイルバッテリー耐火ケース （サイズ：約13.5×18cm）BR-964,B0GHXBGWXF
139,アース渦巻香,0.3569,1.2,1,1856,4580,2,スポーツ＆アウトドア,0,アース 渦巻香 アロマセレクション 蚊取り線香 蚊 駆除 約12時間効果が持続 ジャンボ 60巻 函入,B08WQ84CJN
140,Wacom(ワコム),0.3527,1.0,1,4122,13990,1,パソコン・周辺機器,1,ワコム ペンタブ One by Wacom Medium Chromebook 対応 ペン入力専用モデル Mサイズ 板タブ CTL-672/K0-C ワコム直営店限定モデル,B07583VVY5
141,ピットワーク(Pitwork),0.3523,1.0,1,1176,3980,2,車＆バイク,0,PITWORK(ピットワーク) エアコン エバポレーター洗浄・抗菌剤 効果12カ月 180ml KA401-18090,B00MXVAZVI
142,Collonil(コロニル),0.3494,1.0,1,512,1700,2,ファッション,0,[コロニル] 1909 シュプリーム クリーム デラックス カラーレス 100ml [並行輸入品],B076HKMQXK
143,ピュリナ ワン,0.3494,1.2,1,2816,6742,2,ペット用品,0,ピュリナワン キャット 1歳から全ての年齢に グレインフリー 白身魚 1.6kg×3個【まとめ買い】,B07H7JSC7P
144,コロコロ堂,0.3475,1.2,1,1852,4400,2,おもちゃ,0,コロコロ堂 ナショナルエコノミー ボードゲーム｜1-4人用 30～45分 12才以上向け｜国産経済ゲームの金字塔。三部作をすべて収録した復刻版,B0FW5D5SF8
145,カモ井加工紙,0.3462,1.3,1,3461,7405,2,DIY・工具・ガーデン,0,虫取り上手 強力粘着捕虫シート 黄色 20枚入×6個,B08V4SFL59
146,共立電気計器,0.3462,1.3,1,8507,18200,2,産業・研究開発用品,0,共立電気計器 (KYORITSU) 120A RMS AC/DCクランプ付デジタルマルチメータ KEWMATE 2012RA,B079PKDXH6
147,ストレート(STRAIGHT),0.345,1.0,1,744,2400,2,車＆バイク,0,(STRAIGHT/ストレート) ブルーマジック メタルポリッシュクリーム 550g BM500 36-0500,B008KGS4HC
148,任天堂,0.345,0.25,20,2734,7140,2,ゲーム,0,マリオカート8 デラックス+Joy-Conハンドル 2個セット,B06XTHP83H
149,矢崎エナジーシステム㈱,0.345,1.3,1,2337,4980,1,DIY・工具・ガーデン,1,ＹＡＺＡＫＩ 矢崎 電源コード式 都市ガス ガス警報器 日本製 YF-814 ガス漏れ 警報器 省エネ コンパクト,B07D97XSRP
150,株式会社 山本人形,0.3434,1.2,1,245,1730,3,おもちゃ,0,スーパーボール カラフルうんちNP24mm アソート100個入,B08K44HVLY
151,BUNDOK(バンドック),0.3406,1.2,2,7962,13300,2,スポーツ＆アウトドア,0,BUNDOK(バンドック)ソロ ドーム 1 BDK-08O オリーブ 【1人用】テント 収納コンパクト フルクローズ,B0BCD74LZ1
152,ジクラ (Zicra),0.3396,1.2,1,2094,4825,2,ペット用品,0,ジクラ フクロモモンガ専用フード オッティモ１５ １０００ｇ,B07FFJWNK1
153,辻希美プロデュース,0.3313,1.2,1,2262,5051,2,ベビー＆マタニティ,0,辻希美 プロデュース 骨盤ベルト 正規販売店 腰用 骨盤ケア 骨盤補正固定バンド カーブベルトプロテクト (L-LL),B0CC8KLLZT
154,ニチネン(Nitinen),0.3294,1.3,1,3591,7280,2,産業・研究開発用品,0,業務用食器洗浄機用リンス剤 マイアルファドライ 5㎏,B004X02T6G
155,ヴィータ,0.3288,1.2,1,3155,6980,2,ベビー＆マタニティ,0,VITAテーブルチェア（ピスタチオクリーム） 【 子供用椅子/テーブル装着型/ベビーチェア/収納バック付き/折りたたみ/持ち運び/携帯可/お食事椅子/テーブル/食事用/こども 】,B0D9LT397N
156,ソニー・インタラクティブエンタテインメント,0.3278,0.25,18,5362,14038,2,ゲーム,0,PlayStation 2 (SCPH-70000CB) 【メーカー生産終了】,B0006B0ZZI
157,Farecla(ファレクラ),0.3245,1.0,1,1492,4250,2,車＆バイク,0,ファレクラ コンパウンド New G3 1L,B01MRZ9FWU
158,うんちが臭わない袋BOS,0.3244,1.2,1,3022,6580,2,ペット用品,0,うんちが臭わない袋BOS ペット用箱型 SS 200枚 × 5個,B072JLT9D7
159,ヘリノックス(Helinox),0.3208,1.2,1,7423,15950,2,スポーツ＆アウトドア,0,ヘリノックス(Helinox) アウトドア イス グラウンドチェア クラウドバースト(CLBT) 1822229,B079LTVK36
160,富士フイルム(FUJIFILM),0.317,1.0,2,3722,6747,1,家電＆カメラ,2,富士フイルム フジカラー 200 カラーネガフィルム ISO 200 35mm サイズ 36枚撮り CA-36 3個パック,B00JDOZB6C
161,EDISONmama(エジソンママ),0.3164,1.2,1,6637,14041,2,ベビー＆マタニティ,0,EDISONmama(エジソンママ) ディズニー Disney プレイマット ミッキーマウス もちもち 低反発 ベビーマット ベビー 赤ちゃん 子ども 防音マット 防水 床暖房対応,B0DDPVYTL6
162,KORG(コルグ),0.3129,1.0,1,5492,14680,2,楽器・音響機器,0,KORG(コルグ) Nu:Tekt NTS-1 digital kit はんだ付けなしで組み立て可能 DIY シンセキット USBバスパワー ソフトウェアライセンス込み,B07XH591BH
163,オウルテック,0.3098,1.0,1,677,1780,1,パソコン・周辺機器,1,オウルテック ライトニングケーブル 巻取り式 両引きタイプ データ転送 480Mbps MFi認証取得 軽量 コンパクト 静音 iPhone/iPad対応 1.2m ホワイト OE,B0B5FWS7J7
164,スズキ機工(Suzuki Kikoh),0.309,1.0,1,2487,6509,2,車＆バイク,0,スズキ機工 ベルハンマーセブン 330ml 2本セット[エンジンオイル添加剤/自動車],B08K8Q8CJ6
165,Trijicon(トリジコン),0.3087,1.2,1,1505,3100,2,ホビー,0,Trijicon RMRタイプ サイド操作 レフレックスダットサイト BK [並行輸入品],B00XIUU5ZY
166,美和ロック(Miwalock),0.3078,1.3,1,4101,7790,2,DIY・工具・ガーデン,0,ミワロック MIWA (美和) 取替引戸錠 PSSL09-1LS ディンプルキー5本付 引き違い ブロンズ色(CB),B086GZCJTF
167,ショウエイ(Shoei),0.3061,1.0,1,1687,4350,2,車＆バイク,0,ショウエイ(SHOEI) 4512048574390 定形外郵便 SHOEI DRYLENS 301 クリア ピンロックシート 曇り止め 適合シールド：CWR-1/CW-1/CNS,B0BJPC47YZ
168,Rockit(ロキット),0.3051,1.2,1,4379,8910,2,ベビー＆マタニティ,0,［ロキット］ ゆりかご 寝かしつけ バウンサー 電動 揺らす ベビーカー 英国発 赤ちゃん 寝る/USBポータブル ベビーカー ロッカー,B0BNP1G2ZD
169,アガツマ(AGATSUMA),0.2998,1.2,1,1748,6980,3,ホビー,0,アガツマ(AGATSUMA) ラブあみ プレミアムセット【2025】（対象年齢：6歳以上）,B0FPQJXSFR
170,ロジテック,0.2977,1.0,1,1125,2780,1,パソコン・周辺機器,1,ロジテックダイレクト BD-RE AACS対応 ブルーレイディスク Blu-ray Disc 2倍速 くり返し録画用 記録用 25GB 記録メディア スピンドルケース 50枚入り ,B0BY7YHDZH
171,キヤノン,0.2941,1.0,2,4810,8235,1,パソコン・周辺機器,2,Canon 純正 インクカートリッジ BCI-371XL(BK/C/M/Y/GY)+370XL 6色マルチパック 大容量タイプ BCI-371XL+370XL/6MP,B014GRU0IY
172,イーサプライ,0.288,1.0,1,1518,3580,1,パソコン・周辺機器,1,イーサプライ モニタースタンド モニターアーム 置き型 27インチ程度 耐荷重6kg 高さ変更 VESA ブラック EEX-LA020BK,B0816QS5VF
173,マックスファクトリー(Max Factory),0.2876,1.2,1,5676,10900,2,ホビー,0,マックスファクトリー[Max Factory] PLAMAX バニースーツ プランニング BP-03 ソフィア・F・シャーリング ヴァンパイアVer. ノンスケール 組み立て式プラ,B0GL8G9QVX
174,第一ビニール,0.2835,1.3,1,6485,11500,2,DIY・工具・ガーデン,0,DAIM 土と芝の根 どめどめシート 15cm 3m巻 12セット 花壇 土留め 根止め ガーデンエッジ,B076M5T7CQ
175,アイサポモバイル,0.2824,1.0,1,1053,2420,1,家電＆カメラ,1,【日本通信SIM】音声対応：合理的（シンプル290プラン、みんなのプラン、50GBプラン、他）またはデータ通信専用：（ネットだけプラン）から選んでお申込みいただける新スターターパッ,B0DQC4LNLQ
176,フジクリーン,0.2816,1.3,1,8773,15480,2,DIY・工具・ガーデン,0,フジクリーン(旧マルカ) 浄化槽ブロワ 60L/min EcoMAC60 (MAC60N　MAC60R後継機種),B00VUCJ8QY
177,シンジェンタジャパン,0.2771,1.2,1,3691,6859,2,ペット用品,0,アドビオン アントジェル 30g×4本[アルゼンチンアリ・イエヒメアリ・ヒアリ駆除用],B00QUS64II
178,MIKIHOUSE(ミキハウス),0.277,1.2,2,7860,15400,3,ベビー＆マタニティ,0,[ミキハウス] 無撚糸パイルバスポンチョセット 【ギフトボックス入り】ご出産祝い 3点セット ベビーバスポンチョ 日本製 沐浴 お風呂 綿100％ 男の子 女の子 ベビー キッズ ,B0D59GSSVY
179,バンダイビジュアル,0.2761,0.25,7,8415,14444,1,DVD,0,【Amazon.co.jp限定】 ガールズ&パンツァー 劇場版 (特装限定版) (戦車トークCD付) [Blu-ray],B01BMC7MIC
180,ヤマハ(YAMAHA),0.2721,1.0,2,2316,5479,2,家電＆カメラ,1,ヤマハ YAMAHA ヘッドホン ホワイト HPH-150WH,B00X3L068E
181,エーペックス(Apex),0.2631,1.2,1,8646,15400,2,ホビー,0,ブルーアーカイブ イロハ 1/7スケール PVC&ABS製 塗装済み完成品フィギュア,B0DJ8FQDP6
182,ユピテル(Yupiteru),0.2583,1.0,1,6381,13200,2,車＆バイク,0,【新レーダー波移動オービスMSSS対応】YUPITERU ユピテル レーザー＆レーダー探知機 LS340L ワンボディタイプ 説明書ダウンロードタイプ 液晶,B0C7QLKG1N
183,Mont-bell(モンベル),0.2572,1.0,1,3395,6990,2,ファッション,0,[モンベル] バッグ メンズ レディース ショルダーバッグ A4対応 ナイロン ポケッタブル ライトショルダー M 1123970 (ブラック(BK)),B0DP4KFW9G
184,Fitbit(フィットビット),0.2565,1.2,1,6596,11520,1,スポーツ＆アウトドア,1,Fitbit Inspire 3 フィットネストラッカー モーニンググロウ／ブラック スマートウォッチ/iPhone対応/アンドロイド対応/最大10日間のバッテリー/心拍計/睡眠ス,B0B75STB24
185,フシマン,0.2542,1.0,1,4720,9600,2,車＆バイク,0,プロフェッショナルA/Cリークストップ エアコンガス漏れ止め剤 サービス缶タイプ R-134a専用,B00WFUY1W6
186,ホリ,0.2512,0.25,3,3392,14980,1,ゲーム,1,【任天堂ライセンス商品】ポケットモンスター ホリ ゲーミングヘッドセット スタンダード for Nintendo Switch™ イーブイ＆フレンズ【Nintendo Switch,B0CDQB9N6L
187,Leatherwood Bespoke Rosin 社,0.2467,1.0,1,5627,11108,2,楽器・音響機器,0,Leatherwood Bespoke Rosin レザーウッド ベスポーク松脂　violin Crisp（ヴァイオリン　クリスプ ）,B07PYS9V3C
188,PLUS91(プラス91）,0.2463,1.0,1,3165,6237,2,車＆バイク,0,高性能オイルシーリング剤 PLUS 91,B002WSB7DW
189,ルートアール,0.245,1.0,1,1520,2980,1,パソコン・周辺機器,1,ルートアール 双方向・メタル筐体・多機能表示 USB Type-C電圧・電流チェッカー （ケーブル付きモデル） RT-TC5VABK,B095RJYT39
190,ビクター(VICTOR),0.2391,1.0,2,806,2490,2,パソコン・周辺機器,2,Victor(ビクター) 1回録画用 ブルーレイディスク BD-R DL 50GB 10枚 ホワイトプリンタブル 片面2層 1-6倍速 スリムケース VBR260RP10J6,B0872NC4YN
191,アニマル・ワン,0.2346,1.2,1,2262,5470,3,ペット用品,0,アニマル・ワン 犬の雑穀ごはん ライト シニア用 チキン 2020年リニューアル版 1.6kg x 2袋,B084H7YXYT
192,集英社,0.2299,0.25,4,466,5793,2,本,0,バンダイ公認 ONE PIECE CARD GAME 2nd ANNIVERSARY COMPLETE GUIDE (Vジャンプブックス(書籍)),4087798194
193,タイル(Tile),0.2294,1.0,1,3556,6570,1,家電＆カメラ,1,Life360 Tile スターターパック (Mate+Slim) スマートトラッカー スマートタグ 紛失防止タグ 置き忘れ防止 音を鳴らして場所をお知らせ 防水機能 Blueto,B0DGLHMLHZ
194,asics(アシックス),0.2228,1.0,2,9914,18800,3,ファッション,0,[アシックス] ワーキング 安全靴/作業靴 ウィンジョブ CP304 BOA JSAA A種先芯 耐滑ソール fuzeGEL搭載 ホワイト/ブラック 26.0 cm 3E,B0GH87D6KS
195,ワンラック (ONE LAC),0.2216,1.2,1,1900,4260,3,ペット用品,0,ワンラック (ONE LAC) プレミアムキャットミルク 150g×2個,B08F9MJMX7
196,富士通,0.2198,1.0,1,203,1680,2,パソコン・周辺機器,1,【バルク品】　富士通純正 【FMV-AC332A/ADP-65YH A】←FMV-AC332/ADP-65JH ABZ同等品 19V3.42A,B00EW7BUII
197,ドリームメーカー(DreamMaker),0.2184,1.0,1,4956,8800,1,車＆バイク,1,ドリームメーカー ミニ CD DVDプレーヤー 車載用 再生専用 HDMI USB給電 1080P CPRM対応 リモコン付き DV005,B0FL1TX4XB
198,ニュートンプレス,0.2164,0.25,1,621,4617,1,本,0,ニャートン ネコの科学 (Newton増刊),B0DRNC2N4L
199,株式会社ソニー・ピクチャーズ エンタテインメント,0.2162,0.25,1,1689,12500,1,DVD,0,【Amazon.co.jp限定】ヴェノム：ザ・ラストダンス　プレミアム・スチールブック・エディション［４Ｋ ＵＨＤ ＋ ブルーレイ］（完全数量限定）(オリジナルボーナスディスク付),B0DQY5HRFV
200,公論出版,0.213,0.25,1,486,3280,1,本,0,乙種４類 危険物取扱者試験 令和７年版,4862752926
201,アシェット・コレクションズ・ジャパン,0.2125,0.25,1,933,6215,1,本,0,1/18エクストラスケール国産名車-創刊(1) 2026年 1/21 号 [雑誌],B0G6MF8H65
202,ピークデザイン,0.2112,1.0,1,8374,14500,1,家電＆カメラ,1,【国内正規品】PeakDesign ピークデザイン キャプチャー ブラック CP-BK-3,B07818LB9D
203,小学館集英社プロダクション,0.2104,0.25,1,2219,13999,1,本,0,【初回出荷特典付】刀剣乱舞ONLINE十周年記念 本丸録,4796874739
204,KOSS(コス),0.2094,1.0,1,4419,7603,1,家電＆カメラ,1,KOSS オープンタイプヘッドフォン KOSS PORTA PRO Red Hot　北欧限定カラー【並行輸入品】,B005I49784
205,河合出版,0.2079,0.25,3,165,4138,2,本,0,2026 共通テスト総合問題集 英語(リーディング) (河合塾SERIES),4777229513
206,シャープ(SHARP),0.1973,1.0,2,2624,5939,2,パソコン・周辺機器,2,SHARP HDD/BDレコーダー用 冷却ファン 004 277 0032,B076Z7JRF9
207,フライングドッグ,0.1964,0.25,1,2996,13983,1,ミュージック,0,マクロスF オールタイムベストアルバム 「娘々グレイテスト☆ヒッツ！」 [アナログ] [3LP] [Analog],B0DNPX7V7G
208,ジェネオン・ユニバーサル,0.1962,0.25,1,1876,8710,1,DVD,0,地獄の黙示録 3Disc コレクターズ・エディション (初回生産限定) [Blu-ray],B004XV5H7I
209,Audio Technica(オーディオテクニカ),0.1937,1.0,2,4092,9052,2,パソコン・周辺機器,2,オーディオテクニカ ATH-GDL3 ゲーミングヘッドセット/開放型/PC/PS4/PS5/Switch/Xbox One/取り外しマイク / 3.5mmステレオ4 極ミニプラグ/,B09G5PR2F2
210,永岡書店,0.1925,0.25,1,1439,6252,1,本,0,かげした真由子　星占いダイアリー　Horoscope Diary　2025 (永岡書店の手帳),4522612893
211,海洋堂(KAIYODO),0.1924,1.2,1,6218,11980,3,おもちゃ,0,海洋堂 (KAIYODO) リボルテック アメイジング・ヤマグチ X-MEN ケーブル Ver.1.5 全高約170mm ノンスケール PVC・ABS・POM製 塗装済み 可動フィ,B0F9KQTKYH
212,マガジンハウス,0.1923,0.25,3,323,2891,2,本,0,anan(アンアン)2024/10/09号 No.2416[ときめきカルチャー2024／キヨ],B0DGLTMK2P
213,new balance(ニューバランス),0.192,1.0,1,6743,15900,3,ファッション,0,[ニューバランス] MR530SG width D WHITE レディース スニーカー ホワイト ネイビー シルバー ブラック ワイズ D 27.5cm [並行輸入品],B09F36LB7C
214,アステッキホールディングス株式会社,0.1913,0.25,2,2726,5940,1,本,0,呼吸療法認定士受験必修予想問題集【アプリ付き】2026年度版,4909470026
215,アスク,0.1899,0.25,1,1022,4250,1,本,0,新装版 できる韓国語 初級I,4872177231
216,学事出版,0.1889,0.25,1,738,3020,1,本,0,スクールプランニングノート2025年度版B(中学・高校教師向け),476193011X
217,インディーズレーベル,0.1886,0.25,1,1308,5330,1,ミュージック,0,modal soul,B0GHNPNR95
218,株式会社ストームレーベルズ/イーラブ・レーベル,0.1886,0.25,3,8637,15300,1,DVD,0,【メーカー特典あり】NEWS 20th Anniversary LIVE 2023 in TOKYO DOME BEST HIT PARADE!!!～シングル全部やっちゃいます～ ,B0DBYRN6BD
219,ユーブロック,0.1884,1.0,2,3512,5851,2,パソコン・周辺機器,1,ユーブロック（U・Vlock） サンソリット,B083CZQ6J4
220,レベルファイブ,0.1875,0.25,4,2214,8850,2,ゲーム,0,妖怪ウォッチ3 スシ/テンプラ バスターズTパック - 3DS,B01M64246F
221,GSI クレオス(GSI Creos),0.1874,1.2,1,6848,12885,3,ホビー,0,GSI クレオス プロコンBOY FWA ダブルアクション プラチナ02 ホビー用塗装用具 PS270,B0FYCQM523
222,ユニバーサル・ピクチャーズ・ジャパン,0.1869,0.25,1,1542,6112,1,DVD,0,ドラゴンへの道 デジタル・リマスター版,B00096J66O
223,TAMA(タマ),0.1854,1.0,1,4832,10890,3,楽器・音響機器,0,TAMA タマ SPEEDCOBRA スピードコブラ 310 シングル ドラムペダル HP310L,B00S6FZM3Q
224,経済法令研究会,0.1849,0.25,3,1021,7001,2,本,0,財務3級 問題解説集 2026年3月受験用,4766873963
225,ジャニーズ･エンタテイメント,0.1846,0.25,1,4865,18601,1,DVD,0,KinKi Kids Concert 2022-2023 24451〜The Story of Us〜 (初回生産限定盤) (DVD) (特典なし),B0C73FY74P
226,パラマウント,0.1844,0.25,3,4593,8000,1,DVD,0,パウ・パトロール シーズン2 DVD9枚セット SET-164-2PAU9-HPM,B096ZQTPJ1
227,トイズファクトリー,0.1842,0.25,5,3289,9650,2,ミュージック,0,【メーカー特典あり】Live DVD 「Mr.Children DOME & STADIUM TOUR 2017 Thanksgiving 25」[DVD](2Lサイズポストカード,B079B99Z34
228,フォーライフミュージックエンタテイメント,0.1831,0.25,1,4051,15139,1,ミュージック,0,1996 30th Anniversary Edition (完全生産限定盤) (アナログ盤) - 坂本龍一 (特典なし) [Analog],B0GHR37BB6
229,Vitantonio (ビタントニオ),0.183,1.3,1,3551,8130,2,ホーム＆キッチン,1,[ ビタントニオ 公式 ] ワッフル＆ホットサンドベーカー VWH-600-K（ ホットサンドメーカー 電気 ワッフル メーカー ブラック),B0CG42YR5D
230,バンプレスト,0.178,0.25,4,2490,8648,2,ゲーム,0,スーパーロボット大戦A PORTABLE,B0013B0LIQ
231,コクヨ(KOKUYO),0.1777,1.0,1,6381,9900,1,家電＆カメラ,1,コクヨ(KOKUYO) 大人のやる気ペン【 文房具総選挙2025大賞受賞】 (旧モデル ホワイト 大人のやる気ペン),B0F672K2MN
232,SBクリエイティブ,0.175,0.25,5,2953,7900,2,本,0,お隣の天使様にいつの間にか駄目人間にされていた件11　ドラマCD＋DLシリアルコード付き特装版 (GA文庫),4815629099
233,20世紀フォックス・ホーム・エンターテイメント・ジャパン,0.1727,0.25,1,1546,4999,1,DVD,0,夕陽のガンマン [Blu-ray],B007AD0TYM
234,明治図書出版,0.1723,0.25,1,2009,6468,1,本,0,大きいサイズ ほめ言葉手帳ワイド２０２５ Ｐｒａｉｓｅ　Ｄｉａｒｙ　Ｗ　２０２５,4189300101
235,祥伝社,0.167,0.25,1,4485,13506,1,本,0,違国日記　全１１巻セット (FEEL コミックス),4396769253
236,メビウス,0.1664,0.25,1,2281,6822,1,ゲーム,0,BURAI MSX2コンプリート 通常版 -Switch,B0FDFW63C3
237,ビーイング,0.1661,0.25,2,8081,15240,1,DVD,0,劇場版 名探偵コナン 純黒の悪夢(ナイトメア)(初回限定盤)[DVD],B01IVNMRIU
238,NBCユニバーサル・エンターテイメントジャパン,0.1646,0.25,7,3945,7856,2,DVD,0,バック・トゥ・ザ・フューチャー トリロジー 30thアニバーサリー・デラックス・エディション スチールブック・ブルーレイ [Blu-ray],B0142J2U6Q
239,スパイク・チュンソフト,0.1632,0.25,3,1964,7980,2,ゲーム,0,ウィッチャー３ ワイルドハント コンプリートエディション -PS5,B0BMVCTFT9
240,こぐま会,0.1622,0.25,2,151,1827,2,本,0,ひとりでとっくん65 つみ木の数,4863620748
241,マクサー電機,0.1589,1.0,1,638,1750,2,家電＆カメラ,1,CD/DVD/BD硬質コーティング剤 MTO-158,B001C3P054
242,コロンバスサークル,0.1581,0.25,1,3155,8580,1,ゲーム,0,コロンバスサークル（FC用互換機）8ビットポケット V2 - 液晶画面搭載ポータブルファミコン互換機【生産終了】,B0D6MZ2GLN
243,うちのこエレクトリック,0.155,1.2,1,10136,17800,1,ペット用品,0,【獣医師監修】 うちのこエレクトリック カリカリマシーンV2C Plus スマホ連動 自動給餌器 猫 犬用 遠隔操作 見守りカメラ 暗視 5GHz/2.4GHz Wi-Fi&Blu,B0C2BYWYVB
244,ビデオメーカー,0.1545,0.25,2,5106,9068,1,DVD,0,ジャック・オッフェンバック：喜歌劇 <ペリコール> 全３幕 [DVD],B00005HOUH
245,サムスン(SAMSUNG),0.1521,1.0,1,5249,13400,2,パソコン・周辺機器,1,Samsung EVO Plus 256GB microSDXC メモリーカード + SDアダプター、最大160MB/秒。,B0CWPPSDH8
246,三菱電機(MITSUBISHI ELECTRIC),0.1521,1.0,1,1676,4280,2,大型家電,1,【部品】三菱 冷蔵庫 給水タンク 対応機種：対応機種：MR-A37J-T MR-A37J-W MR-A37M-NW MR-A37M-W MR-A37NF-T MR-A37NF-W ,B0186PSHN2
247,コロムビアミュージックエンタテインメント,0.151,0.25,2,1642,11240,2,DVD,0,ナミヤ雑貨店の奇蹟 豪華版 [Blu-ray],B077VGGCR5
248,アリオラジャパン,0.1479,0.25,3,3217,10150,2,ミュージック,0,SEA IS A LADY 2017(初回生産限定盤),B06XCGQJG1
249,日本経済新聞出版社,0.147,0.25,1,3048,7400,1,本,0,経営戦略の思考法,453231478X
250,山善(YAMAZEN),0.1439,1.0,1,2526,5950,2,家電＆カメラ,1,[山善] ミニ DVDプレーヤー コンパクト CD/DVD 再生専用 CPRM対応 HDMI対応 USB給電 HDMIケーブル/AVケーブル/リモコン付き CDVP-MINI151,B0FDQ3RBZN
251,サイバーガジェット,0.1427,0.25,1,6201,14444,1,ゲーム,0,レトロフリーク ギアコンバーター S 【ゲームギア、セガ・マークIII、SG-1000用ソフト向け】 メガブラック,B07L95695F
252,寺田ポンプ製作所,0.1427,1.3,1,9706,17300,4,産業・研究開発用品,0,寺田ポンプ製作所 寺田 底水用水中ポンプ SP-150BNL 50Hz,B0C7QHPDGD
253,一発合格まとめシート,0.1391,0.25,1,1610,3630,1,本,0,2026年度版 中小企業診断士1次試験一発合格まとめシート前編（企業経営理論、財務・会計、運営管理）,4905212782
254,ゼンハイザー(Sennheiser),0.138,1.0,1,986,2200,2,家電＆カメラ,1,Sennheiser ゼンハイザー インイヤー イヤホン MX375 ダイナミック型 MX 375 [並行輸入品],B00UZ63MHC
255,DISNEY PIXAR(ディズニー ピクサー),0.1353,0.25,2,2842,12124,2,DVD,0,Monsters Inc/ [Blu-ray] [Import],B06X9V54WD
256,株式会社ストームレーベルズ,0.1335,0.25,2,2482,10132,2,DVD,0,Ryosuke Yamada LIVE TOUR 2025 RED (初回生産限定盤) (Blu-ray) - Ryosuke Yamada,B0FYM2TFZK
257,ケンウッド(KENWOOD),0.1296,1.0,1,6967,14470,2,車＆バイク,1,ケンウッド 1DINレシーバー U342BT MP3 WMA AAC WAV FLAC対応 CD USB iPod Bluetooth ケンウッド,B0B1T7KR4S
258,AthleteBody株式会社,0.1279,0.25,1,2794,5720,1,本,0,肉体改造のピラミッド 栄養編,4991208505
259,電気車研究会,0.1267,0.25,1,2453,4974,1,本,0,国鉄形車両の記録 鋼製寝台客車 2025年 09 月号 [雑誌]: 鉄道ピクトリアル 増刊,B0FJMZJ8LK
260,小学館,0.1242,0.25,5,8365,15050,2,本,0,MONSTER 全18巻 完結コミックセット(ビッグコミックス),B002DE6U78
261,地域開発研究所,0.1238,0.25,2,1852,6178,2,本,0,1級管工事施工管理第一次検定問題解説集2025年版,4886154387
262,ぴあ,0.1227,0.25,1,3744,7350,1,本,0,帝国劇場アニバーサリーブック NEW HISTORY COMING(劇場内外観オリジナルクリアファイル付き),B0DLBD5BNL
263,イージースタンド,0.1196,1.0,1,4172,8000,2,大型家電,1,洗濯機台 かさ上げ用 イージースタンド (一般用/高さ105mm) Ｄ105,B004XY6V02
264,マンフロット(Manfrotto),0.1193,1.0,1,3688,7057,2,家電＆カメラ,1,Manfrotto (マンフロット) ユニバーサルスマートフォンクランプ Pro Version (MCPIXI) ミニカメラ三脚 テーブル三脚 コンパクト三脚 Vlogging用,B07K6GHL24
265,バップ,0.1181,0.25,3,3590,7898,2,DVD,0,これは経費で落ちません! DVD-BOX,B07YNSTT7V
266,いいずな書店,0.1176,0.25,1,263,4456,2,本,0,英文法・語法　Vintage 4th Edition,486460780X
267,マスプロ電工,0.1172,1.0,1,4506,8480,2,家電＆カメラ,1,マスプロ電工(MASPRO) 3224MHz対応 UHF・BS・CS テレビレコーダーブースター 地上デジタル放送 4K8K衛星放送 2出力 電流通過 HSマーク規格 利得調整 E,B0C3PY6KN9
268,フロムソフトウェア,0.1171,0.25,2,2413,7150,2,ゲーム,0,ARMORED CORE VERDICT DAY(アーマード・コア ヴァーディクトデイ)(通常版) - PS3,B00BKTDJ1C
269,ロッキングオン,0.1157,0.25,1,145,1958,2,本,0,ロッキング・オン・ジャパン 2025年 11 月号 [雑誌],B0FMYWT923
270,au(エーユー),0.1138,1.0,1,8618,15820,2,パソコン・周辺機器,1,Speed Wi-Fi HOME 5G L13 ZTR02 [ホワイト],B0CWKZLVFJ
271,ワー ナー・ブ ラザース・ホームエ ンターテイ メント,0.1133,0.25,1,5036,9212,1,DVD,0,ハリー・ポッター シリーズ DVD8枚組 SET-27-HARRY-HPM,B09778XSP9
272,英治出版,0.1132,0.25,1,391,4135,2,本,0,イシューからはじめよ――知的生産の「シンプルな本質」,4862760856
273,数研出版,0.1104,0.25,1,654,5597,2,本,0,新課程 チャート式解法と演習数学I+A,4410107178
274,旺文社,0.1091,0.25,1,218,1714,2,本,0,【音声アプリ対応】英検3級 でる順パス単 5訂版 (旺文社英検書),4010949864
275,TCエンタテインメント,0.1082,0.25,1,9290,16380,1,DVD,0,ミッドサマー UHD(Ultra HD Blu-ray)豪華版3枚組(スチールブック仕様・初回生産限定版),B089YG9T9D
276,空調服,0.1064,1.0,1,4135,7200,2,家電＆カメラ,1,空調服 R バッテリー単体 BTSP1 作業着,B0B2JFDP2B
277,白泉社,0.1062,0.25,2,3150,7892,2,本,0,動物のお医者さん 全8巻 完結セット (白泉社文庫),4592889061
278,東宝,0.1057,0.25,4,5318,14535,3,DVD,0,【Amazon.co.jp限定】「君の名は。」Blu-rayスペシャル・エディション3枚組(早期購入特典:特製フィルムしおり付き)(オリジナル特典:描き下ろしA4特製フレーム[高画,B07258TWJT
279,朝日新聞出版,0.1052,0.25,1,9559,16500,1,本,0,羽生結弦写真集 Tai（AERA特別編集／スペシャルBOX入り） ([バラエティ]),4023323764
280,ロゴヴィスタ,0.1047,0.25,1,6523,11220,1,PCソフト,0,研究社 医学英和辞典 第2版,B002UQSTKU
281,パラマウント ホーム エンタテインメント ジャパン,0.1037,0.25,1,7226,12350,1,DVD,0,ゴッドファーザー コッポラ・リストレーション ブルーレイBOX,B001CSMGRY
282,日本一ソフトウェア,0.1036,0.25,1,2056,12000,2,ゲーム,0,イースVIII -Lacrimosa of DANA- - Switch,B07BH7ZT4X
283,山川出版社,0.1035,0.25,1,260,1515,2,本,0,【日探705】詳説日本史 山川出版 文部科学省検定済 高等学校 地理歴史科用 高校教科書 日本史探究,4634701219
284,ワニブックス,0.1028,0.25,1,1847,10387,2,本,0,るるたん 写真集 『 R-25 』,484708621X
285,日立(HITACHI),0.1026,1.0,3,3579,6800,4,大型家電,3,HITACHI 洗濯機用排水トラップ YT-T1,B000DZETHC
286,昭文社,0.1017,0.25,1,1281,6858,2,本,0,ツーリングマップル R関東甲信越 2025,4398658505
287,マイクロマガジン社,0.1016,0.25,1,1224,6548,2,本,0,ＧＩＲＬＳ　ＢＡＮＤ　ＣＲＹ　１ｓｔ　ＦＡＮ　ＢＯＯＫ,4867167118
288,ウエスタンデジタル(Western Digital),0.1011,1.0,1,5137,8624,2,パソコン・周辺機器,1,WESTERN DIGITAL 3.5インチ内蔵HDD 1TB SATA6.0Gb/s 7200rpm 64MB WD10EZEX,B008MGX6U0
289,ダイキ,0.1007,0.25,1,4979,8336,1,PCソフト,0,GREATシリーズ 「STARCRAFT」~スタークラフト~,B00005OIEH
290,コミックス・ウェーブ・フィルム,0.0998,0.25,1,1735,8613,2,DVD,0,秒速5センチメートル 特別限定生産版 DVD-BOX,B000MQCT1U
291,TAC出版,0.0973,0.25,1,1065,4810,2,本,0,みんなが欲しかった! 電験三種の10年過去問題集 2025年度版 [電気主任技術者（電験） 問題編＋科目ごとの回答解説編の5分冊](TAC出版) (みんなが欲しかった!電験三種シリ,4300115125
292,日経BP 日本経済新聞出版本部,0.0973,0.25,1,1600,7229,2,本,0,巨象も踊る,4532310237
293,ダイヤモンド社,0.0969,0.25,1,449,1998,2,本,0,いちばんわかりやすい確定申告の書き方　令和7年3月17日締切分,4478121141
294,ジョブカン Desktop,0.0966,0.25,2,3474,7658,2,PCソフト,0,ジョブカンDesktop 青色申告 23 乗換・優待版,B0BB8BHYYB
295,メディックメディア,0.0934,0.25,1,2645,10450,2,本,0,レビューブック　管理栄養士　2026,4896329570
296,日経BP,0.0911,0.25,1,1358,5009,2,本,0,2025-26年版 技術士第二次試験 建設部門 最新キーワード100,4296207946
297,日本コロムビア,0.0902,0.25,2,4374,8930,2,ミュージック,0,ざくろの色 [DVD],B00023GSIS
298,DXアンテナ,0.0876,1.0,1,6303,9700,2,家電＆カメラ,1,DXアンテナ ブースター用電源装置(DC15V) PSH30S (PSH25S 後継品),B0GBTXNGSZ
299,東洋経済新報社,0.0858,0.25,1,1405,4485,2,本,0,会社四季報ワイド版 2025年2集・春号,B00T3C6IK2
300,建設物価調査会,0.0856,0.25,1,1948,6178,2,本,0,月刊建設物価 2026年 04 月号 [雑誌],B0GQ5MX9NY
301,全日出版社,0.0846,0.25,1,4785,14800,2,本,0,電気設備工事積算実務マニュアル2025(令和7年度版),491147100X
302,ポケモン(Pokemon),0.081,0.25,1,5108,14500,2,ゲーム,0,ぽこ あ ポケモン -Switch2 【Amazon.co.jpオリジナル特典】メタモン型木製トレー(サイズ約直径16cm) 同梱 & デジタル特典 家具「ひらべったいうえ木」 配,B0FYD2QQ8C
303,中央経済社,0.08,0.25,1,4916,13662,2,本,0,公認内部監査人資格認定試験対応 内部監査基本テキスト〈第4版〉,4502350419
304,水曜どうでしょう,0.0795,0.25,2,3594,6534,2,DVD,0,【DVD】水曜どうでしょう 第36弾「懐かしの西表島」,B0GHS2CVQH
305,テイクツー・インタラクティブ・ジャパン,0.0791,0.25,1,1864,5080,2,ゲーム,0,【PS5】グランド・セフト・オートV 【CEROレーティング「Z」】,B09XM8BJRZ
306,タイトー,0.0772,0.25,2,9770,17345,2,ゲーム,0,アーケードメモリーズVOL.3 【特典】10 タイトル収録 SD カード、電TAITOSTATION VOLUME4(攻略本 A4 全 32 ページ、インストラクションカードミニ ,B0DDBZWDV2
307,Jabra(ジャブラ),0.0769,1.0,2,11038,17314,1,パソコン・周辺機器,2,Jabra Speak2 55 [国内正規品] 会議用マイクスピーカー 最新ノイズキャンセリング機能 有線/無線接続 MS Teams/Zoom 最先端ビームフォーミングマイク 5,B0BWKDDXTR
308,アトラス,0.0768,0.25,2,6048,10696,2,ゲーム,0,世界樹の迷宮X (クロス) 【先着購入特典】DLC「新たな冒険者イラストパック」 同梱 - 3DS,B07C1VBF76
309,(株)インテリジェントシステムズ,0.0767,0.25,1,6873,17800,2,ミュージック,0,ファイアーエムブレム エンゲージ オリジナルサウンドトラック（初回限定盤）(特典なし),B0CLT2TLVJ
310,電気書院,0.0668,0.25,1,932,4700,3,本,0,2026年版 第一種電気工事士学科試験模範解答集,4485216071
311,日本文化科学社,0.0632,0.25,1,3426,6933,2,本,0,認知発達治療の実践マニュアル―自閉症のStage別発達課題 (自閉症治療の到達点2),4821066912
312,新日本法規出版,0.063,0.25,1,4075,8210,2,本,0,建築消防advice 2025,4788294141
313,ぎょうせい,0.0604,0.25,1,3870,7490,2,本,0,建築物の防火避難規定の解説　2023,4324114196
314,日本建設情報センター,0.0602,0.25,1,1129,4060,3,本,0,1級電気工事施工管理技士第二次検定 テキスト&過去問題集 (2026年度版),4911687177
315,ハナミスイ,0.0599,1.0,1,6727,10500,3,パソコン・周辺機器,1,ハナミスイ 《5個セット》使い切りタイプ膣洗浄器 インクリア (inclear) (10本入り x5個),B00RYCP4MG
316,HTB 北海道テレビ,0.0584,0.25,1,3188,5980,2,DVD,0,水曜どうでしょう 第16弾 72時間! 原付東日本縦断ラリー/シェフ大泉 夏野菜スペシャル,B005SKR4UG
317,シュナイダーエレクトリック(APC),0.0572,1.0,1,10192,16480,1,パソコン・周辺機器,1,APC 無停電電源装置 UPS 400VA/240W BR400S-JP E ラインインタラクティブ給電 長寿命バッテリー 正弦波,B06XJ24QWJ
318,新書館,0.0571,0.25,1,5432,10000,2,本,0,ギヴン10th mix アニメDVDつき限定版 (ディアプラス・コミックス),4403690106
319,同友館,0.0568,0.25,1,3920,7180,2,本,0,ふぞろいな合格答案 エピソード15 (2022年版),4496056070
320,三省堂,0.0567,0.25,1,1686,5281,3,本,0,司法書士合格六法 2026,4385159904
321,新潮社,0.0542,0.25,1,2725,7783,3,本,0,監獄の誕生<新装版> : 監視と処罰,4105067095
322,株式会社マーベラス,0.0516,0.25,1,9394,16000,2,DVD,0,【Amazon.co.jp限定】「キミとアイドルプリキュア♪感謝祭」（＜アクリルブロック＞付版）（アクリルキーホルダー 付） [Blu-ray],B0GMQPWZMN
323,アークシステムワークス,0.0514,0.25,1,2726,7120,3,ゲーム,0,GUILTY GEAR -STRIVE- (ギルティギア ストライヴ) Nintendo Switch Edition -Switch,B0DFXPF8R4
324,よしもとミュージックエンタテインメント,0.0505,0.25,1,3945,10005,3,DVD,0,ダウンタウンのガキの使いやあらへんで!! (祝)ダウンタウン生誕50年記念DVD 永久保存版 (19)(罰)絶対に笑ってはいけない熱血教師24時 【初回限定版DVD BOX (本編,B00FJ1E9MK
325,ベンキュージャパン,0.0499,1.0,1,13216,19800,1,パソコン・周辺機器,1,BenQ ZOWIE S2-DW ワイヤレスゲーミングマウス 中プロファイル/左右対称/65g/3950センサー/4000Hz/右利き用,B0DWMQSR6C
326,角川エンタテインメント,0.0471,0.25,1,3125,7192,3,DVD,0,犬神家の一族 完全版 1976&2006 (初回限定版),B000KN99OU
327,幻冬舎,0.0465,0.25,1,3788,8574,3,本,0,ヘタリア AXIS POWERS コミック 1-6巻セット (バーズ エクストラ),B00P7G37JI
328,成山堂書店,0.0454,0.25,1,2318,5090,3,本,0,気象予報士試験精選問題集　2025年度版,4425975898
329,アミューズソフト,0.0445,0.25,1,3148,6752,3,DVD,0,永遠の0 豪華版(DVD2枚組) 初回生産限定仕様,B00HTTUOEM
330,松竹,0.0357,0.25,1,4554,7961,3,DVD,0,ザ・ファブル 豪華版 (初回限定生産) [Blu-ray],B07YDR3YKV
331,ブロッコリー(BROCCOLI),0.0325,0.25,1,10542,18620,1,ゲーム,0,ジャックジャンヌ 限定ユニヴェールコレクション - Switch,B082Y5LCM3
332,コニーエレクトロニクスサービス,0.0299,1.0,1,11297,18800,4,楽器・音響機器,0,スタンダード コンクリートマイク MW-25,B0758TZ8D9
333,NBCユニバーサル・エンターテイメントジャパン(LAQ),0.0278,0.25,3,10284,18000,2,DVD,0,雲が描いた月明り Blu-ray SET1 130分特典映像DVDディスク付,B06XKKQB59
334,プリンストン,0.0242,1.0,1,12077,17820,2,パソコン・周辺機器,1,プリンストン microSD Expressカード (512GB) Nintendo Switch 2 動作確認済み 読込(PCIe) : 最大 880 MB/s | 書込(PCI,B0FSCLPZ8F
335,ストームレーベルズ,0.0149,0.25,1,10714,17800,2,ミュージック,0,【メーカー特典あり】+Alpha (3形態セット) (CD+DVD) (初回盤1+初回盤2+通常盤) - なにわ男子 (『+Alpha』クリアスタンド+ユニジャケ+クリアソロカード,B0D1V8YV6X
