SKU仕入れ予算,仕入れ個数,仕入れ単価税込,シナリオ,目標利益率,必要販売価格,掛け率,販売手数料,FBA配送代行,保管料,基本成約料,納品代行,納品送料,NETSEA送料,返品引当,Amazon手数料等合計,1点あたり純利益,SKU全体の純利益
5000,1,5000,楽観,5%,6609,75.7,756,288,30.3,110,12,25.0,0.0,57.1,1278,330,330
5000,1,5000,楽観,20%,8055,62.1,922,288,30.3,110,12,25.0,0.0,57.4,1444,1611,1611
5000,1,5000,中央,5%,6695,74.7,766,318,30.3,110,12,37.5,0.0,86.6,1360,335,335
5000,1,5000,中央,20%,8161,61.3,934,318,30.3,110,12,37.5,0.0,87.1,1528,1632,1632
5000,1,5000,悲観,5%,8817,56.7,1009,430,60.5,110,30,86.0,1500.0,151.1,3376,441,441
5000,1,5000,悲観,20%,10748,46.5,1230,430,60.5,110,30,86.0,1500.0,152.1,3598,2150,2150
5000,2,2500,楽観,5%,3586,69.7,410,288,30.3,110,12,25.0,0.0,31.5,907,179,359
5000,2,2500,楽観,20%,4371,57.2,500,288,30.3,110,12,25.0,0.0,31.7,997,874,1749
5000,2,2500,中央,5%,3657,68.4,418,318,30.3,110,12,37.5,0.0,48.2,974,183,366
5000,2,2500,中央,20%,4458,56.1,510,318,30.3,110,12,37.5,0.0,48.4,1066,892,1783
5000,2,2500,悲観,5%,4850,51.5,555,430,60.5,110,30,86.0,750.0,86.5,2108,243,485
5000,2,2500,悲観,20%,5912,42.3,676,430,60.5,110,30,86.0,750.0,87.1,2230,1182,2365
5000,3,1667,楽観,5%,2579,64.6,295,288,30.3,110,12,25.0,0.0,23.0,783,129,387
5000,3,1667,楽観,20%,3143,53.0,360,288,30.3,110,12,25.0,0.0,23.1,848,629,1886
5000,3,1667,中央,5%,2645,63.0,303,318,30.3,110,12,37.5,0.0,35.4,846,132,397
5000,3,1667,中央,20%,3223,51.7,369,318,30.3,110,12,37.5,0.0,35.5,912,645,1934
5000,3,1667,悲観,5%,3528,47.2,404,430,60.5,110,30,86.0,500.0,65.0,1685,176,529
5000,3,1667,悲観,20%,4301,38.8,492,430,60.5,110,30,86.0,500.0,65.4,1774,860,2580
5000,5,1000,楽観,5%,1773,56.4,203,288,30.3,110,12,25.0,0.0,16.1,684,89,443
5000,5,1000,楽観,20%,2161,46.3,247,288,30.3,110,12,25.0,0.0,16.2,729,432,2161
5000,5,1000,中央,5%,1834,54.5,210,318,30.3,110,12,37.5,0.0,25.1,743,92,459
5000,5,1000,中央,20%,2236,44.7,256,318,30.3,110,12,37.5,0.0,25.2,789,447,2236
5000,5,1000,悲観,5%,2470,40.5,283,430,60.5,110,30,86.0,300.0,47.8,1347,124,618
5000,5,1000,悲観,20%,3011,33.2,344,430,60.5,110,30,86.0,300.0,48.1,1409,602,3011
5000,10,500,楽観,5%,1168,42.8,134,288,30.3,110,12,25.0,0.0,11.0,610,58,584
5000,10,500,楽観,20%,1424,35.1,163,288,30.3,110,12,25.0,0.0,11.1,639,285,2848
5000,10,500,中央,5%,1227,40.8,140,318,30.3,110,12,37.5,0.0,17.4,666,61,613
5000,10,500,中央,20%,1495,33.4,171,318,30.3,110,12,37.5,0.0,17.5,696,299,2991
5000,10,500,悲観,5%,1677,29.8,192,430,60.5,110,30,86.0,150.0,34.9,1093,84,839
5000,10,500,悲観,20%,2044,24.5,234,430,60.5,110,30,86.0,150.0,35.1,1135,409,4089
5000,20,250,楽観,5%,786,31.8,90,222,30.3,110,12,25.0,0.0,7.1,496,39,786
5000,20,250,楽観,20%,957,26.1,110,222,30.3,110,12,25.0,0.0,7.1,516,191,3830
5000,20,250,中央,5%,842,29.7,96,252,30.3,110,12,37.5,0.0,11.6,550,42,842
5000,20,250,中央,20%,1125,22.2,129,318,30.3,110,12,37.5,0.0,13.6,650,225,4501
5000,20,250,悲観,5%,1280,19.5,146,430,60.5,110,30,86.0,75.0,28.4,966,64,1280
5000,20,250,悲観,20%,1561,16.0,179,430,60.5,110,30,86.0,75.0,28.6,999,312,6243
7500,1,7500,楽観,5%,9631,77.9,1102,288,30.3,110,12,25.0,0.0,82.8,1650,482,482
7500,1,7500,楽観,20%,11739,63.9,1343,288,30.3,110,12,25.0,0.0,83.2,1891,2348,2348
7500,1,7500,中央,5%,9733,77.1,1113,318,30.3,110,12,37.5,0.0,125.1,1746,487,487
7500,1,7500,中央,20%,11863,63.2,1357,318,30.3,110,12,37.5,0.0,125.7,1991,2373,2373
7500,1,7500,悲観,5%,11886,63.1,1360,430,60.5,110,30,86.0,1500.0,215.2,3791,594,594
7500,1,7500,悲観,20%,14488,51.8,1657,430,60.5,110,30,86.0,1500.0,216.5,4090,2898,2898
7500,2,3750,楽観,5%,5098,73.6,583,288,30.3,110,12,25.0,0.0,44.3,1093,255,510
7500,2,3750,楽観,20%,6213,60.4,711,288,30.3,110,12,25.0,0.0,44.6,1221,1243,2485
7500,2,3750,中央,5%,5176,72.4,592,318,30.3,110,12,37.5,0.0,67.4,1167,259,518
7500,2,3750,中央,20%,6309,59.4,722,318,30.3,110,12,37.5,0.0,67.8,1297,1262,2524
7500,2,3750,悲観,5%,6385,58.7,730,430,60.5,110,30,86.0,750.0,118.6,2316,319,638
7500,2,3750,悲観,20%,7783,48.2,890,430,60.5,110,30,86.0,750.0,119.3,2476,1557,3113
7500,3,2500,楽観,5%,3586,69.7,410,288,30.3,110,12,25.0,0.0,31.5,907,179,538
7500,3,2500,楽観,20%,4371,57.2,500,288,30.3,110,12,25.0,0.0,31.7,997,874,2623
7500,3,2500,中央,5%,3657,68.4,418,318,30.3,110,12,37.5,0.0,48.2,974,183,549
7500,3,2500,中央,20%,4458,56.1,510,318,30.3,110,12,37.5,0.0,48.4,1066,892,2675
7500,3,2500,悲観,5%,4551,54.9,521,430,60.5,110,30,86.0,500.0,86.4,1824,228,683
7500,3,2500,悲観,20%,5548,45.1,635,430,60.5,110,30,86.0,500.0,86.9,1938,1110,3329
7500,5,1500,楽観,5%,2377,63.1,272,288,30.3,110,12,25.0,0.0,21.3,758,119,594
7500,5,1500,楽観,20%,2898,51.8,331,288,30.3,110,12,25.0,0.0,21.4,818,580,2898
7500,5,1500,中央,5%,2442,61.4,279,318,30.3,110,12,37.5,0.0,32.8,820,122,611
7500,5,1500,中央,20%,2977,50.4,341,318,30.3,110,12,37.5,0.0,33.0,881,595,2977
7500,5,1500,悲観,5%,3084,48.6,353,430,60.5,110,30,86.0,300.0,60.6,1430,154,771
7500,5,1500,悲観,20%,3759,39.9,430,430,60.5,110,30,86.0,300.0,61.0,1508,752,3759
7500,10,750,楽観,5%,1471,51.0,168,288,30.3,110,12,25.0,0.0,13.6,647,74,735
7500,10,750,楽観,20%,1792,41.8,205,288,30.3,110,12,25.0,0.0,13.6,684,358,3585
7500,10,750,中央,5%,1531,49.0,175,318,30.3,110,12,37.5,0.0,21.3,704,77,765
7500,10,750,中央,20%,1866,40.2,213,318,30.3,110,12,37.5,0.0,21.4,743,373,3731
7500,10,750,悲観,5%,1984,37.8,227,430,60.5,110,30,86.0,150.0,41.3,1135,99,992
7500,10,750,悲観,20%,2418,31.0,277,430,60.5,110,30,86.0,150.0,41.5,1185,484,4837
7500,20,375,楽観,5%,937,40.0,107,222,30.3,110,12,25.0,0.0,8.4,515,47,937
7500,20,375,楽観,20%,1240,30.2,142,288,30.3,110,12,25.0,0.0,9.8,617,248,4959
7500,20,375,中央,5%,994,37.7,114,252,30.3,110,12,37.5,0.0,13.5,569,50,994
7500,20,375,中央,20%,1310,28.6,150,318,30.3,110,12,37.5,0.0,15.6,673,262,5241
7500,20,375,悲観,5%,1434,26.2,164,430,60.5,110,30,86.0,75.0,31.6,987,72,1434
7500,20,375,悲観,20%,1748,21.5,200,430,60.5,110,30,86.0,75.0,31.8,1023,350,6991
10000,1,10000,楽観,5%,12654,79.0,1448,288,30.3,110,12,25.0,0.0,108.4,2021,633,633
10000,1,10000,楽観,20%,15423,64.8,1764,288,30.3,110,12,25.0,0.0,109.0,2339,3085,3085
10000,1,10000,中央,5%,12771,78.3,1461,318,30.3,110,12,37.5,0.0,163.5,2132,639,639
10000,1,10000,中央,20%,15566,64.2,1781,318,30.3,110,12,37.5,0.0,164.4,2453,3113,3113
10000,1,10000,悲観,5%,14954,66.9,1711,430,60.5,110,30,86.0,1500.0,279.3,4207,748,748
10000,1,10000,悲観,20%,18229,54.9,2085,430,60.5,110,30,86.0,1500.0,281.0,4583,3646,3646
10000,2,5000,楽観,5%,6609,75.7,756,288,30.3,110,12,25.0,0.0,57.1,1278,330,661
10000,2,5000,楽観,20%,8055,62.1,922,288,30.3,110,12,25.0,0.0,57.4,1444,1611,3222
10000,2,5000,中央,5%,6695,74.7,766,318,30.3,110,12,37.5,0.0,86.6,1360,335,670
10000,2,5000,中央,20%,8161,61.3,934,318,30.3,110,12,37.5,0.0,87.1,1528,1632,3264
10000,2,5000,悲観,5%,7919,63.1,906,430,60.5,110,30,86.0,750.0,150.6,2523,396,792
10000,2,5000,悲観,20%,9653,51.8,1104,430,60.5,110,30,86.0,750.0,151.5,2722,1931,3861
10000,3,3333,楽観,5%,4594,72.6,526,288,30.3,110,12,25.0,0.0,40.0,1031,230,689
10000,3,3333,楽観,20%,5599,59.5,641,288,30.3,110,12,25.0,0.0,40.3,1146,1120,3360
10000,3,3333,中央,5%,4670,71.4,534,318,30.3,110,12,37.5,0.0,61.0,1103,233,700
10000,3,3333,中央,20%,5692,58.6,651,318,30.3,110,12,37.5,0.0,61.3,1220,1138,3415
10000,3,3333,悲観,5%,5574,59.8,638,430,60.5,110,30,86.0,500.0,107.7,1962,279,836
10000,3,3333,悲観,20%,6794,49.1,777,430,60.5,110,30,86.0,500.0,108.4,2102,1359,4077
10000,5,2000,楽観,5%,2982,67.1,341,288,30.3,110,12,25.0,0.0,26.4,833,149,745
10000,5,2000,楽観,20%,3634,55.0,416,288,30.3,110,12,25.0,0.0,26.5,908,727,3634
10000,5,2000,中央,5%,3050,65.6,349,318,30.3,110,12,37.5,0.0,40.5,897,152,762
10000,5,2000,中央,20%,3717,53.8,425,318,30.3,110,12,37.5,0.0,40.7,974,743,3717
10000,5,2000,悲観,5%,3698,54.1,423,430,60.5,110,30,86.0,300.0,73.4,1513,185,924
10000,5,2000,悲観,20%,4508,44.4,516,430,60.5,110,30,86.0,300.0,73.8,1606,902,4508
10000,10,1000,楽観,5%,1773,56.4,203,288,30.3,110,12,25.0,0.0,16.1,684,89,886
10000,10,1000,楽観,20%,2161,46.3,247,288,30.3,110,12,25.0,0.0,16.2,729,432,4322
10000,10,1000,中央,5%,1834,54.5,210,318,30.3,110,12,37.5,0.0,25.1,743,92,917
10000,10,1000,中央,20%,2236,44.7,256,318,30.3,110,12,37.5,0.0,25.2,789,447,4472
10000,10,1000,悲観,5%,2291,43.7,262,430,60.5,110,30,86.0,150.0,47.7,1176,115,1145
10000,10,1000,悲観,20%,2792,35.8,319,430,60.5,110,30,86.0,150.0,48.0,1234,558,5585
10000,20,500,楽観,5%,1168,42.8,134,288,30.3,110,12,25.0,0.0,11.0,610,58,1168
10000,20,500,楽観,20%,1424,35.1,163,288,30.3,110,12,25.0,0.0,11.1,639,285,5696
10000,20,500,中央,5%,1227,40.8,140,318,30.3,110,12,37.5,0.0,17.4,666,61,1227
10000,20,500,中央,20%,1495,33.4,171,318,30.3,110,12,37.5,0.0,17.5,696,299,5982
10000,20,500,悲観,5%,1587,31.5,182,430,60.5,110,30,86.0,75.0,34.8,1008,79,1587
10000,20,500,悲観,20%,1935,25.8,221,430,60.5,110,30,86.0,75.0,35.0,1048,387,7739
