メーカー,レーン,判定理由,商号候補,法人格表記,該当商品数,主カテゴリ,第三者セラー数,屋号型セラー数,CNスコア,CNシグナル,想定仕入れ上限の中央値,Amazon価格の中央値,代表商品,代表ASIN,メーカー検索
UGREEN,B_英字レーン,日本語シグナルなし→人手/HTTP確認が必要,Ugreen Group Limited,,24,家電&カメラ,4,2,0,,2012,5220,UGREEN ipad ペンシル ワイヤレス/Type-C急速充電 2way充電 タッチペン アップルペンシル 磁気吸着充電,B0CT39ZSMZ,https://www.google.com/search?q=UGREEN%20%E4%BC%9A%E7%A4%BE%E6%A6%82%E8%A6%81%20%E5%95%8F%E3%81%84%E5%90%88%E3%82%8F%E3%81%9B%20%E5%8D%B8
CIO,B_英字レーン,日本語シグナルなし→人手/HTTP確認が必要,CIO,,21,パソコン・周辺機器,5,1,0,,2282,6141,CIO モバイルバッテリー USB-Cケーブル内蔵 軽量 10000mAh SMARTCOBY Pro SLIM CABLE 35W (ホワイト),B0D53Z5BYG,https://www.google.com/search?q=CIO%20%E4%BC%9A%E7%A4%BE%E6%A6%82%E8%A6%81%20%E5%95%8F%E3%81%84%E5%90%88%E3%82%8F%E3%81%9B%20%E5%8D%B8
iClever,B_英字レーン,日本語シグナルなし→人手/HTTP確認が必要,iClever,,13,パソコン・周辺機器,2,0,0,,1636,3990,iClever ゲーミングキーボード テンキーレス 赤軸 メカニカル キーボード 日本語配列 マクロ対応 G06 ブラック,B0D86XCN4G,https://www.google.com/search?q=iClever%20%E4%BC%9A%E7%A4%BE%E6%A6%82%E8%A6%81%20%E5%95%8F%E3%81%84%E5%90%88%E3%82%8F%E3%81%9B%20%E5%8D%B8
Soundcore,B_英字レーン,日本語シグナルなし→人手/HTTP確認が必要,Anker,,13,家電&カメラ,6,2,0,,4250,9990,Anker Soundcore V20i ブラック,B0D4Z8NPH7,https://www.google.com/search?q=Soundcore%20%E4%BC%9A%E7%A4%BE%E6%A6%82%E8%A6%81%20%E5%95%8F%E3%81%84%E5%90%88%E3%82%8F%E3%81%9B%20%E5%8D%B8
GPC Image Flex,B_英字レーン,日本語シグナルなし→人手/HTTP確認が必要,GPC Image Flex ( ブラザー LC3117 対応,,6,パソコン・周辺機器,2,0,0,,634,1967,GPC Image Flex LC3117 lc3119 4本 ブラザー 用 インク 3117 純正と併用 Brother 用 J6980CDW,B0BNTCG5PN,https://www.google.com/search?q=GPC%20Image%20Flex%20%E4%BC%9A%E7%A4%BE%E6%A6%82%E8%A6%81%20%E5%95%8F%E3%81%84%E5%90%88%E3%82%8F%E3%81%9B%20%E5%8D%B8
Hobbywing,B_英字レーン,日本語シグナルなし→人手/HTTP確認が必要,HOBBYWING,,5,おもちゃ,6,1,0,,2036,4290,HOBBYWING ESC プログラムカード PG-CARD General HW30501003,B01M4JV05V,https://www.google.com/search?q=Hobbywing%20%E4%BC%9A%E7%A4%BE%E6%A6%82%E8%A6%81%20%E5%95%8F%E3%81%84%E5%90%88%E3%82%8F%E3%81%9B%20%E5%8D%B8
JIT,B_英字レーン,日本語シグナルなし→人手/HTTP確認が必要,JIT,,5,パソコン・周辺機器,4,2,0,,1820,3387,BC-340XL BC-341XL キヤノン用 Canon ジット リサイクルインク ブラック 黒 カラー 大容量 2個セット 日本製 MG3630,B07H7FNZNP,https://www.google.com/search?q=JIT%20%E4%BC%9A%E7%A4%BE%E6%A6%82%E8%A6%81%20%E5%95%8F%E3%81%84%E5%90%88%E3%82%8F%E3%81%9B%20%E5%8D%B8
Runbod,B_英字レーン,日本語シグナルなし→人手/HTTP確認が必要,Runbod,,4,DIY・工具・ガーデン,2,0,0,,360,1609,sata usb 変換ケーブル 3.5/2.5インチ SSD HDD SATA USB変換アダプター SATA3 USB3.0 変換ケーブル 電源アダプター付 ,B07SGBYB6Z,https://www.google.com/search?q=Runbod%20%E4%BC%9A%E7%A4%BE%E6%A6%82%E8%A6%81%20%E5%95%8F%E3%81%84%E5%90%88%E3%82%8F%E3%81%9B%20%E5%8D%B8
ProtoArc,B_英字レーン,日本語シグナルなし→人手/HTTP確認が必要,Fiico,,4,パソコン・周辺機器,2,0,0,,2702,4980,【革新版】ProtoArc EM11 NL エルゴノミクスマウス 縦型58° 静音 無線 Bluetooth 2.4GHz 3台同時接続 手首楽,B0FNKZ6666,https://www.google.com/search?q=ProtoArc%20%E4%BC%9A%E7%A4%BE%E6%A6%82%E8%A6%81%20%E5%95%8F%E3%81%84%E5%90%88%E3%82%8F%E3%81%9B%20%E5%8D%B8
GADEBAO,B_英字レーン,日本語シグナルなし→人手/HTTP確認が必要,GADEBAO,,3,パソコン・周辺機器,2,1,0,,1223,2557,USB C HDMI 変換アダプター 2in1 4K60Hz タイプC hdmi iphone hdmi変換ケーブル typec 100W PD充電,B0DTTBZ6KJ,https://www.google.com/search?q=GADEBAO%20%E4%BC%9A%E7%A4%BE%E6%A6%82%E8%A6%81%20%E5%95%8F%E3%81%84%E5%90%88%E3%82%8F%E3%81%9B%20%E5%8D%B8
MINLU,B_英字レーン,日本語シグナルなし→人手/HTTP確認が必要,MINLU,,3,パソコン・周辺機器,2,0,0,,839,2499,【100W】巻き取り式充電ケーブル タイプc usb c ケーブル 巻き取り 1.2m リール式 PD対応100W/5A 超急速充電 高速データ転送,B0BKKL1M31,https://www.google.com/search?q=MINLU%20%E4%BC%9A%E7%A4%BE%E6%A6%82%E8%A6%81%20%E5%95%8F%E3%81%84%E5%90%88%E3%82%8F%E3%81%9B%20%E5%8D%B8
Tuwejia,B_英字レーン,日本語シグナルなし→人手/HTTP確認が必要,Tuwejia,,2,家電&カメラ,3,2,0,,574,1618,2026高機能版 USB Type c HDMI アダプタタイプc H dmi 変換 Tuwejia４K 解像度 hdmiポートUSB 3.0高速ポートタイプ1,B07G44M4S3,https://www.google.com/search?q=Tuwejia%20%E4%BC%9A%E7%A4%BE%E6%A6%82%E8%A6%81%20%E5%95%8F%E3%81%84%E5%90%88%E3%82%8F%E3%81%9B%20%E5%8D%B8
Kungix,B_英字レーン,日本語シグナルなし→人手/HTTP確認が必要,Kungix,,2,パソコン・周辺機器,2,0,0,,658,2014,【2026新登場・360°回転・折り畳み式】 タブレット スタンド iPad スタンド 4.7~13インチ対応 軽量 高さ 角度調整 滑り止め 放熱 通気性 安,B0FQ1X5R8C,https://www.google.com/search?q=Kungix%20%E4%BC%9A%E7%A4%BE%E6%A6%82%E8%A6%81%20%E5%95%8F%E3%81%84%E5%90%88%E3%82%8F%E3%81%9B%20%E5%8D%B8
Ralkepy,B_英字レーン,日本語シグナルなし→人手/HTTP確認が必要,Ralkepy,,2,家電&カメラ,3,0,0,,491,1580,Ralkepy タッチペン 全機種対応 電量表示 スタイラスペン 磁気吸着機能 交換用ペン先3つ付属「日本語取扱説明書付き」(ホワイト),B0D7L6QHGV,https://www.google.com/search?q=Ralkepy%20%E4%BC%9A%E7%A4%BE%E6%A6%82%E8%A6%81%20%E5%95%8F%E3%81%84%E5%90%88%E3%82%8F%E3%81%9B%20%E5%8D%B8
Tryone,B_英字レーン,日本語シグナルなし→人手/HTTP確認が必要,Tryone,,2,車&バイク,2,0,0,,539,2040,【2026新型・業界最長伸縮アーム】TRYONE タブレットホルダー 車 後部座席 ヘッドレストホルダー 伸縮アーム 360°回転 安定固定,B0F8BPLLM9,https://www.google.com/search?q=Tryone%20%E4%BC%9A%E7%A4%BE%E6%A6%82%E8%A6%81%20%E5%95%8F%E3%81%84%E5%90%88%E3%82%8F%E3%81%9B%20%E5%8D%B8
YOCOEI,B_英字レーン,日本語シグナルなし→人手/HTTP確認が必要,YOCOEI,,2,家電&カメラ,2,0,0,,577,1620,YOCOEI 40W USB急速充電器 (4ポート/折り畳み式/超コンパクト/iSonicおまかせ充電/PSE認証済み) iPhone/iPadシリーズ/Gal,B0CRS24PMN,https://www.google.com/search?q=YOCOEI%20%E4%BC%9A%E7%A4%BE%E6%A6%82%E8%A6%81%20%E5%95%8F%E3%81%84%E5%90%88%E3%82%8F%E3%81%9B%20%E5%8D%B8
MiiElAOD,B_英字レーン,日本語シグナルなし→人手/HTTP確認が必要,Miistore,,2,パソコン・周辺機器,6,1,0,,2125,3860,"Seeeduino XIAO ESP32C3, IoT 制御シナリオ用の Wi-Fi と BLE を備えた Tiny MCU ボード (1pc)",B0BW476N31,https://www.google.com/search?q=MiiElAOD%20%E4%BC%9A%E7%A4%BE%E6%A6%82%E8%A6%81%20%E5%95%8F%E3%81%84%E5%90%88%E3%82%8F%E3%81%9B%20%E5%8D%B8
Hanmir,B_英字レーン,日本語シグナルなし→人手/HTTP確認が必要,Hanmir,,2,車&バイク,2,1,0,,48,1556,バイクカバー 原付カバー 300D厚手 バイクカバー大型 耐熱 防水 撥水 紫外線防止 盗難防止 防風 防埃 防雨 防雪 265㎝まで対応 収納バッグ付き (X,B09KNBHZFY,https://www.google.com/search?q=Hanmir%20%E4%BC%9A%E7%A4%BE%E6%A6%82%E8%A6%81%20%E5%95%8F%E3%81%84%E5%90%88%E3%82%8F%E3%81%9B%20%E5%8D%B8
GLAMERGY,B_英字レーン,日本語シグナルなし→人手/HTTP確認が必要,GLAMERGY,,2,パソコン・周辺機器,2,0,0,,546,1594,マウス Bluetooth Type-C充電式 ワイヤレスマウス 2.4GHz光学式 3dpi切替 静音 薄型 小型 無線マウス 高精度 左右対称 持ち運び便利,B0DCG6NRMD,https://www.google.com/search?q=GLAMERGY%20%E4%BC%9A%E7%A4%BE%E6%A6%82%E8%A6%81%20%E5%95%8F%E3%81%84%E5%90%88%E3%82%8F%E3%81%9B%20%E5%8D%B8
Yokizu,B_英字レーン,日本語シグナルなし→人手/HTTP確認が必要,Yokizu,,2,ホーム&キッチン,2,0,0,,1278,3590,Yokizu 加湿器 小型 卓上 大容量 除菌 アロマ 超音波式 LEDライト しずく型 お手入れしやすい 静音 おしゃれ 寝室 6-10畳 ホワイト,B0DCW87ZXL,https://www.google.com/search?q=Yokizu%20%E4%BC%9A%E7%A4%BE%E6%A6%82%E8%A6%81%20%E5%95%8F%E3%81%84%E5%90%88%E3%82%8F%E3%81%9B%20%E5%8D%B8
FiiO,B_英字レーン,日本語シグナルなし→人手/HTTP確認が必要,FIIO,,2,家電&カメラ,4,4,0,,3048,5286,FIIO KA11 Type-C Silver Black 【日本正規店より発送・シリアルナンバー付】USB DAC アンプ ポータブル ヘッドホン ヘッドフォ,B09NXJG3VX,https://www.google.com/search?q=FiiO%20%E4%BC%9A%E7%A4%BE%E6%A6%82%E8%A6%81%20%E5%95%8F%E3%81%84%E5%90%88%E3%82%8F%E3%81%9B%20%E5%8D%B8
LIXIL,B_英字レーン,日本語シグナルなし→人手/HTTP確認が必要,LIXIL,,2,DIY・工具・ガーデン,5,0,0,,5997,10400,LIXIL(リクシル) TOSTEM ドア タッチキー・システムキー用リモコンキー Z-221-DVBA,B073S8Z97N,https://www.google.com/search?q=LIXIL%20%E4%BC%9A%E7%A4%BE%E6%A6%82%E8%A6%81%20%E5%95%8F%E3%81%84%E5%90%88%E3%82%8F%E3%81%9B%20%E5%8D%B8
SCYROX,B_英字レーン,日本語シグナルなし→人手/HTTP確認が必要,SCYROX,,2,パソコン・周辺機器,3,0,0,,6055,11800,SCYROX V6 軽量 ワイヤレスゲーミングマウス 40g Pixart 3950センサー 8k ドングル同梱済み kailhスイッチ版【日本正規代理店保証】,B0GKH36WB5,https://www.google.com/search?q=SCYROX%20%E4%BC%9A%E7%A4%BE%E6%A6%82%E8%A6%81%20%E5%95%8F%E3%81%84%E5%90%88%E3%82%8F%E3%81%9B%20%E5%8D%B8
iWIMIUS,B_英字レーン,日本語シグナルなし→人手/HTTP確認が必要,WIMIUS,,2,家電&カメラ,2,0,0,,12288,18914,プロジェクター 家庭用 【Netflix&DoIby&4K対応】750ASNI 高輝度【自動フォーカス＆自動台形補正】ポータブルプロジェクター内蔵 Netfli,B0F21KVBHN,https://www.google.com/search?q=iWIMIUS%20%E4%BC%9A%E7%A4%BE%E6%A6%82%E8%A6%81%20%E5%95%8F%E3%81%84%E5%90%88%E3%82%8F%E3%81%9B%20%E5%8D%B8
"KEIYO ENGINEERING CO.,LTD.",B_英字レーン,日本語シグナルなし→人手/HTTP確認が必要,KEIYO,,2,パソコン・周辺機器,6,1,0,,7544,11719,KEIYO 車載対応Wi-Fiルーター初回120GB付きバッテリーレス USB電源使用 車用Wi-Fi 買い切り 契約不要 リチャージ式 マルチキャリア切り替え,B0DHV2KW3X,https://www.google.com/search?q=KEIYO%20ENGINEERING%20CO.%2CLTD.%20%E4%BC%9A%E7%A4%BE%E6%A6%82%E8%A6%81%20%E5%95%8F%E3%81%84%E5%90%88%E3%82%8F%E3%81%9B%20%E5%8D%B8
amBand,B_英字レーン,日本語シグナルなし→人手/HTTP確認が必要,amBand,,2,家電&カメラ,5,0,0,,1136,2614,"amBand Apple Watchバンド (38mm/40mm/41mm, ブラック)",B0C2YWNGVV,https://www.google.com/search?q=amBand%20%E4%BC%9A%E7%A4%BE%E6%A6%82%E8%A6%81%20%E5%95%8F%E3%81%84%E5%90%88%E3%82%8F%E3%81%9B%20%E5%8D%B8
RiDATA,B_英字レーン,日本語シグナルなし→人手/HTTP確認が必要,RiTEK,,2,パソコン・周辺機器,2,0,0,,2148,4980,・RiDATA 1回録画用 片面2層 1-4倍速 ブルーレイディスク 50GB スピンドルケース 20枚入 ホワイトプリンタブル RiTEK BD-R DL B,B0BLN8S2BV,https://www.google.com/search?q=RiDATA%20%E4%BC%9A%E7%A4%BE%E6%A6%82%E8%A6%81%20%E5%95%8F%E3%81%84%E5%90%88%E3%82%8F%E3%81%9B%20%E5%8D%B8
JELLY JELLY GAMES,B_英字レーン,日本語シグナルなし→人手/HTTP確認が必要,JELLY JELLY GAMES,,2,おもちゃ,3,0,0,,1546,4018,JELLYJELLYGAMES クリプティッド 伝説の生物はどこにいる？ヒントを組み合わせて先に見つけた人が勝つ論理推理バトル！ 2~5人用 日本語版 ボードゲ,B081SKGBFP,https://www.google.com/search?q=JELLY%20JELLY%20GAMES%20%E4%BC%9A%E7%A4%BE%E6%A6%82%E8%A6%81%20%E5%95%8F%E3%81%84%E5%90%88%E3%82%8F%E3%81%9B%20%E5%8D%B8
Mzyxxel,B_英字レーン,日本語シグナルなし→人手/HTTP確認が必要,Mzyxxel,,2,おもちゃ,2,0,0,,3690,7297,マグネットブロック 330 Pcs 磁石ブロック 磁石おもち マグネットおもちゃ 子供知育玩具 男の子女の子 学習教育用 建設玩具 誕生日プレゼント クリスマス,B0GCG5HG1C,https://www.google.com/search?q=Mzyxxel%20%E4%BC%9A%E7%A4%BE%E6%A6%82%E8%A6%81%20%E5%95%8F%E3%81%84%E5%90%88%E3%82%8F%E3%81%9B%20%E5%8D%B8
UYIKOO,B_英字レーン,日本語シグナルなし→人手/HTTP確認が必要,UYIKOO,,2,家電&カメラ,2,2,0,,4214,7220,小型カメラ 隠しカメラ メガネカメラ HD1080P画質 大容量128GB対応長時間録画 操作簡単 スパイカメラ 写真撮影 カメラ付きメガネ 防犯用 会議 商談,B0BBP8RLJL,https://www.google.com/search?q=UYIKOO%20%E4%BC%9A%E7%A4%BE%E6%A6%82%E8%A6%81%20%E5%95%8F%E3%81%84%E5%90%88%E3%82%8F%E3%81%9B%20%E5%8D%B8
Kiboer,B_英字レーン,日本語シグナルなし→人手/HTTP確認が必要,Kiboer,,2,スポーツ&アウトドア,2,1,0,,2304,4700,Kiboer EMS腹筋ベルト EMSパッド ジェル不要 6モード 16段階 5段階温熱 液晶表示 2mm薄型 USB充電 腹部 腰 背中対応 腹部,B0FYX7G4P9,https://www.google.com/search?q=Kiboer%20%E4%BC%9A%E7%A4%BE%E6%A6%82%E8%A6%81%20%E5%95%8F%E3%81%84%E5%90%88%E3%82%8F%E3%81%9B%20%E5%8D%B8
Ci-Fotto,B_英字レーン,日本語シグナルなし→人手/HTTP確認が必要,Ci-Fotto,,2,家電&カメラ,2,1,0,,8256,13842,LEDフォトビデオライト2パック、Ci-Fotto調光5600K USB LED連続光撮影ライト、三脚とカラーフィルター付き、フォトスタジオ、YouTube、T,B0CHWFJ234,https://www.google.com/search?q=Ci-Fotto%20%E4%BC%9A%E7%A4%BE%E6%A6%82%E8%A6%81%20%E5%95%8F%E3%81%84%E5%90%88%E3%82%8F%E3%81%9B%20%E5%8D%B8
FAR EAST GADGET,B_英字レーン,日本語シグナルなし→人手/HTTP確認が必要,FAR EAST GADGET,,2,パソコン・周辺機器,2,0,0,,1196,2480,FAR EAST GADGET ファーイーストガジェット タイプスティックス (Black),B0D1C44P6W,https://www.google.com/search?q=FAR%20EAST%20GADGET%20%E4%BC%9A%E7%A4%BE%E6%A6%82%E8%A6%81%20%E5%95%8F%E3%81%84%E5%90%88%E3%82%8F%E3%81%9B%20%E5%8D%B8
iplusmile,B_英字レーン,日本語シグナルなし→人手/HTTP確認が必要,iplusmile,,2,DIY・工具・ガーデン,2,0,0,,1476,4209,iplusmile 3 セット スプリンクラー 高圧 圧力 ホース 高圧 圧力 ノズル 灌漑 散水 プラスチック ホース アタッチメント 360 度 ロータリー,B0C4MLZ2G9,https://www.google.com/search?q=iplusmile%20%E4%BC%9A%E7%A4%BE%E6%A6%82%E8%A6%81%20%E5%95%8F%E3%81%84%E5%90%88%E3%82%8F%E3%81%9B%20%E5%8D%B8
adidas Originals,B_英字レーン,日本語シグナルなし→人手/HTTP確認が必要,,,2,ファッション,2,0,0,,2558,5500,[アディダス] オリジナルス ORIGINALS アディダス 3-STRIPES TEE スリーストライプ Tシャツ ユニセックス Tシャツ 半袖Tシャツ KE,B0G8ZX9BF5,https://www.google.com/search?q=adidas%20Originals%20%E4%BC%9A%E7%A4%BE%E6%A6%82%E8%A6%81%20%E5%95%8F%E3%81%84%E5%90%88%E3%82%8F%E3%81%9B%20%E5%8D%B8
CME,B_英字レーン,日本語シグナルなし→人手/HTTP確認が必要,CME,,2,楽器・音響機器,4,1,0,,3951,8789,CME WIDI Thru6 BT 2入力6出力 MIDI Thru ボックス Bluetooth MIDI対応 5ピンDIN MIDI 高速データ転送,B0B9ZMQQGG,https://www.google.com/search?q=CME%20%E4%BC%9A%E7%A4%BE%E6%A6%82%E8%A6%81%20%E5%95%8F%E3%81%84%E5%90%88%E3%82%8F%E3%81%9B%20%E5%8D%B8
SilentPower,B_英字レーン,日本語シグナルなし→人手/HTTP確認が必要,SilentPower,,2,DIY・工具・ガーデン,5,3,0,,6504,12935,Silentpower iPower2 【日本正規店より発送】ノイズ抑制 電源 (iPower2 5V),B0DXP62Z3Z,https://www.google.com/search?q=SilentPower%20%E4%BC%9A%E7%A4%BE%E6%A6%82%E8%A6%81%20%E5%95%8F%E3%81%84%E5%90%88%E3%82%8F%E3%81%9B%20%E5%8D%B8
Nexmora,B_英字レーン,日本語シグナルなし→人手/HTTP確認が必要,Nexmora,,2,パソコン・周辺機器,2,0,0,,960,2330,【2026革新型・高速USB3.0対応】 CD DVDドライブ 外付け 静音 DVDプレーヤー 外付けDVDドライブ USB3.0＆Type-C両接続 読取/書,B0DPRSKYXR,https://www.google.com/search?q=Nexmora%20%E4%BC%9A%E7%A4%BE%E6%A6%82%E8%A6%81%20%E5%95%8F%E3%81%84%E5%90%88%E3%82%8F%E3%81%9B%20%E5%8D%B8
Lettop,B_英字レーン,日本語シグナルなし→人手/HTTP確認が必要,,,2,ホーム&キッチン,3,0,0,,594,2060,【2026革新モデル】 デスクライト LED スタンドライト 目に優しい 電気スタンド 省エネ 卓上 調色5段階 無段階調光 明るい ブックライト タッチセンサ,B0BQ6Z2Z2J,https://www.google.com/search?q=Lettop%20%E4%BC%9A%E7%A4%BE%E6%A6%82%E8%A6%81%20%E5%95%8F%E3%81%84%E5%90%88%E3%82%8F%E3%81%9B%20%E5%8D%B8
Letibe,B_英字レーン,日本語シグナルなし→人手/HTTP確認が必要,,,2,DIY・工具・ガーデン,2,1,0,,4354,8480,【日本優良企業】 45000mAh 56V 空調作業服 バッテリー 2026 業界最強 15Vから56Vまで調節可能 30時間 超長時間連続稼働 デュアルコント,B0F6BW3LRH,https://www.google.com/search?q=Letibe%20%E4%BC%9A%E7%A4%BE%E6%A6%82%E8%A6%81%20%E5%95%8F%E3%81%84%E5%90%88%E3%82%8F%E3%81%9B%20%E5%8D%B8
TAROTIKA,B_英字レーン,日本語シグナルなし→人手/HTTP確認が必要,GWE,,2,おもちゃ,5,1,0,,2514,6161,タロットカード 初心者向け – カードに意味が書かれたタロットデッキ – Yes or No、占星術、惑星＆チャクラ付き – ガイドブック不要 (英語),B0BN663GTR,https://www.google.com/search?q=TAROTIKA%20%E4%BC%9A%E7%A4%BE%E6%A6%82%E8%A6%81%20%E5%95%8F%E3%81%84%E5%90%88%E3%82%8F%E3%81%9B%20%E5%8D%B8
Juliyas,B_英字レーン,日本語シグナルなし→人手/HTTP確認が必要,Juliyas,,1,ホーム&キッチン,2,0,0,,688,1999,Juliyas ネックケア 首 リラクゼーション器 EMS×TENS Ｗ効果 振動 首元ケア ホットケア 10種類のモード 19段階強度調節,B0GHMT3457,https://www.google.com/search?q=Juliyas%20%E4%BC%9A%E7%A4%BE%E6%A6%82%E8%A6%81%20%E5%95%8F%E3%81%84%E5%90%88%E3%82%8F%E3%81%9B%20%E5%8D%B8
FIDECO,B_英字レーン,日本語シグナルなし→人手/HTTP確認が必要,FIDECO,,1,パソコン・周辺機器,2,0,0,,598,1652,FIDECO M.2 NVMe SSD 外付けケース SSD エンクロージャー 10Gbps 高速転送 SSDケース 工具不要 簡単取り付け,B0CYLDM23M,https://www.google.com/search?q=FIDECO%20%E4%BC%9A%E7%A4%BE%E6%A6%82%E8%A6%81%20%E5%95%8F%E3%81%84%E5%90%88%E3%82%8F%E3%81%9B%20%E5%8D%B8
SK-CinDa,B_英字レーン,日本語シグナルなし→人手/HTTP確認が必要,SK-CinDa,,1,家電&カメラ,2,0,0,,631,1999,4in1車用充電器·巻き取り式·ケーブル 2本·Type-C100W/Lightning·LED付き電圧表示·DC12/24V車対応,B0DRBJB57V,https://www.google.com/search?q=SK-CinDa%20%E4%BC%9A%E7%A4%BE%E6%A6%82%E8%A6%81%20%E5%95%8F%E3%81%84%E5%90%88%E3%82%8F%E3%81%9B%20%E5%8D%B8
Rikuto,B_英字レーン,日本語シグナルなし→人手/HTTP確認が必要,Rikuto,,1,パソコン・周辺機器,3,0,0,,513,1530,【業界トップクラス技術&ドライバー不要】Rikuto Bluetooth USB アダプタ bluetooth 5.4 対応 レシーバー ブルートゥー PC 専,B0FFZ58GFW,https://www.google.com/search?q=Rikuto%20%E4%BC%9A%E7%A4%BE%E6%A6%82%E8%A6%81%20%E5%95%8F%E3%81%84%E5%90%88%E3%82%8F%E3%81%9B%20%E5%8D%B8
JGUG,B_英字レーン,日本語シグナルなし→人手/HTTP確認が必要,JGUG,,1,家電&カメラ,2,0,0,,701,1797,【Bluetooth イヤホン】ワイヤレス ブルートゥース イヤホン JGUG 数字LEDディスプレイ表示 両耳ENCノイズキャンセリング 長時間連続再生 自動,B0CHW15Z7B,https://www.google.com/search?q=JGUG%20%E4%BC%9A%E7%A4%BE%E6%A6%82%E8%A6%81%20%E5%95%8F%E3%81%84%E5%90%88%E3%82%8F%E3%81%9B%20%E5%8D%B8
YUDOFICAL,B_英字レーン,日本語シグナルなし→人手/HTTP確認が必要,YUDOFICAL,,1,パソコン・周辺機器,2,0,0,,471,1825,YUDOFICAL 延長コード 2m 電源タップ USB コンセントタップ 4個AC+2個USB-A+1個Type-C 黒,B0F3CQ2G4K,https://www.google.com/search?q=YUDOFICAL%20%E4%BC%9A%E7%A4%BE%E6%A6%82%E8%A6%81%20%E5%95%8F%E3%81%84%E5%90%88%E3%82%8F%E3%81%9B%20%E5%8D%B8
Avrpqiwy,B_英字レーン,日本語シグナルなし→人手/HTTP確認が必要,,,1,産業・研究開発用品,6,0,0,,103,1760,Avrpqiwy 3Dプリンターフィラメントドライボックスストレージ熱風加熱ストレージ印刷材料ボックスホルダー耐湿性すべての用,B0DPMSYR8R,https://www.google.com/search?q=Avrpqiwy%20%E4%BC%9A%E7%A4%BE%E6%A6%82%E8%A6%81%20%E5%95%8F%E3%81%84%E5%90%88%E3%82%8F%E3%81%9B%20%E5%8D%B8
Casio,B_英字レーン,日本語シグナルなし→人手/HTTP確認が必要,CASIO,,1,家電&カメラ,2,0,0,,541,1680,Casio Casio-23152-CTL1616 – 腕時計バッテリー,B00KSHIM7I,https://www.google.com/search?q=Casio%20%E4%BC%9A%E7%A4%BE%E6%A6%82%E8%A6%81%20%E5%95%8F%E3%81%84%E5%90%88%E3%82%8F%E3%81%9B%20%E5%8D%B8
roborock,B_英字レーン,日本語シグナルなし→人手/HTTP確認が必要,roborock,,1,ホーム&キッチン,4,0,0,,468,1680,【メーカー純正品】Roborock 自動ゴミ収集ドック用 使い捨て紙パックC SDCD05RR 3個 交換用 純正アクセサリー Saros 10R / Saro,B0DBYY5DQ8,https://www.google.com/search?q=roborock%20%E4%BC%9A%E7%A4%BE%E6%A6%82%E8%A6%81%20%E5%95%8F%E3%81%84%E5%90%88%E3%82%8F%E3%81%9B%20%E5%8D%B8
DYKL,B_英字レーン,日本語シグナルなし→人手/HTTP確認が必要,DYKL,,1,ホーム&キッチン,3,0,0,,669,1949,【Amazon.co.jp限定】DYKL 鼻毛カッター メンズ レディース 電動 エチケットカッター 3in1 鼻毛・眉毛・耳毛対応 眉毛シェーバー 耳毛カッタ,B0FN71V2R3,https://www.google.com/search?q=DYKL%20%E4%BC%9A%E7%A4%BE%E6%A6%82%E8%A6%81%20%E5%95%8F%E3%81%84%E5%90%88%E3%82%8F%E3%81%9B%20%E5%8D%B8
CEREMONY,B_英字レーン,日本語シグナルなし→人手/HTTP確認が必要,ceremony,,1,ホーム&キッチン,2,0,0,,296,1976,CEREMONY お香立て、灰がこぼれない、おこうたて、線香立て、おこうたて おしゃれ（お香は付いていません）,B0CDLP9SQ3,https://www.google.com/search?q=CEREMONY%20%E4%BC%9A%E7%A4%BE%E6%A6%82%E8%A6%81%20%E5%95%8F%E3%81%84%E5%90%88%E3%82%8F%E3%81%9B%20%E5%8D%B8
ELUTENG,B_英字レーン,日本語シグナルなし→人手/HTTP確認が必要,ELUTENG,,1,パソコン・周辺機器,2,0,0,,501,1519,ELUTENG SATA 増設ボード 6Gbps速度 pcie sata 増設 2ポート sata 増設 拡張カード PCI Express x1 X4 X8 ,B07T1HYBK2,https://www.google.com/search?q=ELUTENG%20%E4%BC%9A%E7%A4%BE%E6%A6%82%E8%A6%81%20%E5%95%8F%E3%81%84%E5%90%88%E3%82%8F%E3%81%9B%20%E5%8D%B8
Ashei,B_英字レーン,日本語シグナルなし→人手/HTTP確認が必要,Ashei,,1,DIY・工具・ガーデン,2,0,0,,257,1695,ソーラーライト 屋外 防水【2026新版 2個入り】 防犯 3つ知能モード 自動点灯/消灯 ソーラーセンサーライト 大容量電池 太陽光発電 電気代ゼロ 玄関/廊,B0F4KH3FGX,https://www.google.com/search?q=Ashei%20%E4%BC%9A%E7%A4%BE%E6%A6%82%E8%A6%81%20%E5%95%8F%E3%81%84%E5%90%88%E3%82%8F%E3%81%9B%20%E5%8D%B8
LongFlight,B_英字レーン,日本語シグナルなし→人手/HTTP確認が必要,LongFlight,,1,ホーム&キッチン,2,0,0,,551,1799,LongFlight 携帯枕 ネックピロー 首枕 U型 空気枕 持ち運び便利 旅行枕 収納ポーチ付き 洗えるカバー 飛行機 コンパクト 車 夜行深夜バス 新幹線,B0FVXVWLR2,https://www.google.com/search?q=LongFlight%20%E4%BC%9A%E7%A4%BE%E6%A6%82%E8%A6%81%20%E5%95%8F%E3%81%84%E5%90%88%E3%82%8F%E3%81%9B%20%E5%8D%B8
GOODNEW,B_英字レーン,日本語シグナルなし→人手/HTTP確認が必要,GOODNEW,,1,ホーム&キッチン,2,0,0,,678,1979,【2026新登場】シェーバー メンズ 髭剃り ミニ 電気シェーバー 小型 ひげそり 携帯 軽量 IPX6防水 水洗い 乾湿両用 LEDディスプレイー Type-,B0GG94PLMZ,https://www.google.com/search?q=GOODNEW%20%E4%BC%9A%E7%A4%BE%E6%A6%82%E8%A6%81%20%E5%95%8F%E3%81%84%E5%90%88%E3%82%8F%E3%81%9B%20%E5%8D%B8
BRJR,B_英字レーン,日本語シグナルなし→人手/HTTP確認が必要,BRJR,,1,パソコン・周辺機器,3,0,0,,576,1994,BRJR CD DVDドライブ 外付けDVDドライブ 高速処理 8XDVD& 24XCD 光学ドライブ外付け 読取/書込可 バスパワー USB 2.0/3.0&,B0D22K597V,https://www.google.com/search?q=BRJR%20%E4%BC%9A%E7%A4%BE%E6%A6%82%E8%A6%81%20%E5%95%8F%E3%81%84%E5%90%88%E3%82%8F%E3%81%9B%20%E5%8D%B8
Gourde,B_英字レーン,日本語シグナルなし→人手/HTTP確認が必要,Gourde,,1,パソコン・周辺機器,3,0,0,,486,1897,CPUスタンド キャスター付き 組立簡単 デスクトップPC 置き台 ブラック,B0FPR8FC6M,https://www.google.com/search?q=Gourde%20%E4%BC%9A%E7%A4%BE%E6%A6%82%E8%A6%81%20%E5%95%8F%E3%81%84%E5%90%88%E3%82%8F%E3%81%9B%20%E5%8D%B8
BUODCO,B_英字レーン,日本語シグナルなし→人手/HTTP確認が必要,BUODCO,,1,パソコン・周辺機器,2,0,0,,792,1943,【業界先端 Type-C＆USB-A対応】 マウス 無線 Bluetooth type-c口接続 ワイヤレスマウス 静音 超薄型 小型 高感度 ブルートゥース ,B0DSVWSYRJ,https://www.google.com/search?q=BUODCO%20%E4%BC%9A%E7%A4%BE%E6%A6%82%E8%A6%81%20%E5%95%8F%E3%81%84%E5%90%88%E3%82%8F%E3%81%9B%20%E5%8D%B8
LXCRTONE,B_英字レーン,日本語シグナルなし→人手/HTTP確認が必要,LXCRTONE,,1,車&バイク,2,0,0,,317,1599,LXCRTONE スマホホルダー 車 【2026最新進化クリップ&最強の安定】 車 スマホスタンド 携帯ホルダー 車 360°回転な台座 脱着簡単 滑り止め ス,B0GG4D975Z,https://www.google.com/search?q=LXCRTONE%20%E4%BC%9A%E7%A4%BE%E6%A6%82%E8%A6%81%20%E5%95%8F%E3%81%84%E5%90%88%E3%82%8F%E3%81%9B%20%E5%8D%B8
NorwegianStyle,B_英字レーン,日本語シグナルなし→人手/HTTP確認が必要,NorwegianStyle,,1,スポーツ&アウトドア,4,0,0,,373,1940,ファイヤースターター 着火剤 約100個入 袋ごと燃やせる バーベキュー 焚き火 キャンプ 薪ストーブ NowegianStyle,B08LVMBHJ3,https://www.google.com/search?q=NorwegianStyle%20%E4%BC%9A%E7%A4%BE%E6%A6%82%E8%A6%81%20%E5%95%8F%E3%81%84%E5%90%88%E3%82%8F%E3%81%9B%20%E5%8D%B8
YOSH,B_英字レーン,日本語シグナルなし→人手/HTTP確認が必要,YOSH,,1,車&バイク,2,0,0,,513,1709,【ベンツにピッタリ】YOSH ベンツ スマホホルダー「A/C/CLA/GLC/Vクラス対応」スマホホルダー 車 ベンツ 丸形エアコン吹き出し口,B0CGR936TZ,https://www.google.com/search?q=YOSH%20%E4%BC%9A%E7%A4%BE%E6%A6%82%E8%A6%81%20%E5%95%8F%E3%81%84%E5%90%88%E3%82%8F%E3%81%9B%20%E5%8D%B8
BINGFU,B_英字レーン,日本語シグナルなし→人手/HTTP確認が必要,BINGFU,,1,家電&カメラ,2,0,0,,288,1580,BINGFU FMアンテナ ラジオアンテナ 粘着アンテナ 3つの変換コネクタ付き 屋内用 高感度 YAMAHA Denonなどに適しています,B08HHXFH98,https://www.google.com/search?q=BINGFU%20%E4%BC%9A%E7%A4%BE%E6%A6%82%E8%A6%81%20%E5%95%8F%E3%81%84%E5%90%88%E3%82%8F%E3%81%9B%20%E5%8D%B8
Screwpop,B_英字レーン,日本語シグナルなし→人手/HTTP確認が必要,Screwpop,,1,ファッション,2,0,0,,567,1880,Screwpop BIC ライターケース ライターホルダー BIC MINI J23 J25 対応 国内正規品,B074JG6SQH,https://www.google.com/search?q=Screwpop%20%E4%BC%9A%E7%A4%BE%E6%A6%82%E8%A6%81%20%E5%95%8F%E3%81%84%E5%90%88%E3%82%8F%E3%81%9B%20%E5%8D%B8
Feesun,B_英字レーン,日本語シグナルなし→人手/HTTP確認が必要,,,1,ホーム&キッチン,2,0,0,,503,1698,ハンディファン 冷却プレート搭載 携帯扇風機 冷感 手持ち扇風機 3段階風力調節 長時間稼働 ミニファン 熱中症対策 USB充電式 小型 卓上 首掛け ストラッ,B0D3LZ3XHR,https://www.google.com/search?q=Feesun%20%E4%BC%9A%E7%A4%BE%E6%A6%82%E8%A6%81%20%E5%95%8F%E3%81%84%E5%90%88%E3%82%8F%E3%81%9B%20%E5%8D%B8
Lamicall,B_英字レーン,日本語シグナルなし→人手/HTTP確認が必要,Lamicall,,1,スポーツ&アウトドア,2,0,0,,557,1799,Lamicall クイック取付 自転車 スマホ ホルダー : 自転車 携帯ホルダー ロードバイク iphone bike mount 落下防止,B0BN55KY4Z,https://www.google.com/search?q=Lamicall%20%E4%BC%9A%E7%A4%BE%E6%A6%82%E8%A6%81%20%E5%95%8F%E3%81%84%E5%90%88%E3%82%8F%E3%81%9B%20%E5%8D%B8
HARU,B_英字レーン,日本語シグナルなし→人手/HTTP確認が必要,,,1,ホーム&キッチン,2,0,0,,95,1780,包丁 マグネット 磁石 包丁スタンド 包丁立て ナイフスタンド マグネット ナイフラック ステンレス 強粘着テープ 壁掛け式 キッチンツール 簡単装着 (30M,B07TS61PD1,https://www.google.com/search?q=HARU%20%E4%BC%9A%E7%A4%BE%E6%A6%82%E8%A6%81%20%E5%95%8F%E3%81%84%E5%90%88%E3%82%8F%E3%81%9B%20%E5%8D%B8
Cryfokt,B_英字レーン,日本語シグナルなし→人手/HTTP確認が必要,Cryfokt,,1,産業・研究開発用品,2,0,0,,53,1615,バスバー、2 個スタッド配電ブロック 4 端子簡単取り付け M8,B0D5PHBCT6,https://www.google.com/search?q=Cryfokt%20%E4%BC%9A%E7%A4%BE%E6%A6%82%E8%A6%81%20%E5%95%8F%E3%81%84%E5%90%88%E3%82%8F%E3%81%9B%20%E5%8D%B8
IAPOS,B_英字レーン,日本語シグナルなし→人手/HTTP確認が必要,,,1,家電&カメラ,2,0,0,,595,2499,モバイルバッテリー 大容量 【40000mAh大容量 ・薄さ2.84cm】IAPOS モバイルバッテリー 急速充電 22.5W/20W対応 3台同時充電可能 最,B0FYFNGHGY,https://www.google.com/search?q=IAPOS%20%E4%BC%9A%E7%A4%BE%E6%A6%82%E8%A6%81%20%E5%95%8F%E3%81%84%E5%90%88%E3%82%8F%E3%81%9B%20%E5%8D%B8
Gillmar,B_英字レーン,日本語シグナルなし→人手/HTTP確認が必要,Gillmar,,1,家電&カメラ,2,0,0,,1309,2944,ボイスレコーダー 小型 ICレコーダー 長時間録音 32GB大容量 1536kbps音質 42時間連続使用 コンパクト 録音機 ワンボタン録音 液晶画面 ヴォイ,B0BKLCFT92,https://www.google.com/search?q=Gillmar%20%E4%BC%9A%E7%A4%BE%E6%A6%82%E8%A6%81%20%E5%95%8F%E3%81%84%E5%90%88%E3%82%8F%E3%81%9B%20%E5%8D%B8
IKUNTOP,B_英字レーン,日本語シグナルなし→人手/HTTP確認が必要,IKUNTOP,,1,家電&カメラ,2,0,0,,877,3503,モバイルバッテリー 小型 6800mAh MFi認証 【新登場 & タイプCコネクター内蔵】 携帯バッテリー 軽量 2台同時充電,B0FRFPH1GL,https://www.google.com/search?q=IKUNTOP%20%E4%BC%9A%E7%A4%BE%E6%A6%82%E8%A6%81%20%E5%95%8F%E3%81%84%E5%90%88%E3%82%8F%E3%81%9B%20%E5%8D%B8
Eynew,B_英字レーン,日本語シグナルなし→人手/HTTP確認が必要,Eynew,,1,家電&カメラ,3,0,0,,436,4599,イヤホン bluetooth 片耳3.9g 超軽量 コンパクト設計 【2026 声の新時代が登場】ワイヤレスイヤホン,B0GH6TRKH8,https://www.google.com/search?q=Eynew%20%E4%BC%9A%E7%A4%BE%E6%A6%82%E8%A6%81%20%E5%95%8F%E3%81%84%E5%90%88%E3%82%8F%E3%81%9B%20%E5%8D%B8
zonzon,B_英字レーン,日本語シグナルなし→人手/HTTP確認が必要,zonzon,,1,家電&カメラ,2,1,0,,1983,4979,ソーラーモバイルバッテリー 22.5W/PD18W 61200mAh 急速充電 手回し充電 ソーラーチャージャー 防災士監修,B0DXF8SDF8,https://www.google.com/search?q=zonzon%20%E4%BC%9A%E7%A4%BE%E6%A6%82%E8%A6%81%20%E5%95%8F%E3%81%84%E5%90%88%E3%82%8F%E3%81%9B%20%E5%8D%B8
Dreemstar,B_英字レーン,日本語シグナルなし→人手/HTTP確認が必要,Dreemstar,,1,ホーム&キッチン,3,0,0,,2537,5670,【2026新設計&一台多役】腰枕 クッション 腰・背中・首・肩・太もも・ふくらはぎ コードレス 双方向回転 3段階強度調節 温熱機能 3Dヘッド 静音 10分自,B0GHM2G79S,https://www.google.com/search?q=Dreemstar%20%E4%BC%9A%E7%A4%BE%E6%A6%82%E8%A6%81%20%E5%95%8F%E3%81%84%E5%90%88%E3%82%8F%E3%81%9B%20%E5%8D%B8
Tecaki,B_英字レーン,日本語シグナルなし→人手/HTTP確認が必要,Tecaki,,1,家電&カメラ,2,0,0,,4277,7218,Tecaki 新型プロジェクター 家庭用【Android TV搭載・電動フォーカス・超小型】270°回転 4K対応 Native1080P 真の25000LM ,B0FT3L7N3W,https://www.google.com/search?q=Tecaki%20%E4%BC%9A%E7%A4%BE%E6%A6%82%E8%A6%81%20%E5%95%8F%E3%81%84%E5%90%88%E3%82%8F%E3%81%9B%20%E5%8D%B8
KJK,B_英字レーン,日本語シグナルなし→人手/HTTP確認が必要,KJK,,1,家電&カメラ,6,0,0,,4157,7127,KJK トレイルカメラ 防犯カメラ 野生動物監視カメラ 小型 2.7K 動画 3600万画素 赤外線暗視 PIR人感センサー 超高速トリガー IP66防水防塵 ,B0CB3Y1C5J,https://www.google.com/search?q=KJK%20%E4%BC%9A%E7%A4%BE%E6%A6%82%E8%A6%81%20%E5%95%8F%E3%81%84%E5%90%88%E3%82%8F%E3%81%9B%20%E5%8D%B8
COOLERPLUS,B_英字レーン,日本語シグナルなし→人手/HTTP確認が必要,,,1,パソコン・周辺機器,4,3,0,,3853,7690,【純正品３色セット】エプソン 大容量インクカートリッジ (マウス) IB07B 3色セット (IB07CB IB07MB IB07YB),B098N8ZGJV,https://www.google.com/search?q=COOLERPLUS%20%E4%BC%9A%E7%A4%BE%E6%A6%82%E8%A6%81%20%E5%95%8F%E3%81%84%E5%90%88%E3%82%8F%E3%81%9B%20%E5%8D%B8
Magcubic,B_英字レーン,日本語シグナルなし→人手/HTTP確認が必要,Magcubic,,1,家電&カメラ,2,0,0,,3983,7549,Magcubic プロジェクター 家庭用 小型 天井投影 Android 14搭載 4K対応 360°HIFI 立体スピーカー,B0FVLZ7YCP,https://www.google.com/search?q=Magcubic%20%E4%BC%9A%E7%A4%BE%E6%A6%82%E8%A6%81%20%E5%95%8F%E3%81%84%E5%90%88%E3%82%8F%E3%81%9B%20%E5%8D%B8
Goal Zero,B_英字レーン,日本語シグナルなし→人手/HTTP確認が必要,GOAL ZERO,,1,スポーツ&アウトドア,6,1,0,,2241,7580,Goal Zero LEDランタン ライトハウス マイクロフラッシュ 防災用品 USB充電式 LED ミニランタン 防災用品 150ルーメン 防水 軽量 小型 ,B01IQXDTGY,https://www.google.com/search?q=Goal%20Zero%20%E4%BC%9A%E7%A4%BE%E6%A6%82%E8%A6%81%20%E5%95%8F%E3%81%84%E5%90%88%E3%82%8F%E3%81%9B%20%E5%8D%B8
B3 BIGTHREE,B_英字レーン,日本語シグナルなし→人手/HTTP確認が必要,B3 BIGTHREE,,1,パソコン・周辺機器,4,1,0,,4010,7869,USB C ハブ 6-in-1 マルチポートアダプター、4K@60Hz HDMI、100W PD、2 つの USB-A データポート、SD/TF カードリーダー,B09QM99ZTV,https://www.google.com/search?q=B3%20BIGTHREE%20%E4%BC%9A%E7%A4%BE%E6%A6%82%E8%A6%81%20%E5%95%8F%E3%81%84%E5%90%88%E3%82%8F%E3%81%9B%20%E5%8D%B8
Derila,B_英字レーン,日本語シグナルなし→人手/HTTP確認が必要,Derila,,1,ホーム&キッチン,6,0,0,,3326,9400,Derila Ergo 頚椎ネックピロー 睡眠用枕 輪郭形状記憶フォーム枕 背中用 横向き寝枕 54 x 36 x 12 cm,B0F3NTQCYP,https://www.google.com/search?q=Derila%20%E4%BC%9A%E7%A4%BE%E6%A6%82%E8%A6%81%20%E5%95%8F%E3%81%84%E5%90%88%E3%82%8F%E3%81%9B%20%E5%8D%B8
Yuuscc,B_英字レーン,日本語シグナルなし→人手/HTTP確認が必要,Yuuscc,,1,ホーム&キッチン,2,0,0,,5602,10442,掃除機 コードレス 2027年先行発売！36000Kpa超強力吸引 同クラス最軽量 2in1充電＆収納スタンド自走式自立式緑LEDライト65分連続稼働,B0G6JYKJVX,https://www.google.com/search?q=Yuuscc%20%E4%BC%9A%E7%A4%BE%E6%A6%82%E8%A6%81%20%E5%95%8F%E3%81%84%E5%90%88%E3%82%8F%E3%81%9B%20%E5%8D%B8
BMSE,B_英字レーン,日本語シグナルなし→人手/HTTP確認が必要,BMSE,,1,パソコン・周辺機器,2,2,0,,6823,10998,【タブレット 8インチ】-Android16 強化版 Wi-Fi6 モデル タブレット、24GB+64GB+2TB拡張、2.0GHz高速CPU搭載 、Wi-Fi,B0GF1SV4ZH,https://www.google.com/search?q=BMSE%20%E4%BC%9A%E7%A4%BE%E6%A6%82%E8%A6%81%20%E5%95%8F%E3%81%84%E5%90%88%E3%82%8F%E3%81%9B%20%E5%8D%B8
Google,B_英字レーン,日本語シグナルなし→人手/HTTP確認が必要,Google,,1,家電&カメラ,6,1,0,,5664,10687,Google Chromecast 正規品 第三世代 2K対応 チャコール GA00439-JP,B07JGP3VC7,https://www.google.com/search?q=Google%20%E4%BC%9A%E7%A4%BE%E6%A6%82%E8%A6%81%20%E5%95%8F%E3%81%84%E5%90%88%E3%82%8F%E3%81%9B%20%E5%8D%B8
HANMATEK,B_英字レーン,日本語シグナルなし→人手/HTTP確認が必要,,,1,DIY・工具・ガーデン,2,0,0,,4924,11294,下地探し 壁うらセンサー,B0BNDKMJXQ,https://www.google.com/search?q=HANMATEK%20%E4%BC%9A%E7%A4%BE%E6%A6%82%E8%A6%81%20%E5%95%8F%E3%81%84%E5%90%88%E3%82%8F%E3%81%9B%20%E5%8D%B8
BMAXPAD,B_英字レーン,日本語シグナルなし→人手/HTTP確認が必要,BMAXPAD,,1,パソコン・周辺機器,3,3,0,,6889,12999,【2026新登場 Android 16 タブレット 10インチ強化版】タブレット 10インチ wi-fiモデル 8コアCPU 24GB RAM+64GB ROM,B0G5PQD5MK,https://www.google.com/search?q=BMAXPAD%20%E4%BC%9A%E7%A4%BE%E6%A6%82%E8%A6%81%20%E5%95%8F%E3%81%84%E5%90%88%E3%82%8F%E3%81%9B%20%E5%8D%B8
Spopal,B_英字レーン,日本語シグナルなし→人手/HTTP確認が必要,Spopal,,1,スポーツ&アウトドア,5,0,0,,6889,12927,Spopal キャンプ用ポータブルシャワー [長持ち] 6000mAh 充電式キャンプシャワー インテリジェントLEDディスプレイ付き 4つのスプレーモード I,B0D6RJ42M2,https://www.google.com/search?q=Spopal%20%E4%BC%9A%E7%A4%BE%E6%A6%82%E8%A6%81%20%E5%95%8F%E3%81%84%E5%90%88%E3%82%8F%E3%81%9B%20%E5%8D%B8
Braun,B_英字レーン,日本語シグナルなし→人手/HTTP確認が必要,P&G,,1,ホーム&キッチン,6,2,0,,5221,12870,ブラウン シリーズ９ ヒゲトリマー バリカン BT9560 バリカン使用可 コーム４種 アタッチメント3種 ヒゲ形テンプレート 充電スタンド ポーチ 携帯用ケー,B0F2H36SZB,https://www.google.com/search?q=Braun%20%E4%BC%9A%E7%A4%BE%E6%A6%82%E8%A6%81%20%E5%95%8F%E3%81%84%E5%90%88%E3%82%8F%E3%81%9B%20%E5%8D%B8
TTJJ,B_英字レーン,日本語シグナルなし→人手/HTTP確認が必要,,,1,大型家電,3,0,0,,6282,12234,冷蔵庫ミニ冷蔵庫薬の冷蔵容量30リットル省エネ 静音 ポータブル 化粧品 保温・保冷庫 小型冷蔵庫 ミニ飲料クーラーワインクーラー飲料と飲料ビールソーダ冷蔵庫透,B0B3JCJRM2,https://www.google.com/search?q=TTJJ%20%E4%BC%9A%E7%A4%BE%E6%A6%82%E8%A6%81%20%E5%95%8F%E3%81%84%E5%90%88%E3%82%8F%E3%81%9B%20%E5%8D%B8
OTTOCAST,B_英字レーン,日本語シグナルなし→人手/HTTP確認が必要,OTTOCAST,,1,車&バイク,2,0,0,,7645,13998,【正規品】オットキャスト ミラータッチ OTTOCAST Mirror Touch オット キャストミラーリング ワイヤレスCarPlayアダプター ワイヤレス,B0FBLY7BZ3,https://www.google.com/search?q=OTTOCAST%20%E4%BC%9A%E7%A4%BE%E6%A6%82%E8%A6%81%20%E5%95%8F%E3%81%84%E5%90%88%E3%82%8F%E3%81%9B%20%E5%8D%B8
LONPOO,B_英字レーン,日本語シグナルなし→人手/HTTP確認が必要,longping,,1,家電&カメラ,2,0,0,,8646,14669,LONPOO DVDプレーヤー リージョンフリー HDMI/AV出力1080P CPRM再生可能 USB2.0入力 カラオケ用マイクジャック LEDディスプレイ,B0779PBD4P,https://www.google.com/search?q=LONPOO%20%E4%BC%9A%E7%A4%BE%E6%A6%82%E8%A6%81%20%E5%95%8F%E3%81%84%E5%90%88%E3%82%8F%E3%81%9B%20%E5%8D%B8
HP,B_英字レーン,日本語シグナルなし→人手/HTTP確認が必要,HPE ISS BTO,,1,パソコン・周辺機器,5,1,0,,10149,15685,HP ISS 658071-B21 500GB 6G SATA 7.2K rpm LFF G8（認定整備済み）,B07HFJJPZF,https://www.google.com/search?q=HP%20%E4%BC%9A%E7%A4%BE%E6%A6%82%E8%A6%81%20%E5%95%8F%E3%81%84%E5%90%88%E3%82%8F%E3%81%9B%20%E5%8D%B8
Semtyait,B_英字レーン,日本語シグナルなし→人手/HTTP確認が必要,Semtiyait,,1,DIY・工具・ガーデン,4,1,0,,9859,17096,ブロワー 強力 洗車 Semtyait 【プロ監修・2600g超強推力・245m/s究極の爆風】ぶろわー 電動エアダスター 充電式 軽量小型ブロアー,B0FWCLW3T7,https://www.google.com/search?q=Semtyait%20%E4%BC%9A%E7%A4%BE%E6%A6%82%E8%A6%81%20%E5%95%8F%E3%81%84%E5%90%88%E3%82%8F%E3%81%9B%20%E5%8D%B8
BIUBLE,B_英字レーン,日本語シグナルなし→人手/HTTP確認が必要,BIUBLE,,1,車&バイク,4,0,0,,6667,17034,BIUBLE Jump Starter Car Jump Starter Auto Battery Booster Pack 4000A Peak 12V wi,B08GYFP5JK,https://www.google.com/search?q=BIUBLE%20%E4%BC%9A%E7%A4%BE%E6%A6%82%E8%A6%81%20%E5%95%8F%E3%81%84%E5%90%88%E3%82%8F%E3%81%9B%20%E5%8D%B8
KingSpec,B_英字レーン,日本語シグナルなし→人手/HTTP確認が必要,kingspec,,1,パソコン・周辺機器,5,0,0,,6225,19971,KingSpec OneBoom SSD 512GB 2.5インチ SATA3 内蔵SSD 最大読込550MB/s 3D NAND SATA SSD,B0FDG4VWCT,https://www.google.com/search?q=KingSpec%20%E4%BC%9A%E7%A4%BE%E6%A6%82%E8%A6%81%20%E5%95%8F%E3%81%84%E5%90%88%E3%82%8F%E3%81%9B%20%E5%8D%B8
C&G,B_英字レーン,日本語シグナルなし→人手/HTTP確認が必要,,,1,スポーツ&アウトドア,2,1,0,,226,1744,C&G キネシオロジーテープ 37.5mm × 5m 8巻入 伸縮 膝 足首 手首 指,B0915WDFQF,https://www.google.com/search?q=C%26G%20%E4%BC%9A%E7%A4%BE%E6%A6%82%E8%A6%81%20%E5%95%8F%E3%81%84%E5%90%88%E3%82%8F%E3%81%9B%20%E5%8D%B8
La Tromba,B_英字レーン,日本語シグナルなし→人手/HTTP確認が必要,LA TROMBA,,1,楽器・音響機器,6,3,0,,597,1990,LA TROMBA AG / T2 バルブオイル ラ トロンバ,B00KLVX4OW,https://www.google.com/search?q=La%20Tromba%20%E4%BC%9A%E7%A4%BE%E6%A6%82%E8%A6%81%20%E5%95%8F%E3%81%84%E5%90%88%E3%82%8F%E3%81%9B%20%E5%8D%B8
iFLEX,B_英字レーン,日本語シグナルなし→人手/HTTP確認が必要,iFLEX,,1,家電&カメラ,2,1,0,,432,1780,iFLEX スマホスタンド 変形自在 汎用性 シリコン フライト ホルダー ブラック 標準,B082BFQXDC,https://www.google.com/search?q=iFLEX%20%E4%BC%9A%E7%A4%BE%E6%A6%82%E8%A6%81%20%E5%95%8F%E3%81%84%E5%90%88%E3%82%8F%E3%81%9B%20%E5%8D%B8
TABITUS+,B_英字レーン,日本語シグナルなし→人手/HTTP確認が必要,TABITUS+,,1,ファッション,2,0,0,,1305,3380,[TABITUS/タビタス] ワンツーフィニッシュ ハンガーケース NEW JALUX ネイビー…,B07CNCTB6R,https://www.google.com/search?q=TABITUS%2B%20%E4%BC%9A%E7%A4%BE%E6%A6%82%E8%A6%81%20%E5%95%8F%E3%81%84%E5%90%88%E3%82%8F%E3%81%9B%20%E5%8D%B8
TP-Link,B_英字レーン,日本語シグナルなし→人手/HTTP確認が必要,TP-Link,,1,パソコン・周辺機器,2,1,0,,979,3240,TP-Link WiFi 無線LAN 中継器 11ac AC750 433+300Mbps 11ac対応 デュアルバンド OneMesh 対応 iphone13,B01FLJDZPQ,https://www.google.com/search?q=TP-Link%20%E4%BC%9A%E7%A4%BE%E6%A6%82%E8%A6%81%20%E5%95%8F%E3%81%84%E5%90%88%E3%82%8F%E3%81%9B%20%E5%8D%B8
BAL,B_英字レーン,日本語シグナルなし→人手/HTTP確認が必要,BAL,,1,車&バイク,3,0,0,,736,4047,BAL(大橋産業) 空気入れ 自動車 自転車用空気入れ 高圧フットポンプ シングルシリンダー イエロー No.1925,B08G898L3P,https://www.google.com/search?q=BAL%20%E4%BC%9A%E7%A4%BE%E6%A6%82%E8%A6%81%20%E5%95%8F%E3%81%84%E5%90%88%E3%82%8F%E3%81%9B%20%E5%8D%B8
Mt.SUMI,B_英字レーン,日本語シグナルなし→人手/HTTP確認が必要,Mt.SUMI,,1,スポーツ&アウトドア,6,1,0,,1646,4290,[ Mt.SUMI (マウントスミ)] パーフェクトグリル マイクロ (レクタ) / bbq 折り畳み コンパクト ポケットサイズ,B0F2LRKWCL,https://www.google.com/search?q=Mt.SUMI%20%E4%BC%9A%E7%A4%BE%E6%A6%82%E8%A6%81%20%E5%95%8F%E3%81%84%E5%90%88%E3%82%8F%E3%81%9B%20%E5%8D%B8
hololive OFFICIAL CARD GAME,B_英字レーン,日本語シグナルなし→人手/HTTP確認が必要,hololive,,1,おもちゃ,3,1,0,,2800,5280,hololive OFFICIAL CARD GAME ブースターパック「キュリアスユニバース」（BOX：12パック入り）,B0GJRZV9MJ,https://www.google.com/search?q=hololive%20OFFICIAL%20CARD%20GAME%20%E4%BC%9A%E7%A4%BE%E6%A6%82%E8%A6%81%20%E5%95%8F%E3%81%84%E5%90%88%E3%82%8F%E3%81%9B%20%E5%8D%B8
ZTCUIK,B_英字レーン,日本語シグナルなし→人手/HTTP確認が必要,ZTCUIK,,1,家電&カメラ,2,1,0,,2943,6279,ZTCUIK 小型カメラ 隠しカメラ スパイカメラ 監視カメラ小型 超小型カメラ 19g軽量 防犯カメラ小型 1080P広角 ループ録画 日時セット USBメモ,B0DWWSBPWM,https://www.google.com/search?q=ZTCUIK%20%E4%BC%9A%E7%A4%BE%E6%A6%82%E8%A6%81%20%E5%95%8F%E3%81%84%E5%90%88%E3%82%8F%E3%81%9B%20%E5%8D%B8
LG,B_英字レーン,日本語シグナルなし→人手/HTTP確認が必要,LG,,1,家電&カメラ,2,0,0,,3286,6600,【LG公式】マジックリモコン 2021発売 LG TV 対応MR21GB,B094VVNNGY,https://www.google.com/search?q=LG%20%E4%BC%9A%E7%A4%BE%E6%A6%82%E8%A6%81%20%E5%95%8F%E3%81%84%E5%90%88%E3%82%8F%E3%81%9B%20%E5%8D%B8
GEMBLO COMPANY,B_英字レーン,日本語シグナルなし→人手/HTTP確認が必要,GEMLO COMPANY,,1,おもちゃ,6,0,0,,929,6900,TCG 勝利の女神:NIKKE NIVEL ARENA ニベルアリーナ ブースターパック BT02 ザ・キングダム BOX 日本語版,B0G4G5VZMN,https://www.google.com/search?q=GEMBLO%20COMPANY%20%E4%BC%9A%E7%A4%BE%E6%A6%82%E8%A6%81%20%E5%95%8F%E3%81%84%E5%90%88%E3%82%8F%E3%81%9B%20%E5%8D%B8
SAVOX,B_英字レーン,日本語シグナルなし→人手/HTTP確認が必要,SAVOX,,1,おもちゃ,5,0,0,,4161,7480,SAVOX SC-1251MG PLUS 高速・コアレス デジタルサーボ,B09Y1TTY71,https://www.google.com/search?q=SAVOX%20%E4%BC%9A%E7%A4%BE%E6%A6%82%E8%A6%81%20%E5%95%8F%E3%81%84%E5%90%88%E3%82%8F%E3%81%9B%20%E5%8D%B8
MINTGAMES,B_英字レーン,日本語シグナルなし→人手/HTTP確認が必要,GEMBLO COMPANY,,1,おもちゃ,4,1,0,,1937,7500,TCG「勝利の女神:NIKKE」NIVEL ARENA ブースターパック BT01 エンカウンター(日本語版・正規輸入)プロモパック１パック付き,B0FXWKPK2P,https://www.google.com/search?q=MINTGAMES%20%E4%BC%9A%E7%A4%BE%E6%A6%82%E8%A6%81%20%E5%95%8F%E3%81%84%E5%90%88%E3%82%8F%E3%81%9B%20%E5%8D%B8
EJD,B_英字レーン,日本語シグナルなし→人手/HTTP確認が必要,EJD,,1,ホーム&キッチン,2,0,0,,4872,9999,掃除機 コードレス【業界随一！2026年衝撃的デビュー！45000KPa圧倒的吸引力・全体性能アップ】EJD53 ブラシレスモーター コードレス掃除機 一人暮ら,B0FW4RVXCF,https://www.google.com/search?q=EJD%20%E4%BC%9A%E7%A4%BE%E6%A6%82%E8%A6%81%20%E5%95%8F%E3%81%84%E5%90%88%E3%82%8F%E3%81%9B%20%E5%8D%B8
Franklin Sensors,B_英字レーン,日本語シグナルなし→人手/HTTP確認が必要,Franklin Sensors,,1,DIY・工具・ガーデン,2,0,0,,5366,10980,【活電線メーター搭載】 下地センサー 米国特許 プロ用 壁裏センサー Franklin 下地探し 【国内正規品/取説付】 ProSensor M210,B0917VXLDK,https://www.google.com/search?q=Franklin%20Sensors%20%E4%BC%9A%E7%A4%BE%E6%A6%82%E8%A6%81%20%E5%95%8F%E3%81%84%E5%90%88%E3%82%8F%E3%81%9B%20%E5%8D%B8
Teenage Engineering,B_英字レーン,日本語シグナルなし→人手/HTTP確認が必要,Teenage Engineering,,1,楽器・音響機器,3,1,0,,7802,13090,Teenage Engineering PO-33 ko ポケットシンセサイザー ポータブル 音楽制作,B079CDC882,https://www.google.com/search?q=Teenage%20Engineering%20%E4%BC%9A%E7%A4%BE%E6%A6%82%E8%A6%81%20%E5%95%8F%E3%81%84%E5%90%88%E3%82%8F%E3%81%9B%20%E5%8D%B8
Hi-Spec,B_英字レーン,日本語シグナルなし→人手/HTTP確認が必要,,,1,DIY・工具・ガーデン,5,0,0,,1264,14884,Hi-Spec HSS チタンコーティング ドリルビットセット 1～10mm DIY用,B07VPHN7MB,https://www.google.com/search?q=Hi-Spec%20%E4%BC%9A%E7%A4%BE%E6%A6%82%E8%A6%81%20%E5%95%8F%E3%81%84%E5%90%88%E3%82%8F%E3%81%9B%20%E5%8D%B8
arboleaf,B_英字レーン,日本語シグナルなし→人手/HTTP確認が必要,Sattie,,1,ホーム&キッチン,5,1,0,,7449,14016,"Arboleaf Scale for Body Weight, Smart Weight Scale with BMI, Body Fat, Muscle Ma",B0CJBT9XGK,https://www.google.com/search?q=arboleaf%20%E4%BC%9A%E7%A4%BE%E6%A6%82%E8%A6%81%20%E5%95%8F%E3%81%84%E5%90%88%E3%82%8F%E3%81%9B%20%E5%8D%B8
Lemorele,B_英字レーン,日本語シグナルなし→人手/HTTP確認が必要,Lemorele,,1,パソコン・周辺機器,4,1,0,,5814,14052,"Lemorele HDMI to USB C Adapter, USB C HDMI Adapter with 4K@30Hz Video for Nreal ",B0BXNJWMBK,https://www.google.com/search?q=Lemorele%20%E4%BC%9A%E7%A4%BE%E6%A6%82%E8%A6%81%20%E5%95%8F%E3%81%84%E5%90%88%E3%82%8F%E3%81%9B%20%E5%8D%B8
LEWITT,B_英字レーン,日本語シグナルなし→人手/HTTP確認が必要,LEWITT,,1,楽器・音響機器,4,2,0,,8830,15789,LEWITT LCT 240 PRO BLACK コンデンサーマイク 配信 ストリーマー ポッドキャスト DTM レコーディング【国内正規品】,B071NXWTX9,https://www.google.com/search?q=LEWITT%20%E4%BC%9A%E7%A4%BE%E6%A6%82%E8%A6%81%20%E5%95%8F%E3%81%84%E5%90%88%E3%82%8F%E3%81%9B%20%E5%8D%B8
MIHAMA,B_英字レーン,日本語シグナルなし→人手/HTTP確認が必要,MIHAMA,,1,ホーム&キッチン,3,0,0,,8778,15200,MIHAMA R32 3.7kg 新冷媒 ﾌﾛﾝｶﾞｽ NRC容器入り,B01HEDG6UI,https://www.google.com/search?q=MIHAMA%20%E4%BC%9A%E7%A4%BE%E6%A6%82%E8%A6%81%20%E5%95%8F%E3%81%84%E5%90%88%E3%82%8F%E3%81%9B%20%E5%8D%B8
Wantek,B_英字レーン,日本語シグナルなし→人手/HTTP確認が必要,Wantek,,1,パソコン・周辺機器,4,0,0,,3843,17401,3.5mm PCヘッドセットマイク付きそして通話コントロール、携帯電話ヘッドホン用コンピュータSkypeビジネスソフトフォンコールセンターオフィス、クリスタルク,B07CYNCHN5,https://www.google.com/search?q=Wantek%20%E4%BC%9A%E7%A4%BE%E6%A6%82%E8%A6%81%20%E5%95%8F%E3%81%84%E5%90%88%E3%82%8F%E3%81%9B%20%E5%8D%B8
Seesii,B_英字レーン,日本語シグナルなし→人手/HTTP確認が必要,SEESII,,1,DIY・工具・ガーデン,2,0,0,,8992,17637,SEESII 電動チェーンソー 充電式 電動剪定ばさみ 手持ち 庭木 剪定 伐採 ミニチェーンソー コードレス 給油システム 在庫切れ (16インチ),B0CNYQBJZR,https://www.google.com/search?q=Seesii%20%E4%BC%9A%E7%A4%BE%E6%A6%82%E8%A6%81%20%E5%95%8F%E3%81%84%E5%90%88%E3%82%8F%E3%81%9B%20%E5%8D%B8
21Technology,B_英字レーン,日本語シグナルなし→人手/HTTP確認が必要,21technology,,1,スポーツ&アウトドア,2,0,0,,10493,17820,21Technology 折りたたみママチャリ (26インチ) 自転車 シティサイクル ママチャリ 折畳 6段ギヤ付き 街乗り 通勤 通学 MC266（パールホ,B00I4IWED6,https://www.google.com/search?q=21Technology%20%E4%BC%9A%E7%A4%BE%E6%A6%82%E8%A6%81%20%E5%95%8F%E3%81%84%E5%90%88%E3%82%8F%E3%81%9B%20%E5%8D%B8
anoutway,B_英字レーン,日本語シグナルなし→人手/HTTP確認が必要,anoutway,,1,スポーツ&アウトドア,5,1,0,,4988,18169,anoutway 自転車 空気入れ 150PSI 電動ポンプ 携帯ポンプ 小型 電動空気入れ 全バルブ対応(米式仏式英—式）AT1,B0CZ8CN81G,https://www.google.com/search?q=anoutway%20%E4%BC%9A%E7%A4%BE%E6%A6%82%E8%A6%81%20%E5%95%8F%E3%81%84%E5%90%88%E3%82%8F%E3%81%9B%20%E5%8D%B8
Focusrite,B_英字レーン,日本語シグナルなし→人手/HTTP確認が必要,FOCUSRITE,,1,楽器・音響機器,6,0,0,,8296,19700,Focusrite フォーカスライト オーディオインターフェース 2イン/2アウト 24bit/192kHz Scarlett Solo (3rd Gen) 【,B07QR6Z1JB,https://www.google.com/search?q=Focusrite%20%E4%BC%9A%E7%A4%BE%E6%A6%82%E8%A6%81%20%E5%95%8F%E3%81%84%E5%90%88%E3%82%8F%E3%81%9B%20%E5%8D%B8
Amigo Spiel + Freizeit,B_英字レーン,日本語シグナルなし→人手/HTTP確認が必要,,,1,おもちゃ,6,0,0,,357,1760,虹色のヘビ (Regenbogen schlange) 日本語版 カードゲーム,B008P6BESS,https://www.google.com/search?q=Amigo%20Spiel%20%2B%20Freizeit%20%E4%BC%9A%E7%A4%BE%E6%A6%82%E8%A6%81%20%E5%95%8F%E3%81%84%E5%90%88%E3%82%8F%E3%81%9B%20%E5%8D%B8
pa-man,B_英字レーン,日本語シグナルなし→人手/HTTP確認が必要,,,1,産業・研究開発用品,5,1,0,,598,2200,pa-man ゴリラテープ シルバー 48×0.43mm 11m 強力防水(水中OK) 屋内外 耐熱・超耐久 マルチ用途 補修,B0B23Z1FQ1,https://www.google.com/search?q=pa-man%20%E4%BC%9A%E7%A4%BE%E6%A6%82%E8%A6%81%20%E5%95%8F%E3%81%84%E5%90%88%E3%82%8F%E3%81%9B%20%E5%8D%B8
SCM Microsystems,B_英字レーン,日本語シグナルなし→人手/HTTP確認が必要,SCM Microsystems,,1,パソコン・周辺機器,3,2,0,,1161,2700,SCM ICカードリーダー/ライター B-CAS・住基カード対応 usb対応 SCR3310/v2.0,B0085H4YZC,https://www.google.com/search?q=SCM%20Microsystems%20%E4%BC%9A%E7%A4%BE%E6%A6%82%E8%A6%81%20%E5%95%8F%E3%81%84%E5%90%88%E3%82%8F%E3%81%9B%20%E5%8D%B8
MAXZIQF,B_英字レーン,日本語シグナルなし→人手/HTTP確認が必要,YAZAKI,,1,DIY・工具・ガーデン,2,0,0,,859,3030,LPガス ガス漏れ センサー 省電力 防災 YAZAKI 警報器 YF-005N 警報機,B019SPQVAU,https://www.google.com/search?q=MAXZIQF%20%E4%BC%9A%E7%A4%BE%E6%A6%82%E8%A6%81%20%E5%95%8F%E3%81%84%E5%90%88%E3%82%8F%E3%81%9B%20%E5%8D%B8
138OnlineShop,B_英字レーン,日本語シグナルなし→人手/HTTP確認が必要,,,1,車&バイク,2,0,0,,1033,3100,138OnlineShop NGK スパークプラグ 品番 CR9E 6263 ネジ型 x4本セット エヌジーケー 日本特殊陶業★4X-1513,B0769JHP3N,https://www.google.com/search?q=138OnlineShop%20%E4%BC%9A%E7%A4%BE%E6%A6%82%E8%A6%81%20%E5%95%8F%E3%81%84%E5%90%88%E3%82%8F%E3%81%9B%20%E5%8D%B8
KYG,B_英字レーン,日本語シグナルなし→人手/HTTP確認が必要,,,1,ペット用品,2,0,0,,1061,4099,KYG ペット用 ドライブシート 汎用版 全車種 可視メッシュ窓 飛び出し防止リード付き 135x45x45cm ブラック,B0B3CQ73SD,https://www.google.com/search?q=KYG%20%E4%BC%9A%E7%A4%BE%E6%A6%82%E8%A6%81%20%E5%95%8F%E3%81%84%E5%90%88%E3%82%8F%E3%81%9B%20%E5%8D%B8
VentaPak,B_英字レーン,日本語シグナルなし→人手/HTTP確認が必要,VentaPak,,1,ファッション,2,0,0,,1222,4280,[VentaPak] リュックサック メッシュ スペーサー 背中 蒸れ 涼しい 暑さ 汗対策 (M),B0B5Z9F79S,https://www.google.com/search?q=VentaPak%20%E4%BC%9A%E7%A4%BE%E6%A6%82%E8%A6%81%20%E5%95%8F%E3%81%84%E5%90%88%E3%82%8F%E3%81%9B%20%E5%8D%B8
DEXION,B_英字レーン,日本語シグナルなし→人手/HTTP確認が必要,DEXION,,1,家電&カメラ,2,0,0,,2690,4599,ペン型カメラ ボールペン型 ビデオカメラ 防犯カメラ 長時間録画録音 静止画撮影 上書き録画機能搭載 61°広角 128GBメモリー対応 録画時ランプ非点灯 フ,B0CH11HQR9,https://www.google.com/search?q=DEXION%20%E4%BC%9A%E7%A4%BE%E6%A6%82%E8%A6%81%20%E5%95%8F%E3%81%84%E5%90%88%E3%82%8F%E3%81%9B%20%E5%8D%B8
NOE,B_英字レーン,日本語シグナルなし→人手/HTTP確認が必要,NOE,,1,車&バイク,3,1,0,,1726,4880,スパークプラグ 品番 CR6HSA ストックNo.2983 (10本),B0849QQW9D,https://www.google.com/search?q=NOE%20%E4%BC%9A%E7%A4%BE%E6%A6%82%E8%A6%81%20%E5%95%8F%E3%81%84%E5%90%88%E3%82%8F%E3%81%9B%20%E5%8D%B8
Deltran,B_英字レーン,日本語シグナルなし→人手/HTTP確認が必要,Deltran,,1,車&バイク,5,3,0,,2294,5049,バッテリーテンダー800（リチウムバッテリー対応） ハーレー対応 Deltran Battery Tender フロート充電機能でフル充電を維持【12V用】,B0FBWJX2JY,https://www.google.com/search?q=Deltran%20%E4%BC%9A%E7%A4%BE%E6%A6%82%E8%A6%81%20%E5%95%8F%E3%81%84%E5%90%88%E3%82%8F%E3%81%9B%20%E5%8D%B8
Bit Trade One,B_英字レーン,日本語シグナルなし→人手/HTTP確認が必要,Bit Trade One,,1,パソコン・周辺機器,3,0,0,,2618,5445,BitTradeOne ADUSBCIM USB CABLE CHECKER 2,B07Y8BPVV4,https://www.google.com/search?q=Bit%20Trade%20One%20%E4%BC%9A%E7%A4%BE%E6%A6%82%E8%A6%81%20%E5%95%8F%E3%81%84%E5%90%88%E3%82%8F%E3%81%9B%20%E5%8D%B8
P&S Detailing Products,B_英字レーン,日本語シグナルなし→人手/HTTP確認が必要,P&S Detailing Products,,1,車&バイク,4,0,0,,2815,6350,P&S ブレーキバスター ホイールクリーナー 3.79L Brake Buster Total Wheel Cleaner N2601 洗車 ディテイリング カ,B07RTZBGWX,https://www.google.com/search?q=P%26S%20Detailing%20Products%20%E4%BC%9A%E7%A4%BE%E6%A6%82%E8%A6%81%20%E5%95%8F%E3%81%84%E5%90%88%E3%82%8F%E3%81%9B%20%E5%8D%B8
Everline,B_英字レーン,日本語シグナルなし→人手/HTTP確認が必要,,,1,おもちゃ,2,0,0,,3563,6980,BABYMONSTER - OFFICIAL LIGHT STICK 公式 ペンライト 輸入品 [並行輸入品],B0DMCRQLJL,https://www.google.com/search?q=Everline%20%E4%BC%9A%E7%A4%BE%E6%A6%82%E8%A6%81%20%E5%95%8F%E3%81%84%E5%90%88%E3%82%8F%E3%81%9B%20%E5%8D%B8
SAMSUNG,B_英字レーン,日本語シグナルなし→人手/HTTP確認が必要,Samsung,,1,パソコン・周辺機器,4,2,0,,5021,7880,Samsung 8GB DDR4 2666MHz DIMM PC4-21300 288ピン 1Rx8 1.2v UDIMM デスクトップメモリアップグレード M,B08LR1KDQC,https://www.google.com/search?q=SAMSUNG%20%E4%BC%9A%E7%A4%BE%E6%A6%82%E8%A6%81%20%E5%95%8F%E3%81%84%E5%90%88%E3%82%8F%E3%81%9B%20%E5%8D%B8
Baby Shusher,B_英字レーン,日本語シグナルなし→人手/HTTP確認が必要,Pneo,,1,ベビー&マタニティ,3,0,0,,2262,7899,[ Baby Shusher / ベビーシュシャー ] 寝かしつけ ホワイトノイズマシン 新生児 〜,B00D2JN87I,https://www.google.com/search?q=Baby%20Shusher%20%E4%BC%9A%E7%A4%BE%E6%A6%82%E8%A6%81%20%E5%95%8F%E3%81%84%E5%90%88%E3%82%8F%E3%81%9B%20%E5%8D%B8
EveryDrop by Whirlpool,B_英字レーン,日本語シグナルなし→人手/HTTP確認が必要,Whirlpool,,1,大型家電,5,1,0,,4938,7780,EveryDrop by Whirlpool 冷蔵庫用ウォーターフィルター1（1個入りパック）,B00UXG4WR8,https://www.google.com/search?q=EveryDrop%20by%20Whirlpool%20%E4%BC%9A%E7%A4%BE%E6%A6%82%E8%A6%81%20%E5%95%8F%E3%81%84%E5%90%88%E3%82%8F%E3%81%9B%20%E5%8D%B8
Mill Creek Entertainment,B_英字レーン,日本語シグナルなし→人手/HTTP確認が必要,Ultraman,,1,文房具・オフィス用品,2,0,0,,2984,9800,ウルトラマン コンプリート ブルーレイ 限定スチールブック仕様[Blu-ray リージョンA](輸入版),B07TKNFKKP,https://www.google.com/search?q=Mill%20Creek%20Entertainment%20%E4%BC%9A%E7%A4%BE%E6%A6%82%E8%A6%81%20%E5%95%8F%E3%81%84%E5%90%88%E3%82%8F%E3%81%9B%20%E5%8D%B8
GoveeLife,B_英字レーン,日本語シグナルなし→人手/HTTP確認が必要,GoveeLife,,1,大型家電,2,0,0,,4580,9379,GoveeLife冷凍庫温度計アラーム、冷蔵庫プールタブ用スマートBluetooth温度モニターセンサー、偽造防止付きリモートアプリアラート、接続範囲197フィ,B0CLB3BTSG,https://www.google.com/search?q=GoveeLife%20%E4%BC%9A%E7%A4%BE%E6%A6%82%E8%A6%81%20%E5%95%8F%E3%81%84%E5%90%88%E3%82%8F%E3%81%9B%20%E5%8D%B8
Handeful,B_英字レーン,日本語シグナルなし→人手/HTTP確認が必要,Handeful,,1,スポーツ&アウトドア,2,0,0,,5052,10740,Handeful デジタル握力計 0-90kg 高精度 19人登録 ブルー,B0978P1KGP,https://www.google.com/search?q=Handeful%20%E4%BC%9A%E7%A4%BE%E6%A6%82%E8%A6%81%20%E5%95%8F%E3%81%84%E5%90%88%E3%82%8F%E3%81%9B%20%E5%8D%B8
Nulea,B_英字レーン,日本語シグナルなし→人手/HTTP確認が必要,Nulea,,1,パソコン・周辺機器,6,0,0,,5749,10564,"Wireless Trackball Mouse, Rechargeable Ergonomic Mouse, Easy Thumb Control, Prec",B09HHHDZZG,https://www.google.com/search?q=Nulea%20%E4%BC%9A%E7%A4%BE%E6%A6%82%E8%A6%81%20%E5%95%8F%E3%81%84%E5%90%88%E3%82%8F%E3%81%9B%20%E5%8D%B8
SENPPLE,B_英字レーン,日本語シグナルなし→人手/HTTP確認が必要,SENPPLE,,1,ホーム&キッチン,2,0,0,,8977,15998,業界初 フットケア 足先 太もも ふくらはぎ EMS 空気圧 温熱 6モード ３段階強度 3段階温度 足裏 膝ヒーター機能付 レッグリッラクスサー 立ち仕事、運,B0DC5YT7KF,https://www.google.com/search?q=SENPPLE%20%E4%BC%9A%E7%A4%BE%E6%A6%82%E8%A6%81%20%E5%95%8F%E3%81%84%E5%90%88%E3%82%8F%E3%81%9B%20%E5%8D%B8
Lixno,B_英字レーン,日本語シグナルなし→人手/HTTP確認が必要,,,1,パソコン・周辺機器,2,0,0,,846,1999,【2026年技術改良】PC マイク usb コンデンサーマイク 高感度 無指向性 360°全方向集音 ワンタッチミュート リマインダーライト付き 有線タイプ 小,B0GKX5TXSX,https://www.google.com/search?q=Lixno%20%E4%BC%9A%E7%A4%BE%E6%A6%82%E8%A6%81%20%E5%95%8F%E3%81%84%E5%90%88%E3%82%8F%E3%81%9B%20%E5%8D%B8
Relife,B_英字レーン,日本語シグナルなし→人手/HTTP確認が必要,,,1,ファッション,5,1,0,,354,1719,Relife スクールバッグ ボストンバッグ メーカー品番(1099) ネイビー/グレー,B006YKJY98,https://www.google.com/search?q=Relife%20%E4%BC%9A%E7%A4%BE%E6%A6%82%E8%A6%81%20%E5%95%8F%E3%81%84%E5%90%88%E3%82%8F%E3%81%9B%20%E5%8D%B8
WOOTNBA,B_英字レーン,日本語シグナルなし→人手/HTTP確認が必要,WOOTNBA,,1,家電&カメラ,2,2,0,,643,1699,Bluetooth ヘッドセット 片耳 左右耳兼用 IPX7防水 Bluetooth イヤホン V5.0 片耳 USB充電 270°回転 耳掛け式 片耳 バッテ,B0D5HQJWF8,https://www.google.com/search?q=WOOTNBA%20%E4%BC%9A%E7%A4%BE%E6%A6%82%E8%A6%81%20%E5%95%8F%E3%81%84%E5%90%88%E3%82%8F%E3%81%9B%20%E5%8D%B8
Cardill,B_英字レーン,日本語シグナルなし→人手/HTTP確認が必要,Cardill,,1,家電&カメラ,2,0,0,,442,2499,iPhone 充電器 20W PD 急速充電 [2個セット&MFi/PSE認証済み] Lightningケーブル 2m付き スマホ 電源アダプター 充電器 アイ,B0DZ1WVLF8,https://www.google.com/search?q=Cardill%20%E4%BC%9A%E7%A4%BE%E6%A6%82%E8%A6%81%20%E5%95%8F%E3%81%84%E5%90%88%E3%82%8F%E3%81%9B%20%E5%8D%B8
EQZ,B_英字レーン,日本語シグナルなし→人手/HTTP確認が必要,EQZ,,1,家電&カメラ,2,0,0,,1072,2299,【2026新登場】EQZ 空気伝導イヤホン bluetooth 骨伝導技術の進化 こつでんどう オープンイヤー型イヤホン bluetooth ワイヤレス ぶるー,B0GHKPTMQ2,https://www.google.com/search?q=EQZ%20%E4%BC%9A%E7%A4%BE%E6%A6%82%E8%A6%81%20%E5%95%8F%E3%81%84%E5%90%88%E3%82%8F%E3%81%9B%20%E5%8D%B8
MIFA,B_英字レーン,日本語シグナルなし→人手/HTTP確認が必要,MIFA INNOVATIONS LLC,,1,家電&カメラ,2,0,0,,991,2440,MIFA A1 Bluetoothスピーカー 防水 5W大音量 小型ポータブル 15H連続再生 Type-C充電 TWSワイヤレスステレオ コンパクト,B074TY4JK4,https://www.google.com/search?q=MIFA%20%E4%BC%9A%E7%A4%BE%E6%A6%82%E8%A6%81%20%E5%95%8F%E3%81%84%E5%90%88%E3%82%8F%E3%81%9B%20%E5%8D%B8
SANLIU,B_英字レーン,日本語シグナルなし→人手/HTTP確認が必要,SANLIU,,1,家電&カメラ,2,0,0,,1211,2489,エアタグ カード 【超長持ち＆極薄】2枚セット 紛失防止タグ スマートタグ カード gps 子供 gpsタグ スマートトラッカー 財布 gps 紛失防止カード ,B0F8HF3JQ1,https://www.google.com/search?q=SANLIU%20%E4%BC%9A%E7%A4%BE%E6%A6%82%E8%A6%81%20%E5%95%8F%E3%81%84%E5%90%88%E3%82%8F%E3%81%9B%20%E5%8D%B8
Nixies,B_英字レーン,日本語シグナルなし→人手/HTTP確認が必要,Nixies,,1,家電&カメラ,2,0,0,,1128,2379,イヤホン 骨伝導イヤホン 【オープンイヤー・環境音聞取り】 Bluetooth 骨伝導ヘッドホン 耳が疲れない iPhone/Android対応,B0FTSQ14QX,https://www.google.com/search?q=Nixies%20%E4%BC%9A%E7%A4%BE%E6%A6%82%E8%A6%81%20%E5%95%8F%E3%81%84%E5%90%88%E3%82%8F%E3%81%9B%20%E5%8D%B8
IKSTAR,B_英字レーン,日本語シグナルなし→人手/HTTP確認が必要,IKSTAR,,1,ホーム&キッチン,2,0,0,,631,2492,IKSTAR ランバーサポート 低反発クッション 腰痛改善 グッズ 腰枕 改良された 指圧突起設計 RoHS安'全基準クリア オフィス 椅子 車用 取付バンド調,B076RJN5TK,https://www.google.com/search?q=IKSTAR%20%E4%BC%9A%E7%A4%BE%E6%A6%82%E8%A6%81%20%E5%95%8F%E3%81%84%E5%90%88%E3%82%8F%E3%81%9B%20%E5%8D%B8
Jelva,B_英字レーン,日本語シグナルなし→人手/HTTP確認が必要,elva,,1,ファッション,2,0,0,,818,2488,空調作業服 バッテリー 【2026新登場・40800mAh大容量】モバイルバッテリー 急速充電 空調ウェア 専用電池 5V出力 2WAY入力ポート,B0FVT3VPSG,https://www.google.com/search?q=Jelva%20%E4%BC%9A%E7%A4%BE%E6%A6%82%E8%A6%81%20%E5%95%8F%E3%81%84%E5%90%88%E3%82%8F%E3%81%9B%20%E5%8D%B8
Rucceko,B_英字レーン,日本語シグナルなし→人手/HTTP確認が必要,Rucceko,,1,パソコン・周辺機器,2,0,0,,844,2393,Ewin キーボード ワイヤレス bluetoothとusb無線両対応 JIS日本語配列 小型 mac android ios Windows多OS用,B0D9B5YP2C,https://www.google.com/search?q=Rucceko%20%E4%BC%9A%E7%A4%BE%E6%A6%82%E8%A6%81%20%E5%95%8F%E3%81%84%E5%90%88%E3%82%8F%E3%81%9B%20%E5%8D%B8
Inzyla,B_英字レーン,日本語シグナルなし→人手/HTTP確認が必要,INZYLA,,1,ホーム&キッチン,2,0,0,,663,2499,扇風機 サーキュレーター 兼用 USB充電式 5200mAh バッテリー内蔵 DCモーター 静音 パワフル せんぷうき 1-7Hタイマー機能付き,B0F4XRC77D,https://www.google.com/search?q=Inzyla%20%E4%BC%9A%E7%A4%BE%E6%A6%82%E8%A6%81%20%E5%95%8F%E3%81%84%E5%90%88%E3%82%8F%E3%81%9B%20%E5%8D%B8
MAHLE,B_英字レーン,日本語シグナルなし→人手/HTTP確認が必要,MAHLE GmbH,,1,車&バイク,2,0,0,,541,1979,マーレ エアコンフィルター 脱臭 花粉 ワーゲン アウディ ゴルフ 7 e-ゴルフ パサート ティグアン トゥーラン アルテオン A3 S3 SQ2 RS3 R,B07VVBDN9N,https://www.google.com/search?q=MAHLE%20%E4%BC%9A%E7%A4%BE%E6%A6%82%E8%A6%81%20%E5%95%8F%E3%81%84%E5%90%88%E3%82%8F%E3%81%9B%20%E5%8D%B8
BIIOONES,B_英字レーン,日本語シグナルなし→人手/HTTP確認が必要,,,1,おもちゃ,6,0,0,,780,2280,鈴木ラテックス ペンシルバルーン 100本入 2個セット,B00L85YHSC,https://www.google.com/search?q=BIIOONES%20%E4%BC%9A%E7%A4%BE%E6%A6%82%E8%A6%81%20%E5%95%8F%E3%81%84%E5%90%88%E3%82%8F%E3%81%9B%20%E5%8D%B8
Caxzyn,B_英字レーン,日本語シグナルなし→人手/HTTP確認が必要,Caxzyn,,1,スポーツ&アウトドア,2,0,0,,1008,2469,自転車 ライト 充電式 大容量6400mAh 【6個強力ランプ 自動点灯機能】 高輝度 自転車ヘッドライト 1000ルーメン 5つ調光モード 残量表示,B0FN7RV1GR,https://www.google.com/search?q=Caxzyn%20%E4%BC%9A%E7%A4%BE%E6%A6%82%E8%A6%81%20%E5%95%8F%E3%81%84%E5%90%88%E3%82%8F%E3%81%9B%20%E5%8D%B8
euclid,B_英字レーン,日本語シグナルなし→人手/HTTP確認が必要,,,1,産業・研究開発用品,3,2,0,,816,2370,euclid 業務用 超強力 消臭剤 【 尿臭 便臭 死臭 腐敗臭 無香 除菌 】 1個 (x 1),B01J0K0EWY,https://www.google.com/search?q=euclid%20%E4%BC%9A%E7%A4%BE%E6%A6%82%E8%A6%81%20%E5%95%8F%E3%81%84%E5%90%88%E3%82%8F%E3%81%9B%20%E5%8D%B8
KELO-COTE,B_英字レーン,日本語シグナルなし→人手/HTTP確認が必要,,,1,産業・研究開発用品,2,0,0,,1464,3150,ケロコート KELO-COTE 傷あとケアジェル 帝王切開 手術後 傷あとケア用品 6g,B004Q1VP1C,https://www.google.com/search?q=KELO-COTE%20%E4%BC%9A%E7%A4%BE%E6%A6%82%E8%A6%81%20%E5%95%8F%E3%81%84%E5%90%88%E3%82%8F%E3%81%9B%20%E5%8D%B8
PicassoTiles,B_英字レーン,日本語シグナルなし→人手/HTTP確認が必要,Picasso Tiles,,1,おもちゃ,3,1,0,,1215,3750,PicassoTiles ピカソタイルズ 【正規品】 マグネットタイル 60ピース マグネットブロック 磁石ブロック 知育玩具 子供 男の子 女の子 STEM ,B00APVXSM6,https://www.google.com/search?q=PicassoTiles%20%E4%BC%9A%E7%A4%BE%E6%A6%82%E8%A6%81%20%E5%95%8F%E3%81%84%E5%90%88%E3%82%8F%E3%81%9B%20%E5%8D%B8
TOTO,B_英字レーン,日本語シグナルなし→人手/HTTP確認が必要,TOTO,,1,DIY・工具・ガーデン,4,0,0,,1745,3800,●[AFKK581N2]TOTO スライドハンガー　φ22スライドバー用シャワーフック,B071X85DMZ,https://www.google.com/search?q=TOTO%20%E4%BC%9A%E7%A4%BE%E6%A6%82%E8%A6%81%20%E5%95%8F%E3%81%84%E5%90%88%E3%82%8F%E3%81%9B%20%E5%8D%B8
Qualia,B_英字レーン,日本語シグナルなし→人手/HTTP確認が必要,,,1,おもちゃ,3,0,0,,1055,3580,DAISUKE KONDO アートコレクション マスコットフィギュア2 全6種セット,B0FSSBVH4G,https://www.google.com/search?q=Qualia%20%E4%BC%9A%E7%A4%BE%E6%A6%82%E8%A6%81%20%E5%95%8F%E3%81%84%E5%90%88%E3%82%8F%E3%81%9B%20%E5%8D%B8
LUSCIOUSLIPS,B_英字レーン,日本語シグナルなし→人手/HTTP確認が必要,,,1,おもちゃ,3,0,0,,2826,5500,ラシャスリップ ３２２ クリア,B083DZY1Z7,https://www.google.com/search?q=%EF%BC%AC%EF%BC%B5%EF%BC%B3%EF%BC%A3%EF%BC%A9%EF%BC%AF%EF%BC%B5%EF%BC%B3%EF%BC%AC%EF%BC%A9%EF%BC%B0%EF%BC%B3%20%E4%BC%9A%E7%A4%BE%E6%A6%82%E8%A6%81%20%E5%95%8F%E3%81%84%E5%90%88%E3%82%8F%E3%81%9B%20%E5%8D%B8
Axlgax,B_英字レーン,日本語シグナルなし→人手/HTTP確認が必要,Axlgax,,1,家電&カメラ,2,0,0,,3920,7980,Axlgax 小型カメラ 隠しカメラ 小型 50時間連続録画 10000mAh 256GBカード対応 1080P バッテリー機能 動体検知/暗視機能/重力センサ,B0D2R346HW,https://www.google.com/search?q=Axlgax%20%E4%BC%9A%E7%A4%BE%E6%A6%82%E8%A6%81%20%E5%95%8F%E3%81%84%E5%90%88%E3%82%8F%E3%81%9B%20%E5%8D%B8
HKS,B_英字レーン,日本語シグナルなし→人手/HTTP確認が必要,HKS,,1,車&バイク,2,1,0,,1887,7800,HKS SUPER OIL Premium スーパーオイルプレミアム 5W-30 API SP 4L,B08QRP86BV,https://www.google.com/search?q=HKS%20%E4%BC%9A%E7%A4%BE%E6%A6%82%E8%A6%81%20%E5%95%8F%E3%81%84%E5%90%88%E3%82%8F%E3%81%9B%20%E5%8D%B8
LILIO,B_英字レーン,日本語シグナルなし→人手/HTTP確認が必要,LILIO,,1,家電&カメラ,3,0,0,,799,8999,モバイルバッテリー 大容量 【20000mAh大容量 ・薄さ1.60cm】LILIO モバイルバッテリー 軽量 小型 急速充電 20W/18W対応 3台同時充電,B0F99MZ57W,https://www.google.com/search?q=LILIO%20%E4%BC%9A%E7%A4%BE%E6%A6%82%E8%A6%81%20%E5%95%8F%E3%81%84%E5%90%88%E3%82%8F%E3%81%9B%20%E5%8D%B8
Vector Optics,B_英字レーン,日本語シグナルなし→人手/HTTP確認が必要,Vector Optics,,1,ホビー,2,1,0,,5989,9630,ベクターオプティクス Vector Opticsドットサイト マーベリック 第3世代 (ブラック) 【ゼロインマニュアル同封】SCRD-38,B08678XWS1,https://www.google.com/search?q=Vector%20Optics%20%E4%BC%9A%E7%A4%BE%E6%A6%82%E8%A6%81%20%E5%95%8F%E3%81%84%E5%90%88%E3%82%8F%E3%81%9B%20%E5%8D%B8
OBDLink,B_英字レーン,日本語シグナルなし→人手/HTTP確認が必要,ScanTool,,1,車&バイク,6,0,0,,8027,14900,OBDLink 427201 LX OBD2 故障診断機 Bluetooth スキャンツール インタフェース Android Windows対応,B00H9S71LW,https://www.google.com/search?q=OBDLink%20%E4%BC%9A%E7%A4%BE%E6%A6%82%E8%A6%81%20%E5%95%8F%E3%81%84%E5%90%88%E3%82%8F%E3%81%9B%20%E5%8D%B8
Logitech G,B_英字レーン,日本語シグナルなし→人手/HTTP確認が必要,Logitech,,1,パソコン・周辺機器,2,0,0,,9051,14486,Logitech G502 X Lightspeed Wireless Gaming Mouse - Optical Mouse with LIGHTFORCE,B0BCQ83WL9,https://www.google.com/search?q=Logitech%20G%20%E4%BC%9A%E7%A4%BE%E6%A6%82%E8%A6%81%20%E5%95%8F%E3%81%84%E5%90%88%E3%82%8F%E3%81%9B%20%E5%8D%B8
POLED,B_英字レーン,日本語シグナルなし→人手/HTTP確認が必要,POLED,,1,ベビー&マタニティ,2,0,0,,5348,15840,Poled公式 エアラブ4プラス オレオ ベビーカーシート クールシート 暑さ対策 送風機付き インナークッション インナーシート インサート ひんやりシート ,B0DXL4GR7M,https://www.google.com/search?q=POLED%20%E4%BC%9A%E7%A4%BE%E6%A6%82%E8%A6%81%20%E5%95%8F%E3%81%84%E5%90%88%E3%82%8F%E3%81%9B%20%E5%8D%B8
ASUS,B_英字レーン,日本語シグナルなし→人手/HTTP確認が必要,ASUS,,1,パソコン・周辺機器,6,4,0,,9062,16280,ASUS TUF GAMING B550M-PLUS AMD Ryzen 5000シリーズ AM4 対応 B550 搭載 mATX マザーボード/国内正規代理店,B089Y17DNC,https://www.google.com/search?q=ASUS%20%E4%BC%9A%E7%A4%BE%E6%A6%82%E8%A6%81%20%E5%95%8F%E3%81%84%E5%90%88%E3%82%8F%E3%81%9B%20%E5%8D%B8
PGYTECH,B_英字レーン,日本語シグナルなし→人手/HTTP確認が必要,PGYTECH,,1,家電&カメラ,6,1,0,,9990,16862,PGYTECH BEETLE カメラホルスター V2 アルカスイス互換プレート 緩み防止 簡単脱着 カメラホルダー (プレートベース),B0F23GCRRW,https://www.google.com/search?q=PGYTECH%20%E4%BC%9A%E7%A4%BE%E6%A6%82%E8%A6%81%20%E5%95%8F%E3%81%84%E5%90%88%E3%82%8F%E3%81%9B%20%E5%8D%B8
PETLIBRO,B_英字レーン,日本語シグナルなし→人手/HTTP確認が必要,PETLIBRO,,1,ペット用品,2,0,0,,8298,17776,PETLIBRO 自動給餌器 猫 多頭飼いに向け 5L大容量 1日6食 1食0-50分量設定可能 10秒録音 2個のステンレス製トレイ付き猫 中小型犬用 自動餌,B098JK84W5,https://www.google.com/search?q=PETLIBRO%20%E4%BC%9A%E7%A4%BE%E6%A6%82%E8%A6%81%20%E5%95%8F%E3%81%84%E5%90%88%E3%82%8F%E3%81%9B%20%E5%8D%B8
PAL&I,B_英字レーン,日本語シグナルなし→人手/HTTP確認が必要,PAL&I,,1,ペット用品,5,0,0,,378,1680,[ 安心の、日本製。 ] PAL&I パルアイ 犬 シャンプー ペット 低刺激 無添加 [ ふわふわ仕上がり],B0823N2H7Q,https://www.google.com/search?q=PAL%26I%20%E4%BC%9A%E7%A4%BE%E6%A6%82%E8%A6%81%20%E5%95%8F%E3%81%84%E5%90%88%E3%82%8F%E3%81%9B%20%E5%8D%B8
Suntory,B_英字レーン,日本語シグナルなし→人手/HTTP確認が必要,SUNTORY,,1,ホーム&キッチン,5,3,0,,163,1767,サントリー 角ハイボールメガジョッキ 700ml,B01BV0KPFC,https://www.google.com/search?q=Suntory%20%E4%BC%9A%E7%A4%BE%E6%A6%82%E8%A6%81%20%E5%95%8F%E3%81%84%E5%90%88%E3%82%8F%E3%81%9B%20%E5%8D%B8
pozold,B_英字レーン,日本語シグナルなし→人手/HTTP確認が必要,,,1,DIY・工具・ガーデン,2,0,0,,347,1899,LEDテープライト 3M RGB テレビバックライト ストリップライト 30leds/m 間接照明 5050SMD USB式 リモコン付き ledテープ 3m ,B0D3H1X88D,https://www.google.com/search?q=pozold%20%E4%BC%9A%E7%A4%BE%E6%A6%82%E8%A6%81%20%E5%95%8F%E3%81%84%E5%90%88%E3%82%8F%E3%81%9B%20%E5%8D%B8
A2C,B_英字レーン,日本語シグナルなし→人手/HTTP確認が必要,,,1,家電&カメラ,2,0,0,,998,2199,A2C 3in1マグネットマウント MagSafe対応 N54強力マグネット17個 調整ストラップ付,B0CWR78ZK9,https://www.google.com/search?q=A2C%20%E4%BC%9A%E7%A4%BE%E6%A6%82%E8%A6%81%20%E5%95%8F%E3%81%84%E5%90%88%E3%82%8F%E3%81%9B%20%E5%8D%B8
Locatis,B_英字レーン,日本語シグナルなし→人手/HTTP確認が必要,Locatis,,1,スポーツ&アウトドア,6,1,0,,905,2624,JOK アウトドア ポンプ FLP-68,B001GC5VZ0,https://www.google.com/search?q=Locatis%20%E4%BC%9A%E7%A4%BE%E6%A6%82%E8%A6%81%20%E5%95%8F%E3%81%84%E5%90%88%E3%82%8F%E3%81%9B%20%E5%8D%B8
bagasin,B_英字レーン,日本語シグナルなし→人手/HTTP確認が必要,bagasin,,1,パソコン・周辺機器,2,0,0,,1318,3099,[bagasin] パソコンバッグ 17 17.3インチ パソコンケース ブリーフケース,B0FX9NQ3CF,https://www.google.com/search?q=bagasin%20%E4%BC%9A%E7%A4%BE%E6%A6%82%E8%A6%81%20%E5%95%8F%E3%81%84%E5%90%88%E3%82%8F%E3%81%9B%20%E5%8D%B8
SPOSING,B_英字レーン,日本語シグナルなし→人手/HTTP確認が必要,SPOSING,,1,DIY・工具・ガーデン,3,1,0,,988,3280,SPOSING 盗聴器発見機 【2025年革新型∙高感度探知機】盗聴器発見器 盗撮カメラ 発見器 gps発見機 カメラ探知機 赤外線レーザー 探知機 隠しカメラ,B0DRK922L6,https://www.google.com/search?q=SPOSING%20%E4%BC%9A%E7%A4%BE%E6%A6%82%E8%A6%81%20%E5%95%8F%E3%81%84%E5%90%88%E3%82%8F%E3%81%9B%20%E5%8D%B8
La Fairy,B_英字レーン,日本語シグナルなし→人手/HTTP確認が必要,MIC,,1,ホーム&キッチン,2,0,0,,1534,3980,ラ フェアリー ミニ 電動 振動 リラクゼーション コンセント式 かんたんダイヤル操作,B0DSGSCT5P,https://www.google.com/search?q=La%20Fairy%20%E4%BC%9A%E7%A4%BE%E6%A6%82%E8%A6%81%20%E5%95%8F%E3%81%84%E5%90%88%E3%82%8F%E3%81%9B%20%E5%8D%B8
ESR,B_英字レーン,日本語シグナルなし→人手/HTTP確認が必要,ESR,,1,家電&カメラ,2,0,0,,2803,4716,ESR magsafe リング マグセーフ シール 強力吸着 位置合わせクリップ付属 マグネット 磁気ワイヤレス充電対応キット 超薄型 磁気固定メタルリング ス,B0D5R4R2L9,https://www.google.com/search?q=ESR%20%E4%BC%9A%E7%A4%BE%E6%A6%82%E8%A6%81%20%E5%95%8F%E3%81%84%E5%90%88%E3%82%8F%E3%81%9B%20%E5%8D%B8
Neo Products,B_英字レーン,日本語シグナルなし→人手/HTTP確認が必要,NEO OYAIDE,,1,パソコン・周辺機器,4,2,0,,2800,5390,NEO by OYAIDE Elec d+ USB Type-C to C class B 1.0m USBケーブル,B08L65QBZS,https://www.google.com/search?q=Neo%20Products%20%E4%BC%9A%E7%A4%BE%E6%A6%82%E8%A6%81%20%E5%95%8F%E3%81%84%E5%90%88%E3%82%8F%E3%81%9B%20%E5%8D%B8
GraceDuck,B_英字レーン,日本語シグナルなし→人手/HTTP確認が必要,GraceDuck,,1,おもちゃ,2,0,0,,1625,5299,150 Pcs マグネットブロック 磁石ブロック おもちゃ 子供 知育玩具 磁石ブロック マグネット 男の子と女の子 おもちゃ 誕生日プレゼント クリスマス ギ,B0D8KV6JHZ,https://www.google.com/search?q=GraceDuck%20%E4%BC%9A%E7%A4%BE%E6%A6%82%E8%A6%81%20%E5%95%8F%E3%81%84%E5%90%88%E3%82%8F%E3%81%9B%20%E5%8D%B8
biaze,B_英字レーン,日本語シグナルなし→人手/HTTP確認が必要,biaze,,1,パソコン・周辺機器,6,0,0,,3259,5711,【24bit/96KHz対応】BIAZE USB サウンドカード 外付け オーディオ 変換アダプタ 高性能DACチップ搭載 USB to 3.5mm マイク・ヘ,B0FF4XLZ3J,https://www.google.com/search?q=biaze%20%E4%BC%9A%E7%A4%BE%E6%A6%82%E8%A6%81%20%E5%95%8F%E3%81%84%E5%90%88%E3%82%8F%E3%81%9B%20%E5%8D%B8
Sawyer,B_英字レーン,日本語シグナルなし→人手/HTTP確認が必要,"Sawyer Products,Inc.",,1,スポーツ&アウトドア,2,0,0,,4136,6791,ソーヤー スクィーズフィルター SP129 SAWYER | 携帯浄水器 浄水器 ポータブル浄水器 防災 防災アイテム 災害用 非常用 キャンプ キャンプ用品 ,B00B1OSU4W,https://www.google.com/search?q=Sawyer%20%E4%BC%9A%E7%A4%BE%E6%A6%82%E8%A6%81%20%E5%95%8F%E3%81%84%E5%90%88%E3%82%8F%E3%81%9B%20%E5%8D%B8
Kreg,B_英字レーン,日本語シグナルなし→人手/HTTP確認が必要,Kreg,,1,DIY・工具・ガーデン,5,1,0,,4271,7980,Kreg【クレッグ】ポケットホールジグ320 斜め穴あけでネジ頭が隠れる 対応材厚12〜38mm 2x4材対応 2連ドリルガイド,B07VQ9S57K,https://www.google.com/search?q=Kreg%20%E4%BC%9A%E7%A4%BE%E6%A6%82%E8%A6%81%20%E5%95%8F%E3%81%84%E5%90%88%E3%82%8F%E3%81%9B%20%E5%8D%B8
KOCHCHEMIE,B_英字レーン,日本語シグナルなし→人手/HTTP確認が必要,KochChemie,,1,車&バイク,5,0,0,,3227,7600,KOCHCHEMIE (コッホケミー) Plast Star (プラストスター) シリコンフリー 外装ドレッシング剤 UV保護 外装/成形/タイヤ 元のOEMの,B095SXXJQK,https://www.google.com/search?q=KOCHCHEMIE%20%E4%BC%9A%E7%A4%BE%E6%A6%82%E8%A6%81%20%E5%95%8F%E3%81%84%E5%90%88%E3%82%8F%E3%81%9B%20%E5%8D%B8
GROWNSY,B_英字レーン,日本語シグナルなし→人手/HTTP確認が必要,GROWNSY,,1,ベビー&マタニティ,6,0,0,,4055,8421,Grownsy 8-in-1 OG ファストボトルウォーマー タイマー付き グリーン,B0C2YP5NJQ,https://www.google.com/search?q=GROWNSY%20%E4%BC%9A%E7%A4%BE%E6%A6%82%E8%A6%81%20%E5%95%8F%E3%81%84%E5%90%88%E3%82%8F%E3%81%9B%20%E5%8D%B8
Mazuri,B_英字レーン,日本語シグナルなし→人手/HTTP確認が必要,Mazuri,,1,ペット用品,4,0,0,,552,2059,Ｍａｚｕｒｉ トータス・ダイエット ５６０ｇ ５Ｍ２１－Ｓ,B0CNJHP5YW,https://www.google.com/search?q=Mazuri%20%E4%BC%9A%E7%A4%BE%E6%A6%82%E8%A6%81%20%E5%95%8F%E3%81%84%E5%90%88%E3%82%8F%E3%81%9B%20%E5%8D%B8
Sangean,B_英字レーン,日本語シグナルなし→人手/HTTP確認が必要,Sangean,,1,家電&カメラ,2,1,0,,1298,2904,【国内正規品】Sangean SR-32 AM/FMポケットラジオ、単３電池式、ポータブルラジオ、イヤホン付属 (クリアブラック),B0FC6TGJ63,https://www.google.com/search?q=Sangean%20%E4%BC%9A%E7%A4%BE%E6%A6%82%E8%A6%81%20%E5%95%8F%E3%81%84%E5%90%88%E3%82%8F%E3%81%9B%20%E5%8D%B8
KOMAINU GAMES,B_英字レーン,日本語シグナルなし→人手/HTTP確認が必要,KOMAINU GAMES,,1,おもちゃ,2,0,0,,1316,2970,アリスの時間迷宮 第二版 - 1人用デッキ構築ゲーム、30-180分、12才以上対象,B0DH4QBCY7,https://www.google.com/search?q=KOMAINU%20GAMES%20%E4%BC%9A%E7%A4%BE%E6%A6%82%E8%A6%81%20%E5%95%8F%E3%81%84%E5%90%88%E3%82%8F%E3%81%9B%20%E5%8D%B8
ANTERCITE,B_英字レーン,日本語シグナルなし→人手/HTTP確認が必要,,,1,スポーツ&アウトドア,5,1,0,,942,2699,【公式】ボールパークドットコム PROTEIOS（プロティオス） グラブトリートメント 150ml スプレーボトル グラブメンテナンス (1本),B091KSMZ8T,https://www.google.com/search?q=ANTERCITE%20%E4%BC%9A%E7%A4%BE%E6%A6%82%E8%A6%81%20%E5%95%8F%E3%81%84%E5%90%88%E3%82%8F%E3%81%9B%20%E5%8D%B8
AOZTSUN,B_英字レーン,日本語シグナルなし→人手/HTTP確認が必要,AOZTSUN,,1,ベビー&マタニティ,2,0,0,,1044,3299,AOZTSUN ベビーモニターマウント Babysense HD S2/ V43モニターおよびその他のベビーモニターに対応 1/4ネジ穴15.7インチ フレキシ,B0C3L5X6LY,https://www.google.com/search?q=AOZTSUN%20%E4%BC%9A%E7%A4%BE%E6%A6%82%E8%A6%81%20%E5%95%8F%E3%81%84%E5%90%88%E3%82%8F%E3%81%9B%20%E5%8D%B8
VINSGUIR,B_英字レーン,日本語シグナルなし→人手/HTTP確認が必要,VINSGUIR,,1,おもちゃ,5,0,0,,1267,3419,VINSGUIR(ビンスグイア) ピックルボールパドル 2本セット USAPA承認 軽量ファイバーグラスラケット ハニカムコア付き ピックルボール4個＆キャリー,B0BNTL3Q2C,https://www.google.com/search?q=VINSGUIR%20%E4%BC%9A%E7%A4%BE%E6%A6%82%E8%A6%81%20%E5%95%8F%E3%81%84%E5%90%88%E3%82%8F%E3%81%9B%20%E5%8D%B8
Panovol,B_英字レーン,日本語シグナルなし→人手/HTTP確認が必要,Panovol,,1,パソコン・周辺機器,2,0,0,,1581,3590,Panovolタブレットスタンド【2026革新型・隠し式台座・ケーブル固定具付き】 タブレット アーム スマホスタンド 寝ながら４つの関節 折り畳み式 角度+高,B0CMX6NT42,https://www.google.com/search?q=Panovol%20%E4%BC%9A%E7%A4%BE%E6%A6%82%E8%A6%81%20%E5%95%8F%E3%81%84%E5%90%88%E3%82%8F%E3%81%9B%20%E5%8D%B8
JLM,B_英字レーン,日本語シグナルなし→人手/HTTP確認が必要,JLM LUBRICANTS,,1,車&バイク,6,2,0,,1421,3929,JLM アドブループラス 250ml ディーゼル アドブルー 結晶化防止添加剤 AdBlue Plus J02385 車両 整備 故障予防,B0BVBYHXTL,https://www.google.com/search?q=JLM%20%E4%BC%9A%E7%A4%BE%E6%A6%82%E8%A6%81%20%E5%95%8F%E3%81%84%E5%90%88%E3%82%8F%E3%81%9B%20%E5%8D%B8
Bicycle,B_英字レーン,日本語シグナルなし→人手/HTTP確認が必要,PassePasse,,1,おもちゃ,3,1,0,,3279,6061,BICYCLE(バイスクル) ライダーバック STANDARD トランプ 12個パック（青6個/赤6個））,B001AAK3BK,https://www.google.com/search?q=Bicycle%20%E4%BC%9A%E7%A4%BE%E6%A6%82%E8%A6%81%20%E5%95%8F%E3%81%84%E5%90%88%E3%82%8F%E3%81%9B%20%E5%8D%B8
Tamagotchi,B_英字レーン,日本語シグナルなし→人手/HTTP確認が必要,Bandai Namco Toys & Collectibles America,,1,おもちゃ,4,0,0,,2868,6685,タマゴッチ・ナノ x スターウォーズ - ダース・ベイダーとシリコンケースセット,B0DSXX8Z54,https://www.google.com/search?q=Tamagotchi%20%E4%BC%9A%E7%A4%BE%E6%A6%82%E8%A6%81%20%E5%95%8F%E3%81%84%E5%90%88%E3%82%8F%E3%81%9B%20%E5%8D%B8
G7th,B_英字レーン,日本語シグナルなし→人手/HTTP確認が必要,G7th,,1,楽器・音響機器,2,0,0,,4258,7800,【正規輸入品】 G7TH PERFORMANCE 3 ART CAPO 6弦アコ-スティック/エレクトリック用 SILVER(シルバー) カポタスト,B07NDW6XRS,https://www.google.com/search?q=G7th%20%E4%BC%9A%E7%A4%BE%E6%A6%82%E8%A6%81%20%E5%95%8F%E3%81%84%E5%90%88%E3%82%8F%E3%81%9B%20%E5%8D%B8
Macally,B_英字レーン,日本語シグナルなし→人手/HTTP確認が必要,Mace Group Inc / Macally Peripherals,,1,パソコン・周辺機器,4,1,0,,4016,8072,Macally USB有線コンパクトキーボード|マウサースモール＆スリムデザイン Apple Mac Mini/iMacデスクトップ、MacBook Pro/A,B0777GCK68,https://www.google.com/search?q=Macally%20%E4%BC%9A%E7%A4%BE%E6%A6%82%E8%A6%81%20%E5%95%8F%E3%81%84%E5%90%88%E3%82%8F%E3%81%9B%20%E5%8D%B8
