メーカー,該当商品数,主なカテゴリ,判定,判定理由,規模手判定,日本実体シグナル,海外シグナル,卸の証拠,国内独立セラー例,国内独立セラー数,独立セラー数,実セラー数_現行,想定仕入れ金額の中央値,代表ASIN,代表商品名,代表Amazonページ,メーカー検索
CIO,21,パソコン・周辺機器,連絡候補,,中小の見込み,JAN45/49,なし,あり,ハウオリストア / 暮らしは良品 / TMK ストア,3,5,6,2282,B0D53VY57G,CIO NovaPort DUOⅡ 45W PD急速充電器 USB-C×2 2台同時充電 世界最小級 （ブラック）,https://www.amazon.co.jp/dp/B0D53VY57G,https://www.google.com/search?q=CIO%20%E4%BC%9A%E7%A4%BE%E6%A6%82%E8%A6%81%20%E5%95%8F%E3%81%84%E5%90%88%E3%82%8F%E3%81%9B%20%E5%8D%B8
マタインク,17,パソコン・周辺機器,連絡候補,,判定不能,manufacturer日本語／メーカー名日本語,なし,あり,互換インク専門家 / インク専門家,2,3,4,674,B0DD79PNC4,マタインク BCI-301 BCI-300 5本セット TS7530 インク キヤノン用 インク 純正と併用可能 301,https://www.amazon.co.jp/dp/B0DD79PNC4,https://www.google.com/search?q=%E3%83%9E%E3%82%BF%E3%82%A4%E3%83%B3%E3%82%AF%20%E4%BC%9A%E7%A4%BE%E6%A6%82%E8%A6%81%20%E5%95%8F%E3%81%84%E5%90%88%E3%82%8F%E3%81%9B%20%E5%8D%B8
ラブホーム美家,8,ホーム＆キッチン,連絡候補,,判定不能,manufacturer日本語／メーカー名日本語,なし,あり,ラブホーム・ライフ (Love Home Life),1,2,3,929,B0D5CRC729,【新登場 & 3色モード】間接照明 おしゃれ テーブルランプ コードレス 3600mAh 卓上ライト｜タッチ制御＆無段階,https://www.amazon.co.jp/dp/B0D5CRC729,https://www.google.com/search?q=%E3%83%A9%E3%83%96%E3%83%9B%E3%83%BC%E3%83%A0%E7%BE%8E%E5%AE%B6%20%E4%BC%9A%E7%A4%BE%E6%A6%82%E8%A6%81%20%E5%95%8F%E3%81%84%E5%90%88%E3%82%8F%E3%81%9B%20%E5%8D%B8
BOS,6,DIY・工具・ガーデン,連絡候補,,中小の見込み,JAN45/49,なし,あり,通販できるみんなのお薬（みんなのお薬） / 有限会社　たからや / カワモール,5,6,6,1027,B078BJF55P,驚異の防臭袋 BOS (ボス) うんちが臭わない袋 ペット用 うんち 処理袋【袋カラー：ブルー】 (Sサイズ 200枚入,https://www.amazon.co.jp/dp/B078BJF55P,https://www.google.com/search?q=BOS%20%E4%BC%9A%E7%A4%BE%E6%A6%82%E8%A6%81%20%E5%95%8F%E3%81%84%E5%90%88%E3%82%8F%E3%81%9B%20%E5%8D%B8
すごろくや,6,おもちゃ,連絡候補,,中小の見込み,JAN45/49／manufacturer日本語／メーカー名日本語,なし,あり,Clips（クリップス）《適格請求書発行事業者》 / おもちゃ＆ホビーSHOP あまのや ≪年中無休≫ / MKショップWEB店,3,4,5,501,B0D7CQ42MN,すごろくや バンディド 1人 - 4人 6歳 15分 協力 迷路 脱獄 封鎖 ファミリー ボードゲーム,https://www.amazon.co.jp/dp/B0D7CQ42MN,https://www.google.com/search?q=%E3%81%99%E3%81%94%E3%82%8D%E3%81%8F%E3%82%84%20%E4%BC%9A%E7%A4%BE%E6%A6%82%E8%A6%81%20%E5%95%8F%E3%81%84%E5%90%88%E3%82%8F%E3%81%9B%20%E5%8D%B8
愛知電線,6,産業・研究開発用品,連絡候補,,中小の見込み,JAN45/49／manufacturer日本語／メーカー名日本語,なし,あり,株式会社コジマ / 電材堂・旧電電市場,2,3,4,1800,B00N89PJHY,愛知電線 VVF ケーブル2芯 2.0mm 20m 灰色 VVF2×2.0M20,https://www.amazon.co.jp/dp/B00N89PJHY,https://www.google.com/search?q=%E6%84%9B%E7%9F%A5%E9%9B%BB%E7%B7%9A%20%E4%BC%9A%E7%A4%BE%E6%A6%82%E8%A6%81%20%E5%95%8F%E3%81%84%E5%90%88%E3%82%8F%E3%81%9B%20%E5%8D%B8
Hobbywing,5,おもちゃ,連絡候補,,中小の見込み,JAN45/49,なし,あり,ミーニャ 簡易梱包、衣類ぬいぐるみ等は圧縮後発送となります / ホビーマンズ / 通販ショップの駿河屋,4,4,5,2036,B0816Q6JY9,【国内正規品】HOBBYWING QuicRUN-WP-1060-Brushed BEC内蔵 1/10用,https://www.amazon.co.jp/dp/B0816Q6JY9,https://www.google.com/search?q=Hobbywing%20%E4%BC%9A%E7%A4%BE%E6%A6%82%E8%A6%81%20%E5%95%8F%E3%81%84%E5%90%88%E3%82%8F%E3%81%9B%20%E5%8D%B8
ファイナル(final),5,家電＆カメラ,連絡候補,,中小の見込み,JAN45/49／メーカー名日本語,なし,あり,KURO STORE （適格請求書発行事業者）,1,2,3,4946,B0DPK8XT5F,【final公式ストア限定】ag (エージー) COTSUBU for ASMR MK2 自分がダミーヘッドになったよう,https://www.amazon.co.jp/dp/B0DPK8XT5F,https://www.google.com/search?q=%E3%83%95%E3%82%A1%E3%82%A4%E3%83%8A%E3%83%AB%28final%29%20%E4%BC%9A%E7%A4%BE%E6%A6%82%E8%A6%81%20%E5%95%8F%E3%81%84%E5%90%88%E3%82%8F%E3%81%9B%20%E5%8D%B8
BabySmile,4,ベビー＆マタニティ,連絡候補,,中小の見込み,JAN45/49／manufacturer日本語／日本法人格,なし,あり,"Hariti(ハーリティー) / 【公式】トイザらス・ベビーザらス Toys""R""Us Japan",2,3,3,4140,B0CQJMR3PY,ベビースマイル ベビーアラーム E-202 ベビーテックアワード2024大賞受賞商品 ベビーセンサー 赤ちゃん 見守り ,https://www.amazon.co.jp/dp/B0CQJMR3PY,https://www.google.com/search?q=BabySmile%20%E4%BC%9A%E7%A4%BE%E6%A6%82%E8%A6%81%20%E5%95%8F%E3%81%84%E5%90%88%E3%82%8F%E3%81%9B%20%E5%8D%B8
ピュアクリスタル,4,ペット用品,連絡候補,,中小の見込み,JAN45/49／manufacturer日本語／メーカー名日本語,なし,あり,ノースサイドドリフト / 【インボイス対応済】AZ（EC事業部） / CRENASS【適格請求書発行事業者】,3,4,4,482,B0BW7WMB22,ジェックス ピュアクリスタル ミューティー 猫用 950mL ミルキーベージュ フィルター式給水器 USB電源 静音 フ,https://www.amazon.co.jp/dp/B0BW7WMB22,https://www.google.com/search?q=%E3%83%94%E3%83%A5%E3%82%A2%E3%82%AF%E3%83%AA%E3%82%B9%E3%82%BF%E3%83%AB%20%E4%BC%9A%E7%A4%BE%E6%A6%82%E8%A6%81%20%E5%95%8F%E3%81%84%E5%90%88%E3%82%8F%E3%81%9B%20%E5%8D%B8
詰め替えそのまま,4,ホーム＆キッチン,連絡候補,,中小の見込み,JAN45/49／manufacturer日本語／メーカー名日本語／日本法人格,なし,あり,ゆるり生活商店,1,2,2,884,B0BNN4M6C2,詰め替えそのまま MSPS-4W ミニ＆スタンダード スターターセット シャンプーボトル ホワイト,https://www.amazon.co.jp/dp/B0BNN4M6C2,https://www.google.com/search?q=%E8%A9%B0%E3%82%81%E6%9B%BF%E3%81%88%E3%81%9D%E3%81%AE%E3%81%BE%E3%81%BE%20%E4%BC%9A%E7%A4%BE%E6%A6%82%E8%A6%81%20%E5%95%8F%E3%81%84%E5%90%88%E3%82%8F%E3%81%9B%20%E5%8D%B8
オスモカラー,3,DIY・工具・ガーデン,連絡候補,,中小の見込み,メーカー名日本語,なし,あり,ペンキのササキ / エムケーケー※ご購入前に期限（コンディション欄に記載）をご確認ください / 木の香ショップ,4,6,6,2699,B08XX31CCC,オスモカラー オスモ&エーデル カウンタートップオイル 0.5L #3046 5分ツヤ,https://www.amazon.co.jp/dp/B08XX31CCC,https://www.google.com/search?q=%E3%82%AA%E3%82%B9%E3%83%A2%E3%82%AB%E3%83%A9%E3%83%BC%20%E4%BC%9A%E7%A4%BE%E6%A6%82%E8%A6%81%20%E5%95%8F%E3%81%84%E5%90%88%E3%82%8F%E3%81%9B%20%E5%8D%B8
ピープル,3,おもちゃ,連絡候補,,中小の見込み,JAN45/49／manufacturer日本語／メーカー名日本語,なし,あり,ニキーズホーム / スモクロ（インボイス登録済み店） / AＪＹショップ,5,5,5,1930,B0843ZP3SS,ピタゴラスBASIC 知育いっぱい! どうぶつえん [1歳半] から 25個 遊べる つくれる ひらめきが育つ,https://www.amazon.co.jp/dp/B0843ZP3SS,https://www.google.com/search?q=%E3%83%94%E3%83%BC%E3%83%97%E3%83%AB%20%E4%BC%9A%E7%A4%BE%E6%A6%82%E8%A6%81%20%E5%95%8F%E3%81%84%E5%90%88%E3%82%8F%E3%81%9B%20%E5%8D%B8
ルイファン ジャパン(Ruifan Japan),3,おもちゃ,連絡候補,,中小の見込み,JAN45/49／メーカー名日本語,なし,あり,eおもちゃやさん / ポジティブエフェクト / ウィルマージ,5,5,5,2340,B08KFX86CC,キングブレード one1 （ワン） 2本セット,https://www.amazon.co.jp/dp/B08KFX86CC,https://www.google.com/search?q=%E3%83%AB%E3%82%A4%E3%83%95%E3%82%A1%E3%83%B3%20%E3%82%B8%E3%83%A3%E3%83%91%E3%83%B3%28Ruifan%20Japan%29%20%E4%BC%9A%E7%A4%BE%E6%A6%82%E8%A6%81%20%E5%95%8F%E3%81%84%E5%90%88%E3%82%8F%E3%81%9B%20%E5%8D%B8
四日市ばんこ焼 【日本製】,3,ホーム＆キッチン,連絡候補,,中小の見込み,JAN45/49／manufacturer日本語／メーカー名日本語,なし,あり,ローザ / ★本物の四日市ばんこ焼を地元産地から販売!!★ごはん鍋のプロショップ／せんが陶器【公式】T8810… / HPMストア,4,5,5,2665,B008CL74QC,【 昔ながらの ごはん鍋 】 炊飯土鍋 二重蓋 四日市ばんこ焼(日本製) 【 本格派 ４合炊 】,https://www.amazon.co.jp/dp/B008CL74QC,https://www.google.com/search?q=%E5%9B%9B%E6%97%A5%E5%B8%82%E3%81%B0%E3%82%93%E3%81%93%E7%84%BC%20%E3%80%90%E6%97%A5%E6%9C%AC%E8%A3%BD%E3%80%91%20%E4%BC%9A%E7%A4%BE%E6%A6%82%E8%A6%81%20%E5%95%8F%E3%81%84%E5%90%88%E3%82%8F%E3%81%9B%20%E5%8D%B8
BUNDOK(バンドック),2,スポーツ＆アウトドア,連絡候補,,中小の見込み,JAN45/49／メーカー名日本語,なし,あり,リビングリンクス / ★ベストザ・プライス市場★ / アイスリー,3,5,5,7962,B0BCD74LZ1,BUNDOK(バンドック)ソロ ドーム 1 BDK-08O オリーブ 【1人用】テント 収納コンパクト フルクローズ,https://www.amazon.co.jp/dp/B0BCD74LZ1,https://www.google.com/search?q=BUNDOK%28%E3%83%90%E3%83%B3%E3%83%89%E3%83%83%E3%82%AF%29%20%E4%BC%9A%E7%A4%BE%E6%A6%82%E8%A6%81%20%E5%95%8F%E3%81%84%E5%90%88%E3%82%8F%E3%81%9B%20%E5%8D%B8
Dr.'s care,2,ペット用品,連絡候補,,中小の見込み,JAN45/49／manufacturer日本語,なし,あり,ネットプロフェッショナル / ドリームカンパニー 北関東支店,2,3,3,3609,B0DYZK2MN7,ドクターズケア 猫用キドニーケア チキンテイスト1.5kg,https://www.amazon.co.jp/dp/B0DYZK2MN7,https://www.google.com/search?q=Dr.%27s%20care%20%E4%BC%9A%E7%A4%BE%E6%A6%82%E8%A6%81%20%E5%95%8F%E3%81%84%E5%90%88%E3%82%8F%E3%81%9B%20%E5%8D%B8
Earth Plus,2,パソコン・周辺機器,連絡候補,,判定不能,manufacturer日本語,なし,あり,暮らし快適LABO【インボイス発行事業者】 / 得市ストア / ランタンSTORE,4,6,6,2654,B0DP8BP7MX,【純正品 2個セット】 キヤノン インクカートリッジ BC-345/BC-346 (ブラック/3色カラー) 2個セット,https://www.amazon.co.jp/dp/B0DP8BP7MX,https://www.google.com/search?q=Earth%20Plus%20%E4%BC%9A%E7%A4%BE%E6%A6%82%E8%A6%81%20%E5%95%8F%E3%81%84%E5%90%88%E3%82%8F%E3%81%9B%20%E5%8D%B8
FAR EAST GADGET,2,パソコン・周辺機器,連絡候補,,中小の見込み,JAN45/49,なし,あり,ファーイーストガジェット / PFUダイレクト,2,2,2,1196,B0D1C44P6W,FAR EAST GADGET ファーイーストガジェット タイプスティックス (Black),https://www.amazon.co.jp/dp/B0D1C44P6W,https://www.google.com/search?q=FAR%20EAST%20GADGET%20%E4%BC%9A%E7%A4%BE%E6%A6%82%E8%A6%81%20%E5%95%8F%E3%81%84%E5%90%88%E3%82%8F%E3%81%9B%20%E5%8D%B8
FiiO,2,家電＆カメラ,連絡候補,,中小の見込み,JAN45/49,なし,あり,e☆イヤホン【イヤホン・ヘッドホン専門店 16時までの通常注文は当日発送！】 / 株式会社コジマ / イケベ楽器店,4,4,4,3047,B09NXJG3VX,FIIO KA11 Type-C Silver Black 【日本正規店より発送・シリアルナンバー付】USB DAC ア,https://www.amazon.co.jp/dp/B09NXJG3VX,https://www.google.com/search?q=FiiO%20%E4%BC%9A%E7%A4%BE%E6%A6%82%E8%A6%81%20%E5%95%8F%E3%81%84%E5%90%88%E3%82%8F%E3%81%9B%20%E5%8D%B8
GRAPHT (グラフト),2,楽器・音響機器,連絡候補,,中小の見込み,JAN45/49／メーカー名日本語,なし,あり,ハッピー＆エンジョイ【インボイス登録事業者：適格請求書発行事業者】 / 星の森商店【インボイス対応/適格請求書発行事業者】,2,2,2,4075,B0DXFBN3BJ,GRAPHT マイクアーム ロープロファイル MICROPHONE ARM 【ホワイト】耐荷重 2kg 360度回転 角,https://www.amazon.co.jp/dp/B0DXFBN3BJ,https://www.google.com/search?q=GRAPHT%20%28%E3%82%B0%E3%83%A9%E3%83%95%E3%83%88%29%20%E4%BC%9A%E7%A4%BE%E6%A6%82%E8%A6%81%20%E5%95%8F%E3%81%84%E5%90%88%E3%82%8F%E3%81%9B%20%E5%8D%B8
JASON MARKK(ジェイソンマーク),2,ファッション,連絡候補,,中小の見込み,メーカー名日本語,なし,あり,ミスチーフスニーカースタイル / PRECIOUS PLACE【毎日15時までのご注文で即日発送】,2,3,4,940,B00D12KGVW,【ジェイソンマーク】 JASON MARKK ESSENTIAL KIT スニーカー クリーナー ( ディープクリーニン,https://www.amazon.co.jp/dp/B00D12KGVW,https://www.google.com/search?q=JASON%20MARKK%28%E3%82%B8%E3%82%A7%E3%82%A4%E3%82%BD%E3%83%B3%E3%83%9E%E3%83%BC%E3%82%AF%29%20%E4%BC%9A%E7%A4%BE%E6%A6%82%E8%A6%81%20%E5%95%8F%E3%81%84%E5%90%88%E3%82%8F%E3%81%9B%20%E5%8D%B8
JELLY JELLY GAMES,2,おもちゃ,連絡候補,,中小の見込み,JAN45/49,なし,あり,ゆかいなさかな / ボードゲームカフェ7Gold,2,2,3,1546,B081SKGBFP,JELLYJELLYGAMES クリプティッド 伝説の生物はどこにいる？ヒントを組み合わせて先に見つけた人が勝つ論理推理,https://www.amazon.co.jp/dp/B081SKGBFP,https://www.google.com/search?q=JELLY%20JELLY%20GAMES%20%E4%BC%9A%E7%A4%BE%E6%A6%82%E8%A6%81%20%E5%95%8F%E3%81%84%E5%90%88%E3%82%8F%E3%81%9B%20%E5%8D%B8
KAYOTOYS カヨトイズ,2,おもちゃ,連絡候補,,中小の見込み,JAN45/49／manufacturer日本語／メーカー名日本語／日本法人格,なし,あり,【カヨトイズ公式】 / 【くらしのあれこれ屋】,2,3,3,1211,B0DNF81JHK,カヨトイズ パウ・パトロール キッズデジタルカメラ マーシャル（レッド）3歳以上 写真・動画撮影 ゲーム 音楽再生,https://www.amazon.co.jp/dp/B0DNF81JHK,https://www.google.com/search?q=KAYOTOYS%20%E3%82%AB%E3%83%A8%E3%83%88%E3%82%A4%E3%82%BA%20%E4%BC%9A%E7%A4%BE%E6%A6%82%E8%A6%81%20%E5%95%8F%E3%81%84%E5%90%88%E3%82%8F%E3%81%9B%20%E5%8D%B8
"KEIYO ENGINEERING CO.,LTD.",2,パソコン・周辺機器,連絡候補,,中小の見込み,JAN45/49,なし,あり,北陸物販【インボイス登録済】 / KEIYO公式ショップ / ECカレント,4,6,6,7544,B0DHV2KW3X,KEIYO 車載対応Wi-Fiルーター初回120GB付きバッテリーレス USB電源使用 車用Wi-Fi 買い切り 契約不,https://www.amazon.co.jp/dp/B0DHV2KW3X,https://www.google.com/search?q=KEIYO%20ENGINEERING%20CO.%2CLTD.%20%E4%BC%9A%E7%A4%BE%E6%A6%82%E8%A6%81%20%E5%95%8F%E3%81%84%E5%90%88%E3%82%8F%E3%81%9B%20%E5%8D%B8
MEDICOM TOY,2,ホビー,連絡候補,,中小の見込み,JAN45/49,なし,あり,FJOオンライン / インボイス登録事業者 NS商店 すり替え抜き取り対策実施店舗 / 良品マーケティング,6,6,6,6994,B088MN3K38,メディコム・トイ MAFEX マフェックス No.131 GAMBIT ガンビット COMIC Ver. 全高約160m,https://www.amazon.co.jp/dp/B088MN3K38,https://www.google.com/search?q=MEDICOM%20TOY%20%E4%BC%9A%E7%A4%BE%E6%A6%82%E8%A6%81%20%E5%95%8F%E3%81%84%E5%90%88%E3%82%8F%E3%81%9B%20%E5%8D%B8
NAIGAI,2,スポーツ＆アウトドア,連絡候補,,中小の見込み,JAN45/49／manufacturer日本語,なし,あり,キングダム株式会社 / 野球用品 スワロースポーツ～スワロー限定で検索～,2,2,2,2529,B07QQXBC5G,内外ゴム(NAIGAI) ナイガイベースボール Mプラクティス 1ダース(12球) 白,https://www.amazon.co.jp/dp/B07QQXBC5G,https://www.google.com/search?q=NAIGAI%20%E4%BC%9A%E7%A4%BE%E6%A6%82%E8%A6%81%20%E5%95%8F%E3%81%84%E5%90%88%E3%82%8F%E3%81%9B%20%E5%8D%B8
Nikitea,2,ペット用品,連絡候補,,判定不能,JAN45/49,なし,あり,GTインポート / 【インボイス対応：すり替え対策実施店】スマイル,2,3,3,1311,B01G6JZINC,Nikitea 鳥用 有機ペレット Harrison ハリソンバードフード 超小粒SF スーパーファイン,https://www.amazon.co.jp/dp/B01G6JZINC,https://www.google.com/search?q=Nikitea%20%E4%BC%9A%E7%A4%BE%E6%A6%82%E8%A6%81%20%E5%95%8F%E3%81%84%E5%90%88%E3%82%8F%E3%81%9B%20%E5%8D%B8
OOFOS(ウーフォス),2,ファッション,連絡候補,,中小の見込み,メーカー名日本語,なし,あり,【土日祝も休まず出荷（一部商品を除く）】リヴェラール【日本流通自主管理協会(AACD)加盟店】 / 【日本企業公式店舗・全商品保証対象】アバターガーデン / SelectShopNAVY【正規品のみ販売、全品新品、日本国内から発送】,3,4,4,5203,B0DYNK9VPH,[ウーフォス] ウーメガ リカバリーサンダル OOFOS Oomega レディース 厚底サンダル (ノマド(NOMAD),https://www.amazon.co.jp/dp/B0DYNK9VPH,https://www.google.com/search?q=OOFOS%28%E3%82%A6%E3%83%BC%E3%83%95%E3%82%A9%E3%82%B9%29%20%E4%BC%9A%E7%A4%BE%E6%A6%82%E8%A6%81%20%E5%95%8F%E3%81%84%E5%90%88%E3%82%8F%E3%81%9B%20%E5%8D%B8
SilentPower,2,DIY・工具・ガーデン,連絡候補,,判定不能,JAN45/49,なし,あり,オーディオ 吉田苑 / 三木楽器株式会社 / 株式会社エミライ,4,5,5,6503,B0DXP2HVZ9,Silentpower iPower2 【日本正規店より発送】ノイズ抑制 電源 (iPower2 9V),https://www.amazon.co.jp/dp/B0DXP2HVZ9,https://www.google.com/search?q=SilentPower%20%E4%BC%9A%E7%A4%BE%E6%A6%82%E8%A6%81%20%E5%95%8F%E3%81%84%E5%90%88%E3%82%8F%E3%81%9B%20%E5%8D%B8
Yonker,2,ホーム＆キッチン,連絡候補,,判定不能,JAN45/49／manufacturer日本語,セラー名に中国企業表記/ピンイン／メーカー名が中国企業表記,あり,【マケプレお急ぎ便対応店舗】ショップデクリニック / マツヨシ,2,3,3,1070,B0B643HNNP,パルスオキシメーター 付属品セット ホワイト 国内検品 松吉医科器械 血中酸素濃度 心拍計 在宅看護 体調管理 介護 病,https://www.amazon.co.jp/dp/B0B643HNNP,https://www.google.com/search?q=Yonker%20%E4%BC%9A%E7%A4%BE%E6%A6%82%E8%A6%81%20%E5%95%8F%E3%81%84%E5%90%88%E3%82%8F%E3%81%9B%20%E5%8D%B8
mimimamo,2,家電＆カメラ,連絡候補,,中小の見込み,JAN45/49／manufacturer日本語／日本法人格,なし,あり,キットカット【創業33年/適格請求書発行事業者】 / e☆イヤホン【イヤホン・ヘッドホン専門店 16時までの通常注文は当日発送！】,2,2,3,1260,B0DC29KJXM,mimimamo (ミミマモ) ウルトラフィット・イヤーパッドカバー ドーナツ型 日本製 (ブラック) 各機種への対応は,https://www.amazon.co.jp/dp/B0DC29KJXM,https://www.google.com/search?q=mimimamo%20%E4%BC%9A%E7%A4%BE%E6%A6%82%E8%A6%81%20%E5%95%8F%E3%81%84%E5%90%88%E3%82%8F%E3%81%9B%20%E5%8D%B8
simplism,2,パソコン・周辺機器,連絡候補,,中小の見込み,JAN45/49／manufacturer日本語,なし,あり,ECカレント / イーベスト家電 / キットカット【創業33年/適格請求書発行事業者】,4,6,6,478,B0D2ZXHQ8F,Simplism シンプリズム スマ冷えプレミアムラージ ホワイト TR-SHPL-WT,https://www.amazon.co.jp/dp/B0D2ZXHQ8F,https://www.google.com/search?q=simplism%20%E4%BC%9A%E7%A4%BE%E6%A6%82%E8%A6%81%20%E5%95%8F%E3%81%84%E5%90%88%E3%82%8F%E3%81%9B%20%E5%8D%B8
suptronics,2,パソコン・周辺機器,連絡候補,,判定不能,manufacturer日本語,なし,あり,オンラインショップ メディアファクトリー【インボイス登録済】 / グローバルネットワークス【適格請求書発行事業者】 / まいにち＋ まごころ安心ストア,5,5,5,4274,B0CJN56F3Z,Raspberry Pi 公式 カメラモジュール【Raspberry Pi Camera V3】 (Wide 可視光[S,https://www.amazon.co.jp/dp/B0CJN56F3Z,https://www.google.com/search?q=suptronics%20%E4%BC%9A%E7%A4%BE%E6%A6%82%E8%A6%81%20%E5%95%8F%E3%81%84%E5%90%88%E3%82%8F%E3%81%9B%20%E5%8D%B8
あしあげ隊,2,DIY・工具・ガーデン,連絡候補,,中小の見込み,JAN45/49／manufacturer日本語／メーカー名日本語／日本法人格,なし,あり,株式会社タツフト / 株式会社コジマ,2,2,2,1126,B08L7YV73F,あしあげ隊 TFi-7015T 冷蔵庫など キズ凹み防止ゴムマット タツフト (旧:hmd-7015T),https://www.amazon.co.jp/dp/B08L7YV73F,https://www.google.com/search?q=%E3%81%82%E3%81%97%E3%81%82%E3%81%92%E9%9A%8A%20%E4%BC%9A%E7%A4%BE%E6%A6%82%E8%A6%81%20%E5%95%8F%E3%81%84%E5%90%88%E3%82%8F%E3%81%9B%20%E5%8D%B8
イガラシ(Igarashi),2,おもちゃ,連絡候補,,中小の見込み,JAN45/49／メーカー名日本語,なし,あり,合同会社K-Net / ✅シャイニングストア / アウトドアプラザハヤサカ,3,3,3,1195,B09XXHFGF2,イガラシ ウォーターシャワースライダー 254×116×78cm(膨らましサイズ) シャワー付き 大・小 空気栓付 PA,https://www.amazon.co.jp/dp/B09XXHFGF2,https://www.google.com/search?q=%E3%82%A4%E3%82%AC%E3%83%A9%E3%82%B7%28Igarashi%29%20%E4%BC%9A%E7%A4%BE%E6%A6%82%E8%A6%81%20%E5%95%8F%E3%81%84%E5%90%88%E3%82%8F%E3%81%9B%20%E5%8D%B8
トイコー(Toyco),2,おもちゃ,連絡候補,,中小の見込み,JAN45/49／メーカー名日本語,なし,あり,フェイス　オンラインSHOP / M&Nショップ / ぺぺジンジャー,4,5,5,2706,B07TD8VF3N,トイコー(Toyco) 乗用 都営バス,https://www.amazon.co.jp/dp/B07TD8VF3N,https://www.google.com/search?q=%E3%83%88%E3%82%A4%E3%82%B3%E3%83%BC%28Toyco%29%20%E4%BC%9A%E7%A4%BE%E6%A6%82%E8%A6%81%20%E5%95%8F%E3%81%84%E5%90%88%E3%82%8F%E3%81%9B%20%E5%8D%B8
ネットステージ,2,車＆バイク,連絡候補,,判定不能,manufacturer日本語／メーカー名日本語,なし,あり,スケルトン / Re:zA Works (リザ ワークス) / AKY stores[適格請求書発行事業者],4,6,6,696,B07SKTLK8N,エバポレーター洗浄用 カーエアコン洗浄 スーパージェットマックス ガソリン車用スーパーJET MAX 79615,https://www.amazon.co.jp/dp/B07SKTLK8N,https://www.google.com/search?q=%E3%83%8D%E3%83%83%E3%83%88%E3%82%B9%E3%83%86%E3%83%BC%E3%82%B8%20%E4%BC%9A%E7%A4%BE%E6%A6%82%E8%A6%81%20%E5%95%8F%E3%81%84%E5%90%88%E3%82%8F%E3%81%9B%20%E5%8D%B8
メディコム・トイ(MEDICOM TOY),2,ホビー,連絡候補,,中小の見込み,JAN45/49／メーカー名日本語,なし,あり,インボイス制度対応済 SHOP Forest 【千葉県公安委員会 第441010002465号】 / アフネコオンライン（プチプチ、ＯＰＰ袋梱包実施店）インボイス対応,2,6,6,5922,B0CNJHNSDW,MAFEX マフェックス No.227 LUKE SKYWALKER (TM) ルーク スカイウォーカー THE MAN,https://www.amazon.co.jp/dp/B0CNJHNSDW,https://www.google.com/search?q=%E3%83%A1%E3%83%87%E3%82%A3%E3%82%B3%E3%83%A0%E3%83%BB%E3%83%88%E3%82%A4%28MEDICOM%20TOY%29%20%E4%BC%9A%E7%A4%BE%E6%A6%82%E8%A6%81%20%E5%95%8F%E3%81%84%E5%90%88%E3%82%8F%E3%81%9B%20%E5%8D%B8
メロリン,2,産業・研究開発用品,連絡候補,,判定不能,JAN45/49／manufacturer日本語／メーカー名日本語,なし,あり,MeReCare-y（メリケア） / やよい物流センター店売 / 【マケプレお急ぎ便対応店舗】ショップデクリニック,5,5,5,4116,B018G4MZLS,スミス・アンド・ネフュー ウンド マネジメント メロリン 10×10cm 100枚入 66974941 …,https://www.amazon.co.jp/dp/B018G4MZLS,https://www.google.com/search?q=%E3%83%A1%E3%83%AD%E3%83%AA%E3%83%B3%20%E4%BC%9A%E7%A4%BE%E6%A6%82%E8%A6%81%20%E5%95%8F%E3%81%84%E5%90%88%E3%82%8F%E3%81%9B%20%E5%8D%B8
モリドライブ(MORIDRIVE),2,車＆バイク,連絡候補,,中小の見込み,JAN45/49／メーカー名日本語,なし,あり,もちまるストア【適格請求書発行事業者】 / 昭和浪漫(賞味期限はコンディション覧参照),2,2,2,682,B08QVJWS85,モリドライブ エンジンオイル サイレントプラス 5W-30 3L SP GF-6A 全合成油 四輪車 軽自動車 ルート産,https://www.amazon.co.jp/dp/B08QVJWS85,https://www.google.com/search?q=%E3%83%A2%E3%83%AA%E3%83%89%E3%83%A9%E3%82%A4%E3%83%96%28MORIDRIVE%29%20%E4%BC%9A%E7%A4%BE%E6%A6%82%E8%A6%81%20%E5%95%8F%E3%81%84%E5%90%88%E3%82%8F%E3%81%9B%20%E5%8D%B8
ユーブロック,2,パソコン・周辺機器,連絡候補,,判定不能,manufacturer日本語／メーカー名日本語,なし,あり,Chou Chou (シュシュ) / KMT市場インターネット店（安心安全配送、返品対策店） / オールジャンル真心オンライン★365日迅速発送★,5,6,6,3512,B083CZQ4H3,ユーブロック（U・Vlock） サンソリット,https://www.amazon.co.jp/dp/B083CZQ4H3,https://www.google.com/search?q=%E3%83%A6%E3%83%BC%E3%83%96%E3%83%AD%E3%83%83%E3%82%AF%20%E4%BC%9A%E7%A4%BE%E6%A6%82%E8%A6%81%20%E5%95%8F%E3%81%84%E5%90%88%E3%82%8F%E3%81%9B%20%E5%8D%B8
ワンダーランド,2,おもちゃ,連絡候補,,判定不能,JAN45/49／manufacturer日本語／メーカー名日本語,なし,あり,グローバルプラザ -インボイス発行事業者- / リトルフィールド / ウィルマージ,3,3,3,460,B004DTYCFS,トミカ おふろでペタペタ!デラックス,https://www.amazon.co.jp/dp/B004DTYCFS,https://www.google.com/search?q=%E3%83%AF%E3%83%B3%E3%83%80%E3%83%BC%E3%83%A9%E3%83%B3%E3%83%89%20%E4%BC%9A%E7%A4%BE%E6%A6%82%E8%A6%81%20%E5%95%8F%E3%81%84%E5%90%88%E3%82%8F%E3%81%9B%20%E5%8D%B8
山形工房(Yamagata Koubou),2,おもちゃ,連絡候補,,中小の見込み,JAN45/49／manufacturer日本語／メーカー名日本語／日本法人格,なし,あり,ティーズマルシェ / ザクザクマーケット / 木のおもちゃコモック 15時迄の注文は基本当日出荷,3,3,3,531,B01EMI042E,けん玉 日本けん玉協会認定 競技用けん玉 大空 水色 No-1312,https://www.amazon.co.jp/dp/B01EMI042E,https://www.google.com/search?q=%E5%B1%B1%E5%BD%A2%E5%B7%A5%E6%88%BF%28Yamagata%20Koubou%29%20%E4%BC%9A%E7%A4%BE%E6%A6%82%E8%A6%81%20%E5%95%8F%E3%81%84%E5%90%88%E3%82%8F%E3%81%9B%20%E5%8D%B8
21Technology,1,スポーツ＆アウトドア,連絡候補,,中小の見込み,JAN45/49,なし,あり,21テクノロジー,1,2,2,10493,B00I4IWED6,21Technology 折りたたみママチャリ (26インチ) 自転車 シティサイクル ママチャリ 折畳 6段ギヤ付き ,https://www.amazon.co.jp/dp/B00I4IWED6,https://www.google.com/search?q=21Technology%20%E4%BC%9A%E7%A4%BE%E6%A6%82%E8%A6%81%20%E5%95%8F%E3%81%84%E5%90%88%E3%82%8F%E3%81%9B%20%E5%8D%B8
ANTERCITE,1,スポーツ＆アウトドア,連絡候補,,判定不能,JAN45/49,なし,あり,野球用品専門店　野球館 ～野球館オリジナルで検索～ / スポーツショップYOU / スポーツHIT＆RUN,4,5,5,942,B091KSMZ8T,【公式】ボールパークドットコム PROTEIOS（プロティオス） グラブトリートメント 150ml スプレーボトル グラ,https://www.amazon.co.jp/dp/B091KSMZ8T,https://www.google.com/search?q=ANTERCITE%20%E4%BC%9A%E7%A4%BE%E6%A6%82%E8%A6%81%20%E5%95%8F%E3%81%84%E5%90%88%E3%82%8F%E3%81%9B%20%E5%8D%B8
BAL,1,車＆バイク,連絡候補,,中小の見込み,JAN45/49,なし,あり,A1 ショップ【3300円以上で全国送料無料】※一部送料無料もございます / モトメガネ（運営元：パークアップ） / 道具屋さん. com,3,3,3,736,B08G898L3P,BAL(大橋産業) 空気入れ 自動車 自転車用空気入れ 高圧フットポンプ シングルシリンダー イエロー No.1925,https://www.amazon.co.jp/dp/B08G898L3P,https://www.google.com/search?q=BAL%20%E4%BC%9A%E7%A4%BE%E6%A6%82%E8%A6%81%20%E5%95%8F%E3%81%84%E5%90%88%E3%82%8F%E3%81%9B%20%E5%8D%B8
BAMBO Nature(バンボネイチャー),1,ベビー＆マタニティ,連絡候補,,中小の見込み,manufacturer日本語／メーカー名日本語,なし,あり,エルトリプル / オーガニックライフサポート《10000円以上で送料無料※北海道・離島・沖縄除く》 / 健康サポート専門店 《5900円以上で送料無料※北海道・離島・沖縄除く》,5,5,5,1226,B08YRVZRGS,BAMBO Nature バンボネイチャー ドリーム パンツタイプ L （11kg～17kg） 20枚入り（bn1693,https://www.amazon.co.jp/dp/B08YRVZRGS,https://www.google.com/search?q=BAMBO%20Nature%28%E3%83%90%E3%83%B3%E3%83%9C%E3%83%8D%E3%82%A4%E3%83%81%E3%83%A3%E3%83%BC%29%20%E4%BC%9A%E7%A4%BE%E6%A6%82%E8%A6%81%20%E5%95%8F%E3%81%84%E5%90%88%E3%82%8F%E3%81%9B%20%E5%8D%B8
BIIOONES,1,おもちゃ,連絡候補,,判定不能,JAN45/49,なし,あり,フェスティバルプラザ / クローズバイジャパン / テラフォーマー&ドラッグストアPille,6,6,6,780,B00L85YHSC,鈴木ラテックス ペンシルバルーン 100本入 2個セット,https://www.amazon.co.jp/dp/B00L85YHSC,https://www.google.com/search?q=BIIOONES%20%E4%BC%9A%E7%A4%BE%E6%A6%82%E8%A6%81%20%E5%95%8F%E3%81%84%E5%90%88%E3%82%8F%E3%81%9B%20%E5%8D%B8
Bit Trade One,1,パソコン・周辺機器,連絡候補,,中小の見込み,JAN45/49,なし,あり,ビット・トレード・ワン,1,3,3,2618,B07Y8BPVV4,BitTradeOne ADUSBCIM USB CABLE CHECKER 2,https://www.amazon.co.jp/dp/B07Y8BPVV4,https://www.google.com/search?q=Bit%20Trade%20One%20%E4%BC%9A%E7%A4%BE%E6%A6%82%E8%A6%81%20%E5%95%8F%E3%81%84%E5%90%88%E3%82%8F%E3%81%9B%20%E5%8D%B8
Clipa,1,ファッション,連絡候補,,判定不能,JAN45/49,なし,あり,goodslab(グッズラボ) / エフシーインテリア / カバンのセレクション【日本正規品】,4,4,4,1391,B01H6MJ4II,Clipa クリッパ クリッパ つやなしブラックシルバー 黒,https://www.amazon.co.jp/dp/B01H6MJ4II,https://www.google.com/search?q=Clipa%20%E4%BC%9A%E7%A4%BE%E6%A6%82%E8%A6%81%20%E5%95%8F%E3%81%84%E5%90%88%E3%82%8F%E3%81%9B%20%E5%8D%B8
EDISONmama(エジソンママ),1,ベビー＆マタニティ,連絡候補,,中小の見込み,JAN45/49／manufacturer日本語／メーカー名日本語／日本法人格,なし,あり,ベビー・ペット用品【doridori】 / プチ・ママ,2,3,3,6637,B0DDPVYTL6,EDISONmama(エジソンママ) ディズニー Disney プレイマット ミッキーマウス もちもち 低反発 ベビーマ,https://www.amazon.co.jp/dp/B0DDPVYTL6,https://www.google.com/search?q=EDISONmama%28%E3%82%A8%E3%82%B8%E3%82%BD%E3%83%B3%E3%83%9E%E3%83%9E%29%20%E4%BC%9A%E7%A4%BE%E6%A6%82%E8%A6%81%20%E5%95%8F%E3%81%84%E5%90%88%E3%82%8F%E3%81%9B%20%E5%8D%B8
Effects Bakery,1,楽器・音響機器,連絡候補,,中小の見込み,JAN45/49,なし,あり,エフェクター専門店ナインボルト / ギタープラネットWebショップ / 楽器ランド サンクス,3,4,4,2547,B09P3NVD9T,Effects Bakery エフェクツベーカリー Bagel OverDrive [EB-BODn] / オーバードラ,https://www.amazon.co.jp/dp/B09P3NVD9T,https://www.google.com/search?q=Effects%20Bakery%20%E4%BC%9A%E7%A4%BE%E6%A6%82%E8%A6%81%20%E5%95%8F%E3%81%84%E5%90%88%E3%82%8F%E3%81%9B%20%E5%8D%B8
Farecla(ファレクラ),1,車＆バイク,連絡候補,,中小の見込み,メーカー名日本語,なし,あり,DSPショップ / プロウェル_自動車補修用品店 / ネットペイント,4,4,4,1492,B01MRZ9FWU,ファレクラ コンパウンド New G3 1L,https://www.amazon.co.jp/dp/B01MRZ9FWU,https://www.google.com/search?q=Farecla%28%E3%83%95%E3%82%A1%E3%83%AC%E3%82%AF%E3%83%A9%29%20%E4%BC%9A%E7%A4%BE%E6%A6%82%E8%A6%81%20%E5%95%8F%E3%81%84%E5%90%88%E3%82%8F%E3%81%9B%20%E5%8D%B8
HIDISC,1,パソコン・周辺機器,連絡候補,,中小の見込み,JAN45/49／manufacturer日本語／日本法人格,なし,あり,クイックセラーモール / TAKA SHOP【インボイス登録店】,2,3,4,1553,B0BVPYDLBD,HIDISC [データ復旧サービス付] microSDカード 256GB 超高速 重要データ 保存 データ転送 SDXC,https://www.amazon.co.jp/dp/B0BVPYDLBD,https://www.google.com/search?q=HIDISC%20%E4%BC%9A%E7%A4%BE%E6%A6%82%E8%A6%81%20%E5%95%8F%E3%81%84%E5%90%88%E3%82%8F%E3%81%9B%20%E5%8D%B8
Hikari(ヒカリ),1,ペット用品,連絡候補,,中小の見込み,JAN45/49／manufacturer日本語／メーカー名日本語,なし,あり,ペットグッズ・りりあ / スペシャルスペースアマゾン店 / むさしのメディアセンタ,3,3,3,338,B07WFSJ9QS,「ヒカリ (Hikari) ひかりクレスト タートルスタンドパック 250g」 2個セット,https://www.amazon.co.jp/dp/B07WFSJ9QS,https://www.google.com/search?q=Hikari%28%E3%83%92%E3%82%AB%E3%83%AA%29%20%E4%BC%9A%E7%A4%BE%E6%A6%82%E8%A6%81%20%E5%95%8F%E3%81%84%E5%90%88%E3%82%8F%E3%81%9B%20%E5%8D%B8
IK Multimedia,1,楽器・音響機器,連絡候補,,中小の見込み,JAN45/49,なし,あり,ミュージックランドKEY WEST オンラインストア / イシバシ楽器 / アウル・ビジョン 株式会社,4,5,5,7532,B01CQBU87U,IK Multimedia iRig BlueTurn iRigシリーズ 12.6*9.3*2.5cm 国内正規品,https://www.amazon.co.jp/dp/B01CQBU87U,https://www.google.com/search?q=IK%20Multimedia%20%E4%BC%9A%E7%A4%BE%E6%A6%82%E8%A6%81%20%E5%95%8F%E3%81%84%E5%90%88%E3%82%8F%E3%81%9B%20%E5%8D%B8
JPjoy,1,おもちゃ,連絡候補,,判定不能,manufacturer日本語／日本法人格,なし,あり,コトブキ-セレクション,1,3,4,484,B0F6M1869C,言いカエル 【発想力とユーモアが試される！】友達や家族で盛り上がる言葉遊びカードゲーム コミュニケーション力アップ・2〜,https://www.amazon.co.jp/dp/B0F6M1869C,https://www.google.com/search?q=JPjoy%20%E4%BC%9A%E7%A4%BE%E6%A6%82%E8%A6%81%20%E5%95%8F%E3%81%84%E5%90%88%E3%82%8F%E3%81%9B%20%E5%8D%B8
KBファーム,1,ペット用品,連絡候補,,中小の見込み,JAN45/49／manufacturer日本語／メーカー名日本語,なし,あり,ペットグッズ・りりあ,1,2,2,2510,B0CG16W2PC,KBファーム プロゼリー(16g 500個入り) 高たんぱく カブトムシ・クワガタ用,https://www.amazon.co.jp/dp/B0CG16W2PC,https://www.google.com/search?q=KB%E3%83%95%E3%82%A1%E3%83%BC%E3%83%A0%20%E4%BC%9A%E7%A4%BE%E6%A6%82%E8%A6%81%20%E5%95%8F%E3%81%84%E5%90%88%E3%82%8F%E3%81%9B%20%E5%8D%B8
KOMAINU GAMES,1,おもちゃ,連絡候補,,中小の見込み,JAN45/49,なし,あり,コマイヌゲームス / ミーニャ 簡易梱包、衣類ぬいぐるみ等は圧縮後発送となります,2,2,2,1316,B0DH4QBCY7,アリスの時間迷宮 第二版 - 1人用デッキ構築ゲーム、30-180分、12才以上対象,https://www.amazon.co.jp/dp/B0DH4QBCY7,https://www.google.com/search?q=KOMAINU%20GAMES%20%E4%BC%9A%E7%A4%BE%E6%A6%82%E8%A6%81%20%E5%95%8F%E3%81%84%E5%90%88%E3%82%8F%E3%81%9B%20%E5%8D%B8
KOSS(コス),1,家電＆カメラ,連絡候補,,中小の見込み,メーカー名日本語,なし,あり,KKPLオンライン / Lotus Store(ロータスストア）,2,4,4,4419,B005I49784,KOSS オープンタイプヘッドフォン KOSS PORTA PRO Red Hot　北欧限定カラー【並行輸入品】,https://www.amazon.co.jp/dp/B005I49784,https://www.google.com/search?q=KOSS%28%E3%82%B3%E3%82%B9%29%20%E4%BC%9A%E7%A4%BE%E6%A6%82%E8%A6%81%20%E5%95%8F%E3%81%84%E5%90%88%E3%82%8F%E3%81%9B%20%E5%8D%B8
Kurilon,1,ベビー＆マタニティ,連絡候補,,中小の見込み,JAN45/49／manufacturer日本語／日本法人格,なし,あり,"GARDENINA（ガーデニーナ） / ウエルシアドットコム 【WP岡山西大寺東店西日本地域】 【WPロジプレイス八王子店東日本地域】 / 【税込6,600円以上で送料無料！】富士薬品【公式】オンラインショップ",3,3,3,2272,B07N37S6BV,BOS おむつが臭わない袋 大人用 Lサイズ 90枚入 5箱セット,https://www.amazon.co.jp/dp/B07N37S6BV,https://www.google.com/search?q=Kurilon%20%E4%BC%9A%E7%A4%BE%E6%A6%82%E8%A6%81%20%E5%95%8F%E3%81%84%E5%90%88%E3%82%8F%E3%81%9B%20%E5%8D%B8
LEWITT,1,楽器・音響機器,連絡候補,,中小の見込み,JAN45/49,なし,あり,イシバシ楽器 / アウル・ビジョン 株式会社 / 株式会社サンフォニックス,3,4,4,8830,B071NXWTX9,LEWITT LCT 240 PRO BLACK コンデンサーマイク 配信 ストリーマー ポッドキャスト DTM レコー,https://www.amazon.co.jp/dp/B071NXWTX9,https://www.google.com/search?q=LEWITT%20%E4%BC%9A%E7%A4%BE%E6%A6%82%E8%A6%81%20%E5%95%8F%E3%81%84%E5%90%88%E3%82%8F%E3%81%9B%20%E5%8D%B8
La Fairy,1,ホーム＆キッチン,連絡候補,,判定不能,JAN45/49,なし,あり,ときめきStore / ベストCBDストア,2,2,2,1534,B0DSGSCT5P,ラ フェアリー ミニ 電動 振動 リラクゼーション コンセント式 かんたんダイヤル操作,https://www.amazon.co.jp/dp/B0DSGSCT5P,https://www.google.com/search?q=La%20Fairy%20%E4%BC%9A%E7%A4%BE%E6%A6%82%E8%A6%81%20%E5%95%8F%E3%81%84%E5%90%88%E3%82%8F%E3%81%9B%20%E5%8D%B8
Leatherwood Bespoke Rosin 社,1,楽器・音響機器,連絡候補,,中小の見込み,メーカー名日本語,なし,あり,キャピタルミュージック / クワトロ弦楽器webアマゾン店 【安心の弦楽器専門店・実店舗から発送】 / EC工房,4,4,4,5627,B07PYS9V3C,Leatherwood Bespoke Rosin レザーウッド ベスポーク松脂　violin Crisp（ヴァイオリン,https://www.amazon.co.jp/dp/B07PYS9V3C,https://www.google.com/search?q=Leatherwood%20Bespoke%20Rosin%20%E7%A4%BE%20%E4%BC%9A%E7%A4%BE%E6%A6%82%E8%A6%81%20%E5%95%8F%E3%81%84%E5%90%88%E3%82%8F%E3%81%9B%20%E5%8D%B8
LisoLife(理想ライフ),1,ホーム＆キッチン,連絡候補,,判定不能,メーカー名日本語,なし,あり,電気ポット-JP店-YXC / 電気ポット日本専門店-GWQ,2,2,2,2288,B0D7PWBYWD,【1台多役】 電気鍋 一人用 1L 600W 一人鍋 煮る/焼く/炒める/温める 着脱式 丸洗い可 一人暮らし 車中泊 ,https://www.amazon.co.jp/dp/B0D7PWBYWD,https://www.google.com/search?q=LisoLife%28%E7%90%86%E6%83%B3%E3%83%A9%E3%82%A4%E3%83%95%29%20%E4%BC%9A%E7%A4%BE%E6%A6%82%E8%A6%81%20%E5%95%8F%E3%81%84%E5%90%88%E3%82%8F%E3%81%9B%20%E5%8D%B8
Locatis,1,スポーツ＆アウトドア,連絡候補,,判定不能,JAN45/49,なし,あり,ONEBEST1+【インボイス発行事業者】 / しおねっと / Webゆとり,3,6,6,905,B001GC5VZ0,JOK アウトドア ポンプ FLP-68,https://www.amazon.co.jp/dp/B001GC5VZ0,https://www.google.com/search?q=Locatis%20%E4%BC%9A%E7%A4%BE%E6%A6%82%E8%A6%81%20%E5%95%8F%E3%81%84%E5%90%88%E3%82%8F%E3%81%9B%20%E5%8D%B8
METIYA,1,パソコン・周辺機器,連絡候補,,判定不能,manufacturer日本語,なし,あり,メティヤ,1,2,2,1423,B0924DT7W3,METIYA ノートパソコン スタンド モニターアーム 17インチまで 耐荷重8KGまで 多関節調節便利 両用式 黒い,https://www.amazon.co.jp/dp/B0924DT7W3,https://www.google.com/search?q=METIYA%20%E4%BC%9A%E7%A4%BE%E6%A6%82%E8%A6%81%20%E5%95%8F%E3%81%84%E5%90%88%E3%82%8F%E3%81%9B%20%E5%8D%B8
MILITARY BASE,1,ホビー,連絡候補,,判定不能,JAN45/49／manufacturer日本語,なし,あり,ホビーエクスプレス / ミリタリーベース,2,2,2,469,B0788LWCL8,MILITARY-BASE(ミリタリーベース)ガンファイター バーティカルグリップ ショート M-LOK,https://www.amazon.co.jp/dp/B0788LWCL8,https://www.google.com/search?q=MILITARY%20BASE%20%E4%BC%9A%E7%A4%BE%E6%A6%82%E8%A6%81%20%E5%95%8F%E3%81%84%E5%90%88%E3%82%8F%E3%81%9B%20%E5%8D%B8
Mt.SUMI,1,スポーツ＆アウトドア,連絡候補,,中小の見込み,JAN45/49,なし,あり,ハンモック・チェア ハンモック専門店 株式会社キュリアス 当日・翌日出荷対応致します / WEST WEB STORE【通常当日～翌日出荷 一部対象外あり】 / フィッシングマックス,4,6,6,1646,B0F2LRKWCL,[ Mt.SUMI (マウントスミ)] パーフェクトグリル マイクロ (レクタ) / bbq 折り畳み コンパクト ポケ,https://www.amazon.co.jp/dp/B0F2LRKWCL,https://www.google.com/search?q=Mt.SUMI%20%E4%BC%9A%E7%A4%BE%E6%A6%82%E8%A6%81%20%E5%95%8F%E3%81%84%E5%90%88%E3%82%8F%E3%81%9B%20%E5%8D%B8
N-style,1,車＆バイク,連絡候補,,判定不能,JAN45/49／manufacturer日本語／日本法人格,なし,あり,ツルタオンラインショップ【土日祝も出荷中】 / エスピーアイ(適格請求書発行事業者登録番号:T9040001058026)) / 関西オートパーツ販売,4,4,4,6174,B0F4MYBLGV,N-Style エヌスタイル 極音ホーン ゴクオン 電子ホーン Ver2,https://www.amazon.co.jp/dp/B0F4MYBLGV,https://www.google.com/search?q=N-style%20%E4%BC%9A%E7%A4%BE%E6%A6%82%E8%A6%81%20%E5%95%8F%E3%81%84%E5%90%88%E3%82%8F%E3%81%9B%20%E5%8D%B8
NIPLUX,1,ホーム＆キッチン,連絡候補,,中小の見込み,JAN45/49／manufacturer日本語／日本法人格,なし,あり,株式会社日創プラス / ECJOY! [創業24年インボイスT7011001061049],2,2,2,3005,B0CHXYLPCZ,NIPLUX 博士監修 EMS強化通電率150％UP 足裏フットマット 足ツボ足裏ケア ５種類モード19段階強 メモリー,https://www.amazon.co.jp/dp/B0CHXYLPCZ,https://www.google.com/search?q=NIPLUX%20%E4%BC%9A%E7%A4%BE%E6%A6%82%E8%A6%81%20%E5%95%8F%E3%81%84%E5%90%88%E3%82%8F%E3%81%9B%20%E5%8D%B8
Nature's Protection,1,ペット用品,連絡候補,,中小の見込み,manufacturer日本語,なし,あり,株式会社タカ・エンタープライズ / コーテルマート,2,2,2,1971,B0CDNZPM6Y,ネイチャーズプロテクション Nature’s Protection ホワイトドッグ グレインフリー ホワイトフィッシュ ,https://www.amazon.co.jp/dp/B0CDNZPM6Y,https://www.google.com/search?q=Nature%27s%20Protection%20%E4%BC%9A%E7%A4%BE%E6%A6%82%E8%A6%81%20%E5%95%8F%E3%81%84%E5%90%88%E3%82%8F%E3%81%9B%20%E5%8D%B8
Neo Products,1,パソコン・周辺機器,連絡候補,,判定不能,JAN45/49,なし,あり,エムサウンド / e☆イヤホン【イヤホン・ヘッドホン専門店 16時までの通常注文は当日発送！】 / マークスミュージック,4,4,4,2800,B08L65QBZS,NEO by OYAIDE Elec d+ USB Type-C to C class B 1.0m USBケーブル,https://www.amazon.co.jp/dp/B08L65QBZS,https://www.google.com/search?q=Neo%20Products%20%E4%BC%9A%E7%A4%BE%E6%A6%82%E8%A6%81%20%E5%95%8F%E3%81%84%E5%90%88%E3%82%8F%E3%81%9B%20%E5%8D%B8
PKBジャパン,1,ペット用品,連絡候補,,中小の見込み,manufacturer日本語／メーカー名日本語,なし,あり,ぺットサプリのラブリー / ペット犬猫療法食動物病院【適格請求書発行事業者】,2,3,3,2717,B077M6XNZ5,PKBジャパン オーラティーン デンタルジェル 犬猫用 28g×2セット,https://www.amazon.co.jp/dp/B077M6XNZ5,https://www.google.com/search?q=PKB%E3%82%B8%E3%83%A3%E3%83%91%E3%83%B3%20%E4%BC%9A%E7%A4%BE%E6%A6%82%E8%A6%81%20%E5%95%8F%E3%81%84%E5%90%88%E3%82%8F%E3%81%9B%20%E5%8D%B8
PLUS91(プラス91）,1,車＆バイク,連絡候補,,判定不能,メーカー名日本語,なし,あり,Tネット【インボイス制度・適格請求書発行事業者】 / オフィス　K / OGI PLACE【インボイス適格請求書発行事業者】,4,5,5,3165,B002WSB7DW,高性能オイルシーリング剤 PLUS 91,https://www.amazon.co.jp/dp/B002WSB7DW,https://www.google.com/search?q=PLUS91%28%E3%83%97%E3%83%A9%E3%82%B991%EF%BC%89%20%E4%BC%9A%E7%A4%BE%E6%A6%82%E8%A6%81%20%E5%95%8F%E3%81%84%E5%90%88%E3%82%8F%E3%81%9B%20%E5%8D%B8
Qualia,1,おもちゃ,連絡候補,,判定不能,JAN45/49,なし,あり,さいたまホビーショップ ※中古コンディションは必ず画像と欠品を確認,1,3,3,1055,B0FSSBVH4G,DAISUKE KONDO アートコレクション マスコットフィギュア2 全6種セット,https://www.amazon.co.jp/dp/B0FSSBVH4G,https://www.google.com/search?q=Qualia%20%E4%BC%9A%E7%A4%BE%E6%A6%82%E8%A6%81%20%E5%95%8F%E3%81%84%E5%90%88%E3%82%8F%E3%81%9B%20%E5%8D%B8
RABLISS,1,ホーム＆キッチン,連絡候補,,判定不能,JAN45/49／manufacturer日本語／日本法人格,なし,あり,ひまわりストア　アマゾン店 / 【マケプレお急ぎ便対応店舗】ショップデクリニック,2,2,2,868,B097733QR1,【累計出荷数60万台突破】【医療機器認証】【豪華付属品4点セット】RABLISS パルスオキシメーター 医療用 家庭用 ,https://www.amazon.co.jp/dp/B097733QR1,https://www.google.com/search?q=RABLISS%20%E4%BC%9A%E7%A4%BE%E6%A6%82%E8%A6%81%20%E5%95%8F%E3%81%84%E5%90%88%E3%82%8F%E3%81%9B%20%E5%8D%B8
RAILROAD SOCK(レイルロードソック),1,ファッション,連絡候補,,中小の見込み,メーカー名日本語,なし,あり,はちまるや / GROSS(株式会社グローイング) / J.STORE EC事業部(適格請求書発行事業者),3,5,5,556,B00HYVR8IA,(レイルロードソック)RAILROAD SOCK クルーソックス 6足セット (ホワイト),https://www.amazon.co.jp/dp/B00HYVR8IA,https://www.google.com/search?q=RAILROAD%20SOCK%28%E3%83%AC%E3%82%A4%E3%83%AB%E3%83%AD%E3%83%BC%E3%83%89%E3%82%BD%E3%83%83%E3%82%AF%29%20%E4%BC%9A%E7%A4%BE%E6%A6%82%E8%A6%81%20%E5%95%8F%E3%81%84%E5%90%88%E3%82%8F%E3%81%9B%20%E5%8D%B8
Rockit(ロキット),1,ベビー＆マタニティ,連絡候補,,中小の見込み,メーカー名日本語,なし,あり,ベビー&キッズ コントリ / ミッピーナ / super market ※購入前にコンディション＆出品者情報確認して購入,3,3,3,4379,B0BNP1G2ZD,［ロキット］ ゆりかご 寝かしつけ バウンサー 電動 揺らす ベビーカー 英国発 赤ちゃん 寝る/USBポータブル ベビ,https://www.amazon.co.jp/dp/B0BNP1G2ZD,https://www.google.com/search?q=Rockit%28%E3%83%AD%E3%82%AD%E3%83%83%E3%83%88%29%20%E4%BC%9A%E7%A4%BE%E6%A6%82%E8%A6%81%20%E5%95%8F%E3%81%84%E5%90%88%E3%82%8F%E3%81%9B%20%E5%8D%B8
SUN-S(サンエス),1,産業・研究開発用品,連絡候補,,中小の見込み,manufacturer日本語／メーカー名日本語,なし,あり,ユニフォームさかした / 【年中無休】【24時間営業】【迅速配送】ナガシマ本舗,2,2,2,702,B082NKNDXS,サンエス【RD9010H】空調風神服用 斜めハイパワーファン2個セット／オリジナルステッカー付,https://www.amazon.co.jp/dp/B082NKNDXS,https://www.google.com/search?q=SUN-S%28%E3%82%B5%E3%83%B3%E3%82%A8%E3%82%B9%29%20%E4%BC%9A%E7%A4%BE%E6%A6%82%E8%A6%81%20%E5%95%8F%E3%81%84%E5%90%88%E3%82%8F%E3%81%9B%20%E5%8D%B8
Shot Navi,1,スポーツ＆アウトドア,連絡候補,,中小の見込み,JAN45/49,なし,あり,遊遊スポーツ / サイバーベイ / ゴルフダイジェスト・オンライン(GDO),5,6,6,9697,B0D7PLFSTC,Shot Navi(ショットナビ) Evolve SE ゴルフ GPSナビ 腕時計型 マルチ測位対応 PGA推薦 競技利,https://www.amazon.co.jp/dp/B0D7PLFSTC,https://www.google.com/search?q=Shot%20Navi%20%E4%BC%9A%E7%A4%BE%E6%A6%82%E8%A6%81%20%E5%95%8F%E3%81%84%E5%90%88%E3%82%8F%E3%81%9B%20%E5%8D%B8
Sunday Pets,1,ペット用品,連絡候補,,判定不能,manufacturer日本語,なし,あり,ティーズマルシェ / ペットショップ ジパング / コロポックル商会,3,3,3,1205,B09Y7ZS348,サンデーペッツジェントルベイク キングサーモン with トライプ　1.3kg Sunday Pets グレインフリー,https://www.amazon.co.jp/dp/B09Y7ZS348,https://www.google.com/search?q=Sunday%20Pets%20%E4%BC%9A%E7%A4%BE%E6%A6%82%E8%A6%81%20%E5%95%8F%E3%81%84%E5%90%88%E3%82%8F%E3%81%9B%20%E5%8D%B8
TEKNOS,1,ホーム＆キッチン,連絡候補,,中小の見込み,JAN45/49／manufacturer日本語,なし,あり,暮らし健康ネット館 / にこよりストア,2,2,2,1868,B0CZ6M13PS,TEKNOS 壁掛け扇風機 壁掛け フルリモコン扇風機 30cm 5枚羽根 ホワイト IR-WF32R,https://www.amazon.co.jp/dp/B0CZ6M13PS,https://www.google.com/search?q=TEKNOS%20%E4%BC%9A%E7%A4%BE%E6%A6%82%E8%A6%81%20%E5%95%8F%E3%81%84%E5%90%88%E3%82%8F%E3%81%9B%20%E5%8D%B8
THANKO,1,ホーム＆キッチン,連絡候補,,中小の見込み,JAN45/49／manufacturer日本語,なし,あり,ダイユーエイト【「在庫あり」表示の商品は祝日も発送しております-土日は休みです-】 / 1box 【当店は適格請求書発行事業者です】【抜き取り、すり替え対策中】 / コンパネ屋 アマゾン店,4,6,6,2237,B0D499M873,THANKO おひとりさま用超高速弁当箱炊飯器 RCKDSGSWH 白色 炊飯器 一人用 小型 1合 0.5合 弁当箱型,https://www.amazon.co.jp/dp/B0D499M873,https://www.google.com/search?q=THANKO%20%E4%BC%9A%E7%A4%BE%E6%A6%82%E8%A6%81%20%E5%95%8F%E3%81%84%E5%90%88%E3%82%8F%E3%81%9B%20%E5%8D%B8
TTJJ,1,大型家電,連絡候補,,判定不能,JAN45/49,なし,あり,JianFeng(ジャーフー) / 楽しい毎日,2,3,3,6282,B0B3JCJRM2,冷蔵庫ミニ冷蔵庫薬の冷蔵容量30リットル省エネ 静音 ポータブル 化粧品 保温・保冷庫 小型冷蔵庫 ミニ飲料クーラーワイ,https://www.amazon.co.jp/dp/B0B3JCJRM2,https://www.google.com/search?q=TTJJ%20%E4%BC%9A%E7%A4%BE%E6%A6%82%E8%A6%81%20%E5%95%8F%E3%81%84%E5%90%88%E3%82%8F%E3%81%9B%20%E5%8D%B8
Teenage Engineering,1,楽器・音響機器,連絡候補,,中小の見込み,JAN45/49,なし,あり,ミュージックランドKEY WEST オンラインストア / アウル・ビジョン 株式会社,2,3,3,7802,B079CDC882,Teenage Engineering PO-33 ko ポケットシンセサイザー ポータブル 音楽制作,https://www.amazon.co.jp/dp/B079CDC882,https://www.google.com/search?q=Teenage%20Engineering%20%E4%BC%9A%E7%A4%BE%E6%A6%82%E8%A6%81%20%E5%95%8F%E3%81%84%E5%90%88%E3%82%8F%E3%81%9B%20%E5%8D%B8
Thomson,1,DIY・工具・ガーデン,連絡候補,,判定不能,JAN45/49／manufacturer日本語,なし,あり,セキチュー / ティーズマルシェ,2,3,3,1189,B0989F94DS,トムソン グリホトップ41 5L,https://www.amazon.co.jp/dp/B0989F94DS,https://www.google.com/search?q=Thomson%20%E4%BC%9A%E7%A4%BE%E6%A6%82%E8%A6%81%20%E5%95%8F%E3%81%84%E5%90%88%E3%82%8F%E3%81%9B%20%E5%8D%B8
USAYAMA,1,ペット用品,連絡候補,,判定不能,JAN45/49／manufacturer日本語／日本法人格,なし,あり,うらわオンライン / charm（チャーム） | 総合ペットショップ,2,2,2,223,B0C4KL11L7,サイリウムパウダー １００ｇ ボトルタイプ 犬猫用,https://www.amazon.co.jp/dp/B0C4KL11L7,https://www.google.com/search?q=USAYAMA%20%E4%BC%9A%E7%A4%BE%E6%A6%82%E8%A6%81%20%E5%95%8F%E3%81%84%E5%90%88%E3%82%8F%E3%81%9B%20%E5%8D%B8
Winning,1,スポーツ＆アウトドア,連絡候補,,中小の見込み,JAN45/49／manufacturer日本語,なし,あり,RYH ad (適格請求書発行事業者) / ボクシング・格闘技用品専門店 コウダイ / powerpit【適格請求書発行事業者】,5,5,5,686,B00DGN4T0U,【Winning/ウイニング】　練習用バンデージ　伸縮タイプ,https://www.amazon.co.jp/dp/B00DGN4T0U,https://www.google.com/search?q=Winning%20%E4%BC%9A%E7%A4%BE%E6%A6%82%E8%A6%81%20%E5%95%8F%E3%81%84%E5%90%88%E3%82%8F%E3%81%9B%20%E5%8D%B8
Xvive,1,楽器・音響機器,連絡候補,,中小の見込み,manufacturer日本語,なし,あり,株式会社ピアノプラザ / ツカモトガッキ / ベータミュージック,4,4,4,10942,B0822485S7,XVIVE エックスバイブ U4R インイヤーモニター ワイヤレスシステム(レシーバーのみ) XV-U4R,https://www.amazon.co.jp/dp/B0822485S7,https://www.google.com/search?q=Xvive%20%E4%BC%9A%E7%A4%BE%E6%A6%82%E8%A6%81%20%E5%95%8F%E3%81%84%E5%90%88%E3%82%8F%E3%81%9B%20%E5%8D%B8
aurochs,1,DIY・工具・ガーデン,連絡候補,,判定不能,JAN45/49,なし,あり,エスネット ストアー,1,2,3,1314,B08GLJTL9J,aurochs 極薄刃 ニッパー 片刃 精密 プラモデル専用 プラスチック 工具 プラモデル 模型 ゲートカット （グレ,https://www.amazon.co.jp/dp/B08GLJTL9J,https://www.google.com/search?q=aurochs%20%E4%BC%9A%E7%A4%BE%E6%A6%82%E8%A6%81%20%E5%95%8F%E3%81%84%E5%90%88%E3%82%8F%E3%81%9B%20%E5%8D%B8
euclid,1,産業・研究開発用品,連絡候補,,判定不能,JAN45/49,なし,あり,㈱NEXURISE -インボイス発行事業者- / 安心価格のライブラ / [インボイス対応]☆★わんぱく堂★☆[返金保証あり],3,3,3,816,B01J0K0EWY,euclid 業務用 超強力 消臭剤 【 尿臭 便臭 死臭 腐敗臭 無香 除菌 】 1個 (x 1),https://www.amazon.co.jp/dp/B01J0K0EWY,https://www.google.com/search?q=euclid%20%E4%BC%9A%E7%A4%BE%E6%A6%82%E8%A6%81%20%E5%95%8F%E3%81%84%E5%90%88%E3%82%8F%E3%81%9B%20%E5%8D%B8
naef,1,ベビー＆マタニティ,連絡候補,,中小の見込み,manufacturer日本語,なし,あり,木のおもちゃ専門店　こどもの木【正規品取扱店】(since1995) / グランデ　アマゾン店 / 木のおもちゃ おっぽろっぽ,5,5,5,1837,B0028JR72A,ネフ社　リングリィリング（naef Ringli-ring）,https://www.amazon.co.jp/dp/B0028JR72A,https://www.google.com/search?q=naef%20%E4%BC%9A%E7%A4%BE%E6%A6%82%E8%A6%81%20%E5%95%8F%E3%81%84%E5%90%88%E3%82%8F%E3%81%9B%20%E5%8D%B8
うちのこエレクトリック,1,ペット用品,連絡候補,,判定不能,JAN45/49／manufacturer日本語／メーカー名日本語／日本法人格,なし,あり,保証付で安心のアクセスライン（Accessline）,1,2,2,10136,B0C2BYWYVB,【獣医師監修】 うちのこエレクトリック カリカリマシーンV2C Plus スマホ連動 自動給餌器 猫 犬用 遠隔操作 見,https://www.amazon.co.jp/dp/B0C2BYWYVB,https://www.google.com/search?q=%E3%81%86%E3%81%A1%E3%81%AE%E3%81%93%E3%82%A8%E3%83%AC%E3%82%AF%E3%83%88%E3%83%AA%E3%83%83%E3%82%AF%20%E4%BC%9A%E7%A4%BE%E6%A6%82%E8%A6%81%20%E5%95%8F%E3%81%84%E5%90%88%E3%82%8F%E3%81%9B%20%E5%8D%B8
からからつみき(KARAKARATSUMIKI),1,おもちゃ,連絡候補,,中小の見込み,JAN45/49／メーカー名日本語,なし,あり,IRODORI Heart（イロドリハート） / キャラメルカフェ(株)２点購入で5％OFF（対象商品）,2,2,2,2967,B07PQRBV8V,からからつみき 木製 積み木 ギフト 知育玩具 モンテッソーリ | 240ピース 日本製 宮崎県産杉100%使用 無塗装,https://www.amazon.co.jp/dp/B07PQRBV8V,https://www.google.com/search?q=%E3%81%8B%E3%82%89%E3%81%8B%E3%82%89%E3%81%A4%E3%81%BF%E3%81%8D%28KARAKARATSUMIKI%29%20%E4%BC%9A%E7%A4%BE%E6%A6%82%E8%A6%81%20%E5%95%8F%E3%81%84%E5%90%88%E3%82%8F%E3%81%9B%20%E5%8D%B8
たのつく,1,おもちゃ,連絡候補,,判定不能,manufacturer日本語／メーカー名日本語／日本法人格,なし,あり,株式会社サンワ / わいわいショップ【本店】 / 手作り工房　遊,4,4,4,447,B0035P3IL0,自由工作に最適！楽しく作って・楽しく貯金（ちょっ金ハウス）,https://www.amazon.co.jp/dp/B0035P3IL0,https://www.google.com/search?q=%E3%81%9F%E3%81%AE%E3%81%A4%E3%81%8F%20%E4%BC%9A%E7%A4%BE%E6%A6%82%E8%A6%81%20%E5%95%8F%E3%81%84%E5%90%88%E3%82%8F%E3%81%9B%20%E5%8D%B8
ぼん家具,1,ベビー＆マタニティ,連絡候補,,中小の見込み,メーカー名日本語,なし,あり,吉田のショップ,1,4,4,2040,B07BSWGT7C,アップリカ 専用カートリッジ 〔専用カセット6個セット〕 ニオイポイ におわなくてポイ おむつ処理,https://www.amazon.co.jp/dp/B07BSWGT7C,https://www.google.com/search?q=%E3%81%BC%E3%82%93%E5%AE%B6%E5%85%B7%20%E4%BC%9A%E7%A4%BE%E6%A6%82%E8%A6%81%20%E5%95%8F%E3%81%84%E5%90%88%E3%82%8F%E3%81%9B%20%E5%8D%B8
アイアップ,1,おもちゃ,連絡候補,,中小の見込み,JAN45/49／manufacturer日本語／メーカー名日本語,なし,あり,らっきーどりーむ / ホビーマーケット通販センター【適格請求書発行事業者】,2,3,3,1575,B01FXIRHC2,アイアップ OH!寿司ゲーム マルチカラー,https://www.amazon.co.jp/dp/B01FXIRHC2,https://www.google.com/search?q=%E3%82%A2%E3%82%A4%E3%82%A2%E3%83%83%E3%83%97%20%E4%BC%9A%E7%A4%BE%E6%A6%82%E8%A6%81%20%E5%95%8F%E3%81%84%E5%90%88%E3%82%8F%E3%81%9B%20%E5%8D%B8
アイサポモバイル,1,家電＆カメラ,連絡候補,,判定不能,manufacturer日本語／メーカー名日本語／日本法人格,なし,あり,アーパス / スローワーク /インボイス登録番号：T7010001233500 / D-Park【株式会社デジタルパーク インボイス対応/適格事業者】,4,5,5,1053,B0DQC4LNLQ,【日本通信SIM】音声対応：合理的（シンプル290プラン、みんなのプラン、50GBプラン、他）またはデータ通信専用：（ネ,https://www.amazon.co.jp/dp/B0DQC4LNLQ,https://www.google.com/search?q=%E3%82%A2%E3%82%A4%E3%82%B5%E3%83%9D%E3%83%A2%E3%83%90%E3%82%A4%E3%83%AB%20%E4%BC%9A%E7%A4%BE%E6%A6%82%E8%A6%81%20%E5%95%8F%E3%81%84%E5%90%88%E3%82%8F%E3%81%9B%20%E5%8D%B8
アニマル・ワン,1,ペット用品,連絡候補,,中小の見込み,manufacturer日本語／メーカー名日本語,なし,あり,リトルフィールド / ハローハローショップ / 量り売り最安モール,4,6,6,2262,B084H7YXYT,アニマル・ワン 犬の雑穀ごはん ライト シニア用 チキン 2020年リニューアル版 1.6kg x 2袋,https://www.amazon.co.jp/dp/B084H7YXYT,https://www.google.com/search?q=%E3%82%A2%E3%83%8B%E3%83%9E%E3%83%AB%E3%83%BB%E3%83%AF%E3%83%B3%20%E4%BC%9A%E7%A4%BE%E6%A6%82%E8%A6%81%20%E5%95%8F%E3%81%84%E5%90%88%E3%82%8F%E3%81%9B%20%E5%8D%B8
イージースタンド,1,大型家電,連絡候補,,判定不能,manufacturer日本語／メーカー名日本語,なし,あり,家づくりと工具のお店 家ファン！ / スダ商会（水周り用品のプロショップ） / 株式会社テクノテック,4,4,4,4172,B004XY6V02,洗濯機台 かさ上げ用 イージースタンド (一般用/高さ105mm) Ｄ105,https://www.amazon.co.jp/dp/B004XY6V02,https://www.google.com/search?q=%E3%82%A4%E3%83%BC%E3%82%B8%E3%83%BC%E3%82%B9%E3%82%BF%E3%83%B3%E3%83%89%20%E4%BC%9A%E7%A4%BE%E6%A6%82%E8%A6%81%20%E5%95%8F%E3%81%84%E5%90%88%E3%82%8F%E3%81%9B%20%E5%8D%B8
ウエスト(West),1,産業・研究開発用品,連絡候補,,判定不能,manufacturer日本語／メーカー名日本語,なし,あり,家づくりと工具のお店 家ファン！ / 管材屋ドットコム / かんだ！,5,5,5,2165,B007TIPRKO,ウエスト 【ユニ結露防止テープ】 空調設備等で威力を発揮する吸水力業務用結露対策テープ。ホワイト HE005-ARC,https://www.amazon.co.jp/dp/B007TIPRKO,https://www.google.com/search?q=%E3%82%A6%E3%82%A8%E3%82%B9%E3%83%88%28West%29%20%E4%BC%9A%E7%A4%BE%E6%A6%82%E8%A6%81%20%E5%95%8F%E3%81%84%E5%90%88%E3%82%8F%E3%81%9B%20%E5%8D%B8
ウッディプッディ(Woodypuddy),1,おもちゃ,連絡候補,,中小の見込み,JAN45/49／メーカー名日本語,なし,あり,EMBL(エンブル)《適格請求書発行事業者登録済》 / 美鳩商会(ミハトショウカイ)適格請求書発行事業者,2,2,2,2049,B07NN9Z9C8,ウッディプッディ(Woodypuddy) サラダセット,https://www.amazon.co.jp/dp/B07NN9Z9C8,https://www.google.com/search?q=%E3%82%A6%E3%83%83%E3%83%87%E3%82%A3%E3%83%97%E3%83%83%E3%83%87%E3%82%A3%28Woodypuddy%29%20%E4%BC%9A%E7%A4%BE%E6%A6%82%E8%A6%81%20%E5%95%8F%E3%81%84%E5%90%88%E3%82%8F%E3%81%9B%20%E5%8D%B8
エジソン(EDISON),1,ベビー＆マタニティ,連絡候補,,中小の見込み,JAN45/49／manufacturer日本語／メーカー名日本語,なし,あり,ケイジェイシー / ベルニコ ダイレクトショップ / プチ・ママ,4,4,4,311,B0DPX41RG4,WOW CUP baby 【逆さにしても倒してもこぼれにくい】 360°どこからでも飲める トレーニングマグ ベビーマグ,https://www.amazon.co.jp/dp/B0DPX41RG4,https://www.google.com/search?q=%E3%82%A8%E3%82%B8%E3%82%BD%E3%83%B3%28EDISON%29%20%E4%BC%9A%E7%A4%BE%E6%A6%82%E8%A6%81%20%E5%95%8F%E3%81%84%E5%90%88%E3%82%8F%E3%81%9B%20%E5%8D%B8
エーペックス(Apex),1,ホビー,連絡候補,,判定不能,メーカー名日本語,なし,あり,つきよみ / 168商店 / エターナルトイズ通販部 最短即日発送！,3,5,5,8646,B0DJ8FQDP6,ブルーアーカイブ イロハ 1/7スケール PVC&ABS製 塗装済み完成品フィギュア,https://www.amazon.co.jp/dp/B0DJ8FQDP6,https://www.google.com/search?q=%E3%82%A8%E3%83%BC%E3%83%9A%E3%83%83%E3%82%AF%E3%82%B9%28Apex%29%20%E4%BC%9A%E7%A4%BE%E6%A6%82%E8%A6%81%20%E5%95%8F%E3%81%84%E5%90%88%E3%82%8F%E3%81%9B%20%E5%8D%B8
オウルテック,1,パソコン・周辺機器,連絡候補,,中小の見込み,JAN45/49／manufacturer日本語／メーカー名日本語,なし,あり,ミーニャ 簡易梱包、衣類ぬいぐるみ等は圧縮後発送となります / ECJOY! [創業24年インボイスT7011001061049],2,2,3,677,B0B5FWS7J7,オウルテック ライトニングケーブル 巻取り式 両引きタイプ データ転送 480Mbps MFi認証取得 軽量 コンパクト,https://www.amazon.co.jp/dp/B0B5FWS7J7,https://www.google.com/search?q=%E3%82%AA%E3%82%A6%E3%83%AB%E3%83%86%E3%83%83%E3%82%AF%20%E4%BC%9A%E7%A4%BE%E6%A6%82%E8%A6%81%20%E5%95%8F%E3%81%84%E5%90%88%E3%82%8F%E3%81%9B%20%E5%8D%B8
キャロムショット,1,DIY・工具・ガーデン,連絡候補,,中小の見込み,JAN45/49／manufacturer日本語／メーカー名日本語,なし,あり,HBLT ハイグレース / ホビーエクスプレス / ミリタリーベース,5,6,6,796,B002G29YHU,キャロムショット モデルガン用スプレー塗料 ブラックスチール(黒鉄色) 容量:300ml,https://www.amazon.co.jp/dp/B002G29YHU,https://www.google.com/search?q=%E3%82%AD%E3%83%A3%E3%83%AD%E3%83%A0%E3%82%B7%E3%83%A7%E3%83%83%E3%83%88%20%E4%BC%9A%E7%A4%BE%E6%A6%82%E8%A6%81%20%E5%95%8F%E3%81%84%E5%90%88%E3%82%8F%E3%81%9B%20%E5%8D%B8
クリアストーン(Clearstone),1,ホビー,連絡候補,,中小の見込み,JAN45/49／メーカー名日本語,なし,あり,株式会社クリアストーン / ブックマーケティング(ご注文確定前に表示の到着予定日をご確認下さい、ご注文後のキャンセルご遠慮下さい,2,2,2,3076,B0CLP97GMD,クリアストーン(Clearstone) コスプレ ハロウィン 金色将軍 ユニセックス ゴールド,https://www.amazon.co.jp/dp/B0CLP97GMD,https://www.google.com/search?q=%E3%82%AF%E3%83%AA%E3%82%A2%E3%82%B9%E3%83%88%E3%83%BC%E3%83%B3%28Clearstone%29%20%E4%BC%9A%E7%A4%BE%E6%A6%82%E8%A6%81%20%E5%95%8F%E3%81%84%E5%90%88%E3%82%8F%E3%81%9B%20%E5%8D%B8
クロノス,1,おもちゃ,連絡候補,,判定不能,JAN45/49／manufacturer日本語／メーカー名日本語,なし,あり,ティーズマルシェ / KTAライジングストア(適格請求書発行事業者) / パズルショップトリト,5,6,6,1124,B07BFR1NB8,ドメモ(DOMEMO)木製タイル版/クロノス/アレックス・ランドルフ,https://www.amazon.co.jp/dp/B07BFR1NB8,https://www.google.com/search?q=%E3%82%AF%E3%83%AD%E3%83%8E%E3%82%B9%20%E4%BC%9A%E7%A4%BE%E6%A6%82%E8%A6%81%20%E5%95%8F%E3%81%84%E5%90%88%E3%82%8F%E3%81%9B%20%E5%8D%B8
コニーエレクトロニクスサービス,1,楽器・音響機器,連絡候補,,中小の見込み,JAN45/49／manufacturer日本語／メーカー名日本語,なし,あり,セキュリティ王（インボイス対応） / mplus（エムプラス） / HDCトータルプロショップ【インボイス対応納品書を同封します】,5,5,6,11297,B0758TZ8D9,スタンダード コンクリートマイク MW-25,https://www.amazon.co.jp/dp/B0758TZ8D9,https://www.google.com/search?q=%E3%82%B3%E3%83%8B%E3%83%BC%E3%82%A8%E3%83%AC%E3%82%AF%E3%83%88%E3%83%AD%E3%83%8B%E3%82%AF%E3%82%B9%E3%82%B5%E3%83%BC%E3%83%93%E3%82%B9%20%E4%BC%9A%E7%A4%BE%E6%A6%82%E8%A6%81%20%E5%95%8F%E3%81%84%E5%90%88%E3%82%8F%E3%81%9B%20%E5%8D%B8
コモライフ,1,DIY・工具・ガーデン,連絡候補,,中小の見込み,JAN45/49／manufacturer日本語／メーカー名日本語,なし,あり,A1 ショップ【3300円以上で全国送料無料】※一部送料無料もございます,1,2,2,544,B09QSJ4MQ1,コモライフ サッと使える緊急携帯トイレ 18回分 600cc 非常用トイレ 簡易 携帯 トイレ 防災 男女兼用 凝固剤,https://www.amazon.co.jp/dp/B09QSJ4MQ1,https://www.google.com/search?q=%E3%82%B3%E3%83%A2%E3%83%A9%E3%82%A4%E3%83%95%20%E4%BC%9A%E7%A4%BE%E6%A6%82%E8%A6%81%20%E5%95%8F%E3%81%84%E5%90%88%E3%82%8F%E3%81%9B%20%E5%8D%B8
コロコロ堂,1,おもちゃ,連絡候補,,判定不能,JAN45/49／manufacturer日本語／メーカー名日本語,なし,あり,ミーニャ 簡易梱包、衣類ぬいぐるみ等は圧縮後発送となります / ボードゲームカフェ7Gold / ウォーハンマー&ホビーのお店 ホビーストア モデルシステムズ,3,3,4,1852,B0FW5D5SF8,コロコロ堂 ナショナルエコノミー ボードゲーム｜1-4人用 30～45分 12才以上向け｜国産経済ゲームの金字塔。三部作,https://www.amazon.co.jp/dp/B0FW5D5SF8,https://www.google.com/search?q=%E3%82%B3%E3%83%AD%E3%82%B3%E3%83%AD%E5%A0%82%20%E4%BC%9A%E7%A4%BE%E6%A6%82%E8%A6%81%20%E5%95%8F%E3%81%84%E5%90%88%E3%82%8F%E3%81%9B%20%E5%8D%B8
コンフィデンス,1,ペット用品,連絡候補,,判定不能,JAN45/49／manufacturer日本語／メーカー名日本語,なし,あり,ペット犬猫療法食動物病院【適格請求書発行事業者】 / ドッグワールド / T.K.S.-HOUSE【すり替え抜き取り対策強化中】,4,5,5,1109,B00C149CE8,コンフィデンス 3kg袋 ラビットフード,https://www.amazon.co.jp/dp/B00C149CE8,https://www.google.com/search?q=%E3%82%B3%E3%83%B3%E3%83%95%E3%82%A3%E3%83%87%E3%83%B3%E3%82%B9%20%E4%BC%9A%E7%A4%BE%E6%A6%82%E8%A6%81%20%E5%95%8F%E3%81%84%E5%90%88%E3%82%8F%E3%81%9B%20%E5%8D%B8
シーラケース,1,ペット用品,連絡候補,,中小の見込み,manufacturer日本語／メーカー名日本語,なし,あり,【メーカー正規品】Tezos インボイス発行事業者-365日・24時間注文 / ペットグッズ・りりあ / 有限会社ドルクスダンケ,3,3,3,760,B01AQHA5ZQ,シーラケース シーラ箱 （標準）昆虫標本用品標本箱,https://www.amazon.co.jp/dp/B01AQHA5ZQ,https://www.google.com/search?q=%E3%82%B7%E3%83%BC%E3%83%A9%E3%82%B1%E3%83%BC%E3%82%B9%20%E4%BC%9A%E7%A4%BE%E6%A6%82%E8%A6%81%20%E5%95%8F%E3%81%84%E5%90%88%E3%82%8F%E3%81%9B%20%E5%8D%B8
ジクラ (Zicra),1,ペット用品,連絡候補,,中小の見込み,JAN45/49／メーカー名日本語,なし,あり,ホームセンタートックリ / FIT INN【インボイス発行事業者】 / ペットグッズ・りりあ,5,5,5,2094,B07FFJWNK1,ジクラ フクロモモンガ専用フード オッティモ１５ １０００ｇ,https://www.amazon.co.jp/dp/B07FFJWNK1,https://www.google.com/search?q=%E3%82%B8%E3%82%AF%E3%83%A9%20%28Zicra%29%20%E4%BC%9A%E7%A4%BE%E6%A6%82%E8%A6%81%20%E5%95%8F%E3%81%84%E5%90%88%E3%82%8F%E3%81%9B%20%E5%8D%B8
スズキ機工(Suzuki Kikoh),1,車＆バイク,連絡候補,,中小の見込み,manufacturer日本語／メーカー名日本語,なし,あり,エーエム・トレード / HPMストア,2,4,4,2487,B08K8Q8CJ6,スズキ機工 ベルハンマーセブン 330ml 2本セット[エンジンオイル添加剤/自動車],https://www.amazon.co.jp/dp/B08K8Q8CJ6,https://www.google.com/search?q=%E3%82%B9%E3%82%BA%E3%82%AD%E6%A9%9F%E5%B7%A5%28Suzuki%20Kikoh%29%20%E4%BC%9A%E7%A4%BE%E6%A6%82%E8%A6%81%20%E5%95%8F%E3%81%84%E5%90%88%E3%82%8F%E3%81%9B%20%E5%8D%B8
ストレート(STRAIGHT),1,車＆バイク,連絡候補,,中小の見込み,メーカー名日本語,なし,あり,【365日年中無休】三方良しEC事業部 / 姫路カメラ（インボイス対応済み） / ティーズマルシェ,3,5,5,744,B008KGS4HC,(STRAIGHT/ストレート) ブルーマジック メタルポリッシュクリーム 550g BM500 36-0500,https://www.amazon.co.jp/dp/B008KGS4HC,https://www.google.com/search?q=%E3%82%B9%E3%83%88%E3%83%AC%E3%83%BC%E3%83%88%28STRAIGHT%29%20%E4%BC%9A%E7%A4%BE%E6%A6%82%E8%A6%81%20%E5%95%8F%E3%81%84%E5%90%88%E3%82%8F%E3%81%9B%20%E5%8D%B8
ソフトーク,1,産業・研究開発用品,連絡候補,,中小の見込み,JAN45/49／manufacturer日本語／メーカー名日本語,なし,あり,■マケプレお急ぎ便■メディール【段ボール再利用発送あり】 / アクアショップ【マケプレお急ぎ便対応】 / 坂の上の果実こうしん,5,5,5,568,B084WNCM42,ユニ・チャーム ソフトーク 超立体マスク ふつう 100枚 2箱セット,https://www.amazon.co.jp/dp/B084WNCM42,https://www.google.com/search?q=%E3%82%BD%E3%83%95%E3%83%88%E3%83%BC%E3%82%AF%20%E4%BC%9A%E7%A4%BE%E6%A6%82%E8%A6%81%20%E5%95%8F%E3%81%84%E5%90%88%E3%82%8F%E3%81%9B%20%E5%8D%B8
タイガーゴム,1,おもちゃ,連絡候補,,中小の見込み,JAN45/49／manufacturer日本語／メーカー名日本語,なし,あり,フェスティバルプラザ / おもちゃの三洋堂 (土日祝日休業),2,2,2,249,B0D9WH6KDY,【縁日 景品 水ヨーヨーセット】水ヨーヨー クリップ付き 100個 セット ヨーヨーすくい ヨーヨー釣り 夏祭り【Fes,https://www.amazon.co.jp/dp/B0D9WH6KDY,https://www.google.com/search?q=%E3%82%BF%E3%82%A4%E3%82%AC%E3%83%BC%E3%82%B4%E3%83%A0%20%E4%BC%9A%E7%A4%BE%E6%A6%82%E8%A6%81%20%E5%95%8F%E3%81%84%E5%90%88%E3%82%8F%E3%81%9B%20%E5%8D%B8
タカラ産業,1,DIY・工具・ガーデン,連絡候補,,中小の見込み,JAN45/49／manufacturer日本語／メーカー名日本語,なし,あり,ティーアップ / ティーナエアコン,2,2,2,2000,B0GMLMR6YN,タカラ産業 ウェーブルーバー（WAVE LOUVER） 室外機カバー SLK85 マグネット式 幅調整可能,https://www.amazon.co.jp/dp/B0GMLMR6YN,https://www.google.com/search?q=%E3%82%BF%E3%82%AB%E3%83%A9%E7%94%A3%E6%A5%AD%20%E4%BC%9A%E7%A4%BE%E6%A6%82%E8%A6%81%20%E5%95%8F%E3%81%84%E5%90%88%E3%82%8F%E3%81%9B%20%E5%8D%B8
トキワ商事,1,おもちゃ,連絡候補,,中小の見込み,JAN45/49／manufacturer日本語／メーカー名日本語,なし,あり,サクラエール / おもちゃの三洋堂 (土日祝日休業),2,2,2,585,B0993CSLG9,【タイガーキャット】トキワ商事 スーパーボール ミックス 18mm (まとめ買い・500入),https://www.amazon.co.jp/dp/B0993CSLG9,https://www.google.com/search?q=%E3%83%88%E3%82%AD%E3%83%AF%E5%95%86%E4%BA%8B%20%E4%BC%9A%E7%A4%BE%E6%A6%82%E8%A6%81%20%E5%95%8F%E3%81%84%E5%90%88%E3%82%8F%E3%81%9B%20%E5%8D%B8
ニチネン(Nitinen),1,産業・研究開発用品,連絡候補,,中小の見込み,JAN45/49／manufacturer日本語／メーカー名日本語,なし,あり,ティーズマルシェ / 朝日屋セトモノ店/三方よしをもっとうに頑張っております。,2,4,4,3591,B004X02T6G,業務用食器洗浄機用リンス剤 マイアルファドライ 5㎏,https://www.amazon.co.jp/dp/B004X02T6G,https://www.google.com/search?q=%E3%83%8B%E3%83%81%E3%83%8D%E3%83%B3%28Nitinen%29%20%E4%BC%9A%E7%A4%BE%E6%A6%82%E8%A6%81%20%E5%95%8F%E3%81%84%E5%90%88%E3%82%8F%E3%81%9B%20%E5%8D%B8
ハイメス,1,おもちゃ,連絡候補,,判定不能,manufacturer日本語／メーカー名日本語,なし,あり,Eすたいる / グランデ　アマゾン店 / ティーズマルシェ,5,5,5,331,B002LZU2SW,HEIMESS スピニングトップ ウィズ パール G736220 0歳から回せるコマ,https://www.amazon.co.jp/dp/B002LZU2SW,https://www.google.com/search?q=%E3%83%8F%E3%82%A4%E3%83%A1%E3%82%B9%20%E4%BC%9A%E7%A4%BE%E6%A6%82%E8%A6%81%20%E5%95%8F%E3%81%84%E5%90%88%E3%82%8F%E3%81%9B%20%E5%8D%B8
ハピラ(Hapila),1,文房具・オフィス用品,連絡候補,,中小の見込み,JAN45/49／manufacturer日本語／メーカー名日本語／日本法人格,なし,あり,株式会社ハピラ,1,3,3,207,B0DCGB1SBY,ハピラ 色紙ファイル 20ポケット 大容量 20枚収納 ケース付き 色紙収納 クリアファイル ポケットファイル 大色紙用,https://www.amazon.co.jp/dp/B0DCGB1SBY,https://www.google.com/search?q=%E3%83%8F%E3%83%94%E3%83%A9%28Hapila%29%20%E4%BC%9A%E7%A4%BE%E6%A6%82%E8%A6%81%20%E5%95%8F%E3%81%84%E5%90%88%E3%82%8F%E3%81%9B%20%E5%8D%B8
バイクハンド(Bike Hand),1,スポーツ＆アウトドア,連絡候補,,中小の見込み,メーカー名日本語,なし,あり,バイクキング,1,2,2,288,B0BMWQ9MZM,BIKE HAND 自転車 ペダルレンチ 高トルク 15mm対応 プロフェッショナル 工具（YC-163L）,https://www.amazon.co.jp/dp/B0BMWQ9MZM,https://www.google.com/search?q=%E3%83%90%E3%82%A4%E3%82%AF%E3%83%8F%E3%83%B3%E3%83%89%28Bike%20Hand%29%20%E4%BC%9A%E7%A4%BE%E6%A6%82%E8%A6%81%20%E5%95%8F%E3%81%84%E5%90%88%E3%82%8F%E3%81%9B%20%E5%8D%B8
フィッティ,1,産業・研究開発用品,連絡候補,,中小の見込み,JAN45/49／manufacturer日本語／メーカー名日本語,なし,あり,Fitty【公式】タマケアショップ / life smile【くらしドラッグ】 / 株式会社ウェルビー【適格請求書発行事業者】,3,3,3,617,B0FK4Q3RMV,[フィッティ] Fitty うるおいマスク シルキータッチ やや大きめ (不織布/プリーツ) 15セット×2箱 加湿マス,https://www.amazon.co.jp/dp/B0FK4Q3RMV,https://www.google.com/search?q=%E3%83%95%E3%82%A3%E3%83%83%E3%83%86%E3%82%A3%20%E4%BC%9A%E7%A4%BE%E6%A6%82%E8%A6%81%20%E5%95%8F%E3%81%84%E5%90%88%E3%82%8F%E3%81%9B%20%E5%8D%B8
フィード,1,ホーム＆キッチン,連絡候補,,中小の見込み,manufacturer日本語／メーカー名日本語,なし,あり,歯科専売品のハニコ / パッケージセンター,2,2,2,2883,B0CMZPNN16,業務用 紙コップ 無地 3000個 5オンス(150cc) ケース販売 ペーパーカップ 冷水専用 ホワイト 業務用 うが,https://www.amazon.co.jp/dp/B0CMZPNN16,https://www.google.com/search?q=%E3%83%95%E3%82%A3%E3%83%BC%E3%83%89%20%E4%BC%9A%E7%A4%BE%E6%A6%82%E8%A6%81%20%E5%95%8F%E3%81%84%E5%90%88%E3%82%8F%E3%81%9B%20%E5%8D%B8
フシマン,1,車＆バイク,連絡候補,,中小の見込み,JAN45/49／メーカー名日本語,なし,あり,株式会社WEST / くるまの部品屋さんつばめ / クリーズオンライン [適格請求書発行事業者],5,5,5,4720,B00WFUY1W6,プロフェッショナルA/Cリークストップ エアコンガス漏れ止め剤 サービス缶タイプ R-134a専用,https://www.amazon.co.jp/dp/B00WFUY1W6,https://www.google.com/search?q=%E3%83%95%E3%82%B7%E3%83%9E%E3%83%B3%20%E4%BC%9A%E7%A4%BE%E6%A6%82%E8%A6%81%20%E5%95%8F%E3%81%84%E5%90%88%E3%82%8F%E3%81%9B%20%E5%8D%B8
ブリーダーズ・ファーム,1,ペット用品,連絡候補,,中小の見込み,manufacturer日本語／メーカー名日本語,なし,あり,ティーズマルシェ / ペットグッズ・りりあ,2,2,2,33,B09L1JWGWC,【2袋セット】ブリーダーズ・ファーム 濃厚タンパクゼリー エッグ 16g×100個（1600g） 昆虫、フクロモモンガ、,https://www.amazon.co.jp/dp/B09L1JWGWC,https://www.google.com/search?q=%E3%83%96%E3%83%AA%E3%83%BC%E3%83%80%E3%83%BC%E3%82%BA%E3%83%BB%E3%83%95%E3%82%A1%E3%83%BC%E3%83%A0%20%E4%BC%9A%E7%A4%BE%E6%A6%82%E8%A6%81%20%E5%95%8F%E3%81%84%E5%90%88%E3%82%8F%E3%81%9B%20%E5%8D%B8
ブレイン(BRAIN),1,家電＆カメラ,連絡候補,,中小の見込み,JAN45/49／メーカー名日本語,なし,あり,いろは168 / A1 ショップ【3300円以上で全国送料無料】※一部送料無料もございます,2,2,2,547,B0GHXBGWXF,ブレイン 【SGS認証取得！ 国内JIS燃焼試験合格！】モバイルバッテリー耐火ケース （サイズ：約13.5×18cm）B,https://www.amazon.co.jp/dp/B0GHXBGWXF,https://www.google.com/search?q=%E3%83%96%E3%83%AC%E3%82%A4%E3%83%B3%28BRAIN%29%20%E4%BC%9A%E7%A4%BE%E6%A6%82%E8%A6%81%20%E5%95%8F%E3%81%84%E5%90%88%E3%82%8F%E3%81%9B%20%E5%8D%B8
プリンストン,1,パソコン・周辺機器,連絡候補,,中小の見込み,JAN45/49／manufacturer日本語／メーカー名日本語,なし,あり,【売り切りセール中】きたさんショップ / ヒットライン[適格請求書発行事業者登録済] / ムラウチドットコム【適格請求書発行事業者登録済・年中無休で土日祝も営業中】,3,3,4,12077,B0FSCLPZ8F,プリンストン microSD Expressカード (512GB) Nintendo Switch 2 動作確認済み 読,https://www.amazon.co.jp/dp/B0FSCLPZ8F,https://www.google.com/search?q=%E3%83%97%E3%83%AA%E3%83%B3%E3%82%B9%E3%83%88%E3%83%B3%20%E4%BC%9A%E7%A4%BE%E6%A6%82%E8%A6%81%20%E5%95%8F%E3%81%84%E5%90%88%E3%82%8F%E3%81%9B%20%E5%8D%B8
マクサー電機,1,家電＆カメラ,連絡候補,,中小の見込み,JAN45/49／メーカー名日本語,なし,あり,ｔｓロード（インボイス登録店） / セント・エスポワール販売 / インテリアス,3,4,4,638,B001C3P054,CD/DVD/BD硬質コーティング剤 MTO-158,https://www.amazon.co.jp/dp/B001C3P054,https://www.google.com/search?q=%E3%83%9E%E3%82%AF%E3%82%B5%E3%83%BC%E9%9B%BB%E6%A9%9F%20%E4%BC%9A%E7%A4%BE%E6%A6%82%E8%A6%81%20%E5%95%8F%E3%81%84%E5%90%88%E3%82%8F%E3%81%9B%20%E5%8D%B8
マグパチ,1,ホビー,連絡候補,,判定不能,JAN45/49／メーカー名日本語,なし,あり,トライテック オンラインストア / 株式会社あうる,2,2,2,4573,B01MFEVCVJ,日本製 トライテックのトレース台 トレビュアー LED A4 薄型 8mm 7段階調光可 A4-500,https://www.amazon.co.jp/dp/B01MFEVCVJ,https://www.google.com/search?q=%E3%83%9E%E3%82%B0%E3%83%91%E3%83%81%20%E4%BC%9A%E7%A4%BE%E6%A6%82%E8%A6%81%20%E5%95%8F%E3%81%84%E5%90%88%E3%82%8F%E3%81%9B%20%E5%8D%B8
マックスファクトリー(Max Factory),1,ホビー,連絡候補,,中小の見込み,JAN45/49／manufacturer日本語／メーカー名日本語,なし,あり,ホビーの宮蔵（みやくら）★土日祝日は発送を休止致します / 新水戸ホビーショップ「安心フィギュアを買うなら、新水戸ホビーショップ」 / グリンワールド大阪支店,4,6,6,5676,B0GL8G9QVX,マックスファクトリー[Max Factory] PLAMAX バニースーツ プランニング BP-03 ソフィア・F・シャ,https://www.amazon.co.jp/dp/B0GL8G9QVX,https://www.google.com/search?q=%E3%83%9E%E3%83%83%E3%82%AF%E3%82%B9%E3%83%95%E3%82%A1%E3%82%AF%E3%83%88%E3%83%AA%E3%83%BC%28Max%20Factory%29%20%E4%BC%9A%E7%A4%BE%E6%A6%82%E8%A6%81%20%E5%95%8F%E3%81%84%E5%90%88%E3%82%8F%E3%81%9B%20%E5%8D%B8
マツヨシ,1,産業・研究開発用品,連絡候補,,中小の見込み,JAN45/49／メーカー名日本語,なし,あり,グリングリンストア / ミッピーナ,2,5,5,237,B076WSCNLF,視力表 ランドルト 3m + 遮眼子 セット,https://www.amazon.co.jp/dp/B076WSCNLF,https://www.google.com/search?q=%E3%83%9E%E3%83%84%E3%83%A8%E3%82%B7%20%E4%BC%9A%E7%A4%BE%E6%A6%82%E8%A6%81%20%E5%95%8F%E3%81%84%E5%90%88%E3%82%8F%E3%81%9B%20%E5%8D%B8
マーナ(Marna),1,ファッション,連絡候補,,中小の見込み,JAN45/49／メーカー名日本語,なし,あり,マーナ公式 アマゾン店,1,2,2,2064,B0C4X9TW9C,[マーナ] Shupatto 保冷バッグ (20L/ホワイトバーチ) シュパット 一気にたためる エコバッグ (折り畳み,https://www.amazon.co.jp/dp/B0C4X9TW9C,https://www.google.com/search?q=%E3%83%9E%E3%83%BC%E3%83%8A%28Marna%29%20%E4%BC%9A%E7%A4%BE%E6%A6%82%E8%A6%81%20%E5%95%8F%E3%81%84%E5%90%88%E3%82%8F%E3%81%9B%20%E5%8D%B8
メグロ化学工業,1,産業・研究開発用品,連絡候補,,中小の見込み,manufacturer日本語／メーカー名日本語,なし,あり,カーファインプロジェクト / (有)松山整備用具センターオンラインショップ / ネットペイント,4,4,4,2499,B00LP4QCBG,メグロ化学工業 MEGUMIX メグミックスブラック 速乾 50ml 6０秒作業時間 完全乾燥時間60分 万能成形接着剤,https://www.amazon.co.jp/dp/B00LP4QCBG,https://www.google.com/search?q=%E3%83%A1%E3%82%B0%E3%83%AD%E5%8C%96%E5%AD%A6%E5%B7%A5%E6%A5%AD%20%E4%BC%9A%E7%A4%BE%E6%A6%82%E8%A6%81%20%E5%95%8F%E3%81%84%E5%90%88%E3%82%8F%E3%81%9B%20%E5%8D%B8
ライラクス(LayLax),1,ホビー,連絡候補,,中小の見込み,JAN45/49／メーカー名日本語,なし,あり,【土日祝も発送します】エアガンショップ FORTRESS (15時までのご注文で当日発送) / ガンプレイズワークス / 通販ショップの駿河屋,3,5,5,1428,B00Z8RSADO,ライラクス(LayLax) タクティカルグラス バックルタイプ TAN サバゲーゴーグル メガネ対応 両面アンチフォグ ,https://www.amazon.co.jp/dp/B00Z8RSADO,https://www.google.com/search?q=%E3%83%A9%E3%82%A4%E3%83%A9%E3%82%AF%E3%82%B9%28LayLax%29%20%E4%BC%9A%E7%A4%BE%E6%A6%82%E8%A6%81%20%E5%95%8F%E3%81%84%E5%90%88%E3%82%8F%E3%81%9B%20%E5%8D%B8
ルートアール,1,パソコン・周辺機器,連絡候補,,中小の見込み,JAN45/49／manufacturer日本語／メーカー名日本語,なし,あり,株式会社コジマ,1,3,4,1520,B095RJYT39,ルートアール 双方向・メタル筐体・多機能表示 USB Type-C電圧・電流チェッカー （ケーブル付きモデル） RT-T,https://www.amazon.co.jp/dp/B095RJYT39,https://www.google.com/search?q=%E3%83%AB%E3%83%BC%E3%83%88%E3%82%A2%E3%83%BC%E3%83%AB%20%E4%BC%9A%E7%A4%BE%E6%A6%82%E8%A6%81%20%E5%95%8F%E3%81%84%E5%90%88%E3%82%8F%E3%81%9B%20%E5%8D%B8
ワンラック (ONE LAC),1,ペット用品,連絡候補,,中小の見込み,JAN45/49／manufacturer日本語／メーカー名日本語,なし,あり,ONEBEST1+【インボイス発行事業者】 / スペシャルスペースアマゾン店 / 通販できるみんなのお薬（みんなのお薬）,5,6,6,1900,B08F9MJMX7,ワンラック (ONE LAC) プレミアムキャットミルク 150g×2個,https://www.amazon.co.jp/dp/B08F9MJMX7,https://www.google.com/search?q=%E3%83%AF%E3%83%B3%E3%83%A9%E3%83%83%E3%82%AF%20%28ONE%20LAC%29%20%E4%BC%9A%E7%A4%BE%E6%A6%82%E8%A6%81%20%E5%95%8F%E3%81%84%E5%90%88%E3%82%8F%E3%81%9B%20%E5%8D%B8
ヴィータ,1,ベビー＆マタニティ,連絡候補,,判定不能,JAN45/49／manufacturer日本語／メーカー名日本語,なし,あり,ベルニコ ダイレクトショップ / プチ・ママ / ホッチポッチ自由が丘WEB SHOP,3,3,3,3155,B0D9LT397N,VITAテーブルチェア（ピスタチオクリーム） 【 子供用椅子/テーブル装着型/ベビーチェア/収納バック付き/折りたたみ/,https://www.amazon.co.jp/dp/B0D9LT397N,https://www.google.com/search?q=%E3%83%B4%E3%82%A3%E3%83%BC%E3%82%BF%20%E4%BC%9A%E7%A4%BE%E6%A6%82%E8%A6%81%20%E5%95%8F%E3%81%84%E5%90%88%E3%82%8F%E3%81%9B%20%E5%8D%B8
三祐,1,ペット用品,連絡候補,,判定不能,JAN45/49／manufacturer日本語／メーカー名日本語／日本法人格,なし,あり,リベルテオンラインストア / 幸輝ショップ / ポケマート【防犯対策店】,4,4,4,553,B08VDNLY7D,アラスカンワイルド（天然）フリーズドライ タラ フィレ (36g),https://www.amazon.co.jp/dp/B08VDNLY7D,https://www.google.com/search?q=%E4%B8%89%E7%A5%90%20%E4%BC%9A%E7%A4%BE%E6%A6%82%E8%A6%81%20%E5%95%8F%E3%81%84%E5%90%88%E3%82%8F%E3%81%9B%20%E5%8D%B8
三陽金属(Sanyo Metal),1,DIY・工具・ガーデン,連絡候補,,中小の見込み,JAN45/49／manufacturer日本語／メーカー名日本語,なし,あり,七福ツール ((株)コジマ) / ECJOY! [創業24年インボイスT7011001061049] / 道具屋さん. com,3,4,4,1169,B07P6H1V6R,三陽金属 日本製 水田株間 畑 除草カッター 中干しの達人 チップソー 130mm 8P 稲を守りながら稲の株間除草 草,https://www.amazon.co.jp/dp/B07P6H1V6R,https://www.google.com/search?q=%E4%B8%89%E9%99%BD%E9%87%91%E5%B1%9E%28Sanyo%20Metal%29%20%E4%BC%9A%E7%A4%BE%E6%A6%82%E8%A6%81%20%E5%95%8F%E3%81%84%E5%90%88%E3%82%8F%E3%81%9B%20%E5%8D%B8
丸隆,1,大型家電,連絡候補,,中小の見込み,JAN45/49／manufacturer日本語／メーカー名日本語／日本法人格,なし,あり,ガッツ屋,1,3,3,1181,B0B6F392X5,丸隆 6N368トルネーダウォッシュMA864,https://www.amazon.co.jp/dp/B0B6F392X5,https://www.google.com/search?q=%E4%B8%B8%E9%9A%86%20%E4%BC%9A%E7%A4%BE%E6%A6%82%E8%A6%81%20%E5%95%8F%E3%81%84%E5%90%88%E3%82%8F%E3%81%9B%20%E5%8D%B8
共立電気計器,1,産業・研究開発用品,連絡候補,,中小の見込み,JAN45/49／manufacturer日本語／メーカー名日本語,セラー名に中国企業表記/ピンイン,あり,(株)ファースト / Procure A（プロキュアエース） / buckteeth【株式会社バックティース】インボイス対応済,5,6,6,8507,B079PKDXH6,共立電気計器 (KYORITSU) 120A RMS AC/DCクランプ付デジタルマルチメータ KEWMATE 2012,https://www.amazon.co.jp/dp/B079PKDXH6,https://www.google.com/search?q=%E5%85%B1%E7%AB%8B%E9%9B%BB%E6%B0%97%E8%A8%88%E5%99%A8%20%E4%BC%9A%E7%A4%BE%E6%A6%82%E8%A6%81%20%E5%95%8F%E3%81%84%E5%90%88%E3%82%8F%E3%81%9B%20%E5%8D%B8
医食同源ドットコム,1,産業・研究開発用品,連絡候補,,中小の見込み,JAN45/49／メーカー名日本語,なし,あり,ウエルシアドットコム 【WP岡山西大寺東店西日本地域】 【WPロジプレイス八王子店東日本地域】 / ヘルスケアコヤマ（置き配希望の場合はお届け先の後にご記入ください※対象外の場合あり） / クスリのゴクウ,5,5,6,544,B09T2PM8ZJ,[医食同源ドットコム] iSDG【90枚 30枚入x3箱】 立体型スパンレース不織布カラーマスク SPUN MASK (,https://www.amazon.co.jp/dp/B09T2PM8ZJ,https://www.google.com/search?q=%E5%8C%BB%E9%A3%9F%E5%90%8C%E6%BA%90%E3%83%89%E3%83%83%E3%83%88%E3%82%B3%E3%83%A0%20%E4%BC%9A%E7%A4%BE%E6%A6%82%E8%A6%81%20%E5%95%8F%E3%81%84%E5%90%88%E3%82%8F%E3%81%9B%20%E5%8D%B8
吉田製油所,1,DIY・工具・ガーデン,連絡候補,,中小の見込み,JAN45/49／メーカー名日本語,なし,あり,福来たる市場 2026年 / buckteeth【株式会社バックティース】インボイス対応済,2,2,2,4373,B00X5YK4S6,白アリミケブロック業務用400ml 白蟻駆除用木部処理用乳剤,https://www.amazon.co.jp/dp/B00X5YK4S6,https://www.google.com/search?q=%E5%90%89%E7%94%B0%E8%A3%BD%E6%B2%B9%E6%89%80%20%E4%BC%9A%E7%A4%BE%E6%A6%82%E8%A6%81%20%E5%95%8F%E3%81%84%E5%90%88%E3%82%8F%E3%81%9B%20%E5%8D%B8
大石天狗堂(Ooishi Tengudo),1,おもちゃ,連絡候補,,中小の見込み,manufacturer日本語／メーカー名日本語,なし,あり,コロポックル商会,1,3,3,1525,B001CIQ49A,大石天狗堂(Ooishi Tengudo) 小倉百人一首 歌かるた 標準取札,https://www.amazon.co.jp/dp/B001CIQ49A,https://www.google.com/search?q=%E5%A4%A7%E7%9F%B3%E5%A4%A9%E7%8B%97%E5%A0%82%28Ooishi%20Tengudo%29%20%E4%BC%9A%E7%A4%BE%E6%A6%82%E8%A6%81%20%E5%95%8F%E3%81%84%E5%90%88%E3%82%8F%E3%81%9B%20%E5%8D%B8
寺田ポンプ製作所,1,産業・研究開発用品,連絡候補,,中小の見込み,JAN45/49／manufacturer日本語／メーカー名日本語／日本法人格,なし,あり,【ミナトワークス】 / buckteeth【株式会社バックティース】インボイス対応済 / いっきゅう ビジネス良品館,3,6,6,9706,B0C7QHPDGD,寺田ポンプ製作所 寺田 底水用水中ポンプ SP-150BNL 50Hz,https://www.amazon.co.jp/dp/B0C7QHPDGD,https://www.google.com/search?q=%E5%AF%BA%E7%94%B0%E3%83%9D%E3%83%B3%E3%83%97%E8%A3%BD%E4%BD%9C%E6%89%80%20%E4%BC%9A%E7%A4%BE%E6%A6%82%E8%A6%81%20%E5%95%8F%E3%81%84%E5%90%88%E3%82%8F%E3%81%9B%20%E5%8D%B8
小川耕太郎∞百合子社,1,DIY・工具・ガーデン,連絡候補,,中小の見込み,manufacturer日本語／メーカー名日本語／日本法人格,なし,あり,World NEXT （無休・即日発送） / ヒロセ ネットショップ,2,5,5,640,B0058FZGKG,シックハウス対策に天然成分100％ワックス『未晒し蜜ロウワックス』/Aタイプ　100ml,https://www.amazon.co.jp/dp/B0058FZGKG,https://www.google.com/search?q=%E5%B0%8F%E5%B7%9D%E8%80%95%E5%A4%AA%E9%83%8E%E2%88%9E%E7%99%BE%E5%90%88%E5%AD%90%E7%A4%BE%20%E4%BC%9A%E7%A4%BE%E6%A6%82%E8%A6%81%20%E5%95%8F%E3%81%84%E5%90%88%E3%82%8F%E3%81%9B%20%E5%8D%B8
岩手県木炭協会,1,スポーツ＆アウトドア,連絡候補,,中小の見込み,manufacturer日本語／メーカー名日本語／日本法人格,なし,あり,燃料スーパー上総屋（インボイス登録事業者） / パピルスマート / RHファクトリーEC事業部,5,5,5,629,B005II6RXI,岩手県木炭協会 岩手切炭、6ｋｇ、黒炭、信頼のブランド、室内使用、,https://www.amazon.co.jp/dp/B005II6RXI,https://www.google.com/search?q=%E5%B2%A9%E6%89%8B%E7%9C%8C%E6%9C%A8%E7%82%AD%E5%8D%94%E4%BC%9A%20%E4%BC%9A%E7%A4%BE%E6%A6%82%E8%A6%81%20%E5%95%8F%E3%81%84%E5%90%88%E3%82%8F%E3%81%9B%20%E5%8D%B8
岸ゴム,1,おもちゃ,連絡候補,,中小の見込み,JAN45/49／manufacturer日本語／メーカー名日本語,なし,あり,【安心安全・即日配送】フロンティアShop（誠に勝手ながら問合わせはメールのみ受付けております） / [PLEASANTSショップ]K−Bright / お祭りバンク,4,6,6,1229,B00K1BUIYQ,ピカピカ水族館 48個入 OISNS11341,https://www.amazon.co.jp/dp/B00K1BUIYQ,https://www.google.com/search?q=%E5%B2%B8%E3%82%B4%E3%83%A0%20%E4%BC%9A%E7%A4%BE%E6%A6%82%E8%A6%81%20%E5%95%8F%E3%81%84%E5%90%88%E3%82%8F%E3%81%9B%20%E5%8D%B8
常陸化工,1,ペット用品,連絡候補,,中小の見込み,JAN45/49／manufacturer日本語／メーカー名日本語,なし,あり,よろずやマルシェ / charm（チャーム） | 総合ペットショップ,2,3,3,2311,B072M2D7QH,常陸化工 猫砂 トイレに流せる木製猫砂 大容量タイプ 12L 4袋,https://www.amazon.co.jp/dp/B072M2D7QH,https://www.google.com/search?q=%E5%B8%B8%E9%99%B8%E5%8C%96%E5%B7%A5%20%E4%BC%9A%E7%A4%BE%E6%A6%82%E8%A6%81%20%E5%95%8F%E3%81%84%E5%90%88%E3%82%8F%E3%81%9B%20%E5%8D%B8
快適設計IBR,1,産業・研究開発用品,連絡候補,,判定不能,JAN45/49／manufacturer日本語／メーカー名日本語／日本法人格,なし,あり,株式会社アイ・ビー・アール,1,2,2,529,B0DX1R9SK6,[快適設計IBR] KN95 マスク 不織布 5層 CNAS機関認証済み 旧製品「レギュラー」の新バージョン 立体構造 ,https://www.amazon.co.jp/dp/B0DX1R9SK6,https://www.google.com/search?q=%E5%BF%AB%E9%81%A9%E8%A8%AD%E8%A8%88IBR%20%E4%BC%9A%E7%A4%BE%E6%A6%82%E8%A6%81%20%E5%95%8F%E3%81%84%E5%90%88%E3%82%8F%E3%81%9B%20%E5%8D%B8
日本電興株式会社,1,DIY・工具・ガーデン,連絡候補,,中小の見込み,JAN45/49／manufacturer日本語／メーカー名日本語／日本法人格,なし,あり,ひるねこ【適格請求書発行事業者】 / A1 ショップ【3300円以上で全国送料無料】※一部送料無料もございます,2,2,2,4093,B0CCCMPTQR,日本電興(NIHON DENKO) 日本製 ナノバブル発生装置 キッチン水栓用 (泡沫/丸型) ND-NBKS 工具不要,https://www.amazon.co.jp/dp/B0CCCMPTQR,https://www.google.com/search?q=%E6%97%A5%E6%9C%AC%E9%9B%BB%E8%88%88%E6%A0%AA%E5%BC%8F%E4%BC%9A%E7%A4%BE%20%E4%BC%9A%E7%A4%BE%E6%A6%82%E8%A6%81%20%E5%95%8F%E3%81%84%E5%90%88%E3%82%8F%E3%81%9B%20%E5%8D%B8
株式会社 山本人形,1,おもちゃ,連絡候補,,中小の見込み,manufacturer日本語／メーカー名日本語／日本法人格,なし,あり,お祭りバンク / おもちゃの三洋堂 (土日祝日休業) / Gプラスストア,3,5,6,245,B08K44HVLY,スーパーボール カラフルうんちNP24mm アソート100個入,https://www.amazon.co.jp/dp/B08K44HVLY,https://www.google.com/search?q=%E6%A0%AA%E5%BC%8F%E4%BC%9A%E7%A4%BE%20%E5%B1%B1%E6%9C%AC%E4%BA%BA%E5%BD%A2%20%E4%BC%9A%E7%A4%BE%E6%A6%82%E8%A6%81%20%E5%95%8F%E3%81%84%E5%90%88%E3%82%8F%E3%81%9B%20%E5%8D%B8
株式会社アザレア,1,ホビー,連絡候補,,中小の見込み,JAN45/49／manufacturer日本語／メーカー名日本語／日本法人格,なし,あり,安全用品販売ハルワ / モデルガンショップ　チトセ浜松 / ミリタリーベース,4,4,4,252,B0989GCNFS,HITCALL 天然由来成分PLA配合 NM BB弾 0.2g 4000発 高精度 高真球 ウォーター研磨仕上げ採用,https://www.amazon.co.jp/dp/B0989GCNFS,https://www.google.com/search?q=%E6%A0%AA%E5%BC%8F%E4%BC%9A%E7%A4%BE%E3%82%A2%E3%82%B6%E3%83%AC%E3%82%A2%20%E4%BC%9A%E7%A4%BE%E6%A6%82%E8%A6%81%20%E5%95%8F%E3%81%84%E5%90%88%E3%82%8F%E3%81%9B%20%E5%8D%B8
第一ビニール,1,DIY・工具・ガーデン,連絡候補,,中小の見込み,JAN45/49／manufacturer日本語／メーカー名日本語,なし,あり,ダイユーエイト【「在庫あり」表示の商品は祝日も発送しております-土日は休みです-】 / 村の鍛冶屋,2,3,4,6485,B076M5T7CQ,DAIM 土と芝の根 どめどめシート 15cm 3m巻 12セット 花壇 土留め 根止め ガーデンエッジ,https://www.amazon.co.jp/dp/B076M5T7CQ,https://www.google.com/search?q=%E7%AC%AC%E4%B8%80%E3%83%93%E3%83%8B%E3%83%BC%E3%83%AB%20%E4%BC%9A%E7%A4%BE%E6%A6%82%E8%A6%81%20%E5%95%8F%E3%81%84%E5%90%88%E3%82%8F%E3%81%9B%20%E5%8D%B8
自然暮らし,1,DIY・工具・ガーデン,連絡候補,,判定不能,JAN45/49／manufacturer日本語／メーカー名日本語／日本法人格,なし,あり,日東エフシー株式会社 / TAIYO.Co《12時までの注文で当日出荷。購入者都合返品は往復送料実費負担いただきます》 / 株式会社シャロー,3,3,3,722,B0FMXLFN4V,【プロ品質の万能肥料】観葉植物 水耕栽培 粉末 肥料 栄養剤 液体肥料 自然暮らし 水に溶かして速く効く粉末液肥 100,https://www.amazon.co.jp/dp/B0FMXLFN4V,https://www.google.com/search?q=%E8%87%AA%E7%84%B6%E6%9A%AE%E3%82%89%E3%81%97%20%E4%BC%9A%E7%A4%BE%E6%A6%82%E8%A6%81%20%E5%95%8F%E3%81%84%E5%90%88%E3%82%8F%E3%81%9B%20%E5%8D%B8
近与(KONYO),1,DIY・工具・ガーデン,連絡候補,,中小の見込み,JAN45/49／manufacturer日本語／メーカー名日本語,なし,あり,ECJOY! [創業24年インボイスT7011001061049] / 農家のお店おてんとさん / 村の鍛冶屋,5,6,6,932,B00FB91SSI,SUN UP 両口メガネレンチ 6丁組,https://www.amazon.co.jp/dp/B00FB91SSI,https://www.google.com/search?q=%E8%BF%91%E4%B8%8E%28KONYO%29%20%E4%BC%9A%E7%A4%BE%E6%A6%82%E8%A6%81%20%E5%95%8F%E3%81%84%E5%90%88%E3%82%8F%E3%81%9B%20%E5%8D%B8
野田琺瑯(Nodahoro),1,ホーム＆キッチン,連絡候補,,中小の見込み,JAN45/49／メーカー名日本語,なし,あり,おしゃれcafeアマゾン店 / ECカレント / エフシーインテリア,3,5,5,500,B003VIVZTS,野田琺瑯(Nodahoro) 保存容器 ホーロー 耐熱 持ち手付きストッカー 角型 レクタングル Lサイズ 密閉蓋付 ホ,https://www.amazon.co.jp/dp/B003VIVZTS,https://www.google.com/search?q=%E9%87%8E%E7%94%B0%E7%90%BA%E7%91%AF%28Nodahoro%29%20%E4%BC%9A%E7%A4%BE%E6%A6%82%E8%A6%81%20%E5%95%8F%E3%81%84%E5%90%88%E3%82%8F%E3%81%9B%20%E5%8D%B8
鈴木ラテックス(SUZUKILATEX),1,おもちゃ,連絡候補,,中小の見込み,メーカー名日本語,なし,あり,めずらしや (土日祝休業) / おもちゃの三洋堂 (土日祝日休業) / もぐら本舗,3,3,3,114,B0016JT474,鈴木ラテックス ヨーヨーフーセンセット ポケットポンプ付き 100個入り,https://www.amazon.co.jp/dp/B0016JT474,https://www.google.com/search?q=%E9%88%B4%E6%9C%A8%E3%83%A9%E3%83%86%E3%83%83%E3%82%AF%E3%82%B9%28SUZUKILATEX%29%20%E4%BC%9A%E7%A4%BE%E6%A6%82%E8%A6%81%20%E5%95%8F%E3%81%84%E5%90%88%E3%82%8F%E3%81%9B%20%E5%8D%B8
