preset,ASIN,商品名,ブランド,メーカー,カテゴリ,ランク,月間ドロップ数,月間販売数,出品者数,BuyBox価格,過去1年最安値,損益分岐仕入れ値,損益分岐仕入れ値_精緻,仕入れ掛け率上限%,想定月販,消化月数,消化月数_ロット5,FBAサイズ区分,外注費,規模フラグ,段1回転,段2値下げ耐性,判定,見送り理由,出品制限チェック,Amazonページリンク
B,B0FPB5DSB4,"Anker Charger (100W, 3 Ports) with USB-C & USB-Cケーブル ダークグレー",Anker,Anker,家電＆カメラ > 携帯電話・スマートフォン > 携帯電話・スマートフォンアクセサリ,3387,48,1000,2,9990,5990,3611,4794,36.2,16.0,0.62,0.31,標準1,282,大手/海外疑い,GO,GO,GO,,,https://www.amazon.co.jp/dp/B0FPB5DSB4
A,B0FSSPVT5C,ソーラーモバイルバッテリー 大容量 40800mAh 【22.5W/PD18W急速充電 4本ケーブル内蔵】 6台同時充電 ソーラーチャージャー,Toyomii,Toyomii,家電＆カメラ > 携帯電話・スマートフォン > 携帯電話・スマートフォンアクセサリ,4467,47,300,2,3488,3488,1985,2492,56.9,15.67,0.64,0.32,標準1,282,中小候補,GO,GO,GO,,,https://www.amazon.co.jp/dp/B0FSSPVT5C
A,B0FDQ73HJJ,水月雨 Moondrop Pill オープンイヤー型ワイヤレスイヤホン イヤーカフ イヤホン オープンイヤー ワイヤレス Bluetooth 6.0,Moondrop,Moondrop,家電＆カメラ > イヤホン・ヘッドホン > イヤホン・ヘッドホン本体,4951,47,50,2,6750,5643,3485,4719,51.6,15.67,0.64,0.32,標準(小型),182,中小候補,GO,GO,GO,,,https://www.amazon.co.jp/dp/B0FDQ73HJJ
A,B0DNT9Z2HS,UGREEN 100W GaN 卓上急速充電器 (4*USB-C+2*USB-A) コンパクト【PSE技術基準適合/PD3.0/QC4.0/PPS対応】 複数台,UGREEN,Ugreen Group Limited,家電＆カメラ > 携帯電話・スマートフォン > 携帯電話・スマートフォンアクセサリ,1089,47,500,2,5235,5183,3086,4052,59.0,15.67,0.64,0.32,標準1,282,大手/海外疑い,GO,GO,GO,,,https://www.amazon.co.jp/dp/B0DNT9Z2HS
A,B0GCFT1YLL,Evinof テレビ スピーカー ワイヤレス【テレビ全機種対応★2.4G送信機同梱】手元スピーカー テレビ用 最大30m 低遅延 27時間連続再生,Evinof,Evinof,家電＆カメラ > ポータブルオーディオ > ポータブルスピーカー・ドック,1652,46,900,2,6997,6997,4266,5721,61.0,15.33,0.65,0.33,標準1,282,中小候補,GO,GO,GO,,,https://www.amazon.co.jp/dp/B0GCFT1YLL
A,B0FSKR4BSQ,Shell 100W 急速充電器 Type-c 4ポート PSE技術基準適合,Shell,"‎Shenzhenshi Ezreal Technology Co.,Ltd",家電＆カメラ > 携帯電話・スマートフォン > 携帯電話・スマートフォンアクセサリ,2067,45,500,2,2429,2429,1396,1762,57.5,15.0,0.67,0.33,標準(小型),182,中小候補,GO,GO,GO,,,https://www.amazon.co.jp/dp/B0FSKR4BSQ
A,B0FSSL4JP2,ソーラーモバイルバッテリー 大容量 63200mAh 22.5W/PD18W急速充電 手回し充電 ケーブル内蔵 ソーラーチャージャー 防水 ブラック,Toyomii,Toyomii,家電＆カメラ > 携帯電話・スマートフォン > 携帯電話・スマートフォンアクセサリ,3650,44,300,2,5111,5111,2990,3856,58.5,14.67,0.68,0.34,標準2,332,中小候補,GO,GO,GO,,,https://www.amazon.co.jp/dp/B0FSSL4JP2
A,B0CN99RD5L,TELESIN スマホネックレスマウント スマホ ネックホルダー 磁気マグネット 首掛けスマホホルダー iPhone対応,TELESIN,TELESIN°,家電＆カメラ > 携帯電話・スマートフォン > 携帯電話・スマートフォンアクセサリ,2019,44,500,2,3215,3215,1807,2241,56.2,14.67,0.68,0.34,標準1,282,中小候補,GO,GO,GO,,,https://www.amazon.co.jp/dp/B0CN99RD5L
B,B0FXWZ5XGX,【電池式の限界を超える·常時録画×360°自動追尾 】ieGeek 防犯カメラ 屋外 ソーラー 9000mAhバッテリー 9Wソーラー/連続給電 25m暗視距離,ieGeek,ieGeek,家電＆カメラ > カメラ > 防犯カメラ,7845,44,400,2,13990,9985,6158,8340,44.0,14.67,0.68,0.34,標準2,332,中小候補,GO,GO,GO,,,https://www.amazon.co.jp/dp/B0FXWZ5XGX
A,B0GH6S573Q,【Amazon.co.jp -直営商品-2026年プライムデー 先行販売】ワイヤレス イヤホン Bluetooth ANC+ENCノイズキャンセリング イヤフォ,ノーブランド品,ノーブランド品，JASICDIET,家電＆カメラ > イヤホン・ヘッドホン,1606,43,600,2,3790,3399,2027,2655,53.5,14.33,0.7,0.35,標準(小型),182,中小候補,GO,GO,GO,,,https://www.amazon.co.jp/dp/B0GH6S573Q
A,B0GJSPJ661,プラネタリウム 家庭用 スタープロジェクター 月 オーロラ 15種類光 USB充電式 Bluetooth 音楽再生 パーティー 睡眠グッズ リモコン,Cambink,CAMBINK,家電＆カメラ > テレビ・レコーダー > ホームプロジェクター,4006,43,400,2,4179,3940,2279,2908,54.5,14.33,0.7,0.35,標準1,282,中小候補,GO,GO,GO,,,https://www.amazon.co.jp/dp/B0GJSPJ661
B,B0DK79LN9H,CIO NovaPort TRIOⅡ 140W PD急速充電器 USB-C×3 PD3.1 3台同時充電 世界最小級（ブラック）,CIO,CIO,パソコン・周辺機器 > PCアクセサリ・サプライ > ノートパソコンアクセサリ,4884,43,100,2,11800,8956,5539,7523,46.9,14.33,0.7,0.35,標準1,282,中小候補,GO,GO,GO,,,https://www.amazon.co.jp/dp/B0DK79LN9H
A,B0D86XCN4G,iClever ゲーミングキーボード テンキーレス 赤軸 メカニカル キーボード 日本語配列 マクロ対応 G06 ブラック,iClever,iClever,パソコン・周辺機器 > キーボード・マウス・入力機器 > ゲーミングキーボード,1386,42,300,2,3990,3352,1896,2367,47.5,14.0,0.71,0.36,標準1,282,中小候補,GO,GO,GO,,,https://www.amazon.co.jp/dp/B0D86XCN4G
A,B0D1VDZ34M,MIATONE Bluetooth スピーカー 360°サウンド 重低音モデル IPX7防水 ワイヤレス お風呂 ブルートゥース スピーカー デュアルパッシブラ,MIATONE,MIATONE,家電＆カメラ > ポータブルオーディオ > ポータブルスピーカー・ドック,7984,42,100,2,2759,2759,1511,1822,54.8,14.0,0.71,0.36,標準1,282,中小候補,GO,GO,GO,,,https://www.amazon.co.jp/dp/B0D1VDZ34M
A,B0FB9JHXTX,CIO SMARTCOBY TRIO 35W モバイルバッテリー PD USB-C×2 USB-A×1 大容量20000mAh (ホワイト),CIO,CIO,家電＆カメラ > 携帯電話・スマートフォン > 携帯電話・スマートフォンアクセサリ,3666,42,100,2,4470,4470,2623,3396,58.7,14.0,0.71,0.36,標準1,282,中小候補,GO,GO,GO,,,https://www.amazon.co.jp/dp/B0FB9JHXTX
B,B0FJY1KB32,"Anker Prime Wireless Charging Station (3-in-1, MagGo, AirCool, Dock Stand)",Anker,Anker,家電＆カメラ > 携帯電話・スマートフォン > 携帯電話・スマートフォンアクセサリ,5804,42,50,2,17990,15990,10061,13864,55.9,14.0,0.71,0.36,標準2,332,大手/海外疑い,GO,GO,GO,,,https://www.amazon.co.jp/dp/B0FJY1KB32
A,B0G8KLZ7JF,【ステンレス鋼】デジタルノギス 150mm【高精度・4CR13ステンレス製・全金属】防水 プロ仕様 内径/外径/深さ/段差測定 LCD大画面 ゼロリセット 電池,EELHOE,EELHOE,DIY・工具・ガーデン > 測定工具 > ノギス,1316,41,400,2,2277,1499,692,558,30.4,13.67,0.73,0.37,標準1,282,中小候補,GO,GO,GO,,,https://www.amazon.co.jp/dp/B0G8KLZ7JF
A,B0FPFHTRBH,ESR OmniLock Qi2.2認証 車載ホルダー magsafe 25W Qi2 充電器 車載 CryoBoost冷却 iOS26バージョン以降,ESR,ESR,家電＆カメラ > 携帯電話・スマートフォン > 携帯電話・スマートフォンアクセサリ,3713,41,300,2,7680,5949,3584,4757,46.7,13.67,0.73,0.37,標準1,282,中小候補,GO,GO,GO,,,https://www.amazon.co.jp/dp/B0FPFHTRBH
B,B0DK79VFWN,CIO NovaPort TRIOⅡ 140W PD急速充電器 USB-C×3 PD3.1 3台同時充電 世界最小級（ホワイト）,CIO,CIO,パソコン・周辺機器 > PCアクセサリ・サプライ > ノートパソコンアクセサリ,4884,41,50,2,12980,7658,4695,6329,36.2,13.67,0.73,0.37,標準1,282,中小候補,GO,GO,GO,,,https://www.amazon.co.jp/dp/B0DK79VFWN
B,B0BSKXSK6V,Kodak コダック デジタルカメラ FZ45 単三電池式 (ブラック),ノーブランド品,ノーブランド品,家電＆カメラ > カメラ > デジタルカメラ,7779,41,100,2,17700,15840,10114,14100,57.1,13.67,0.73,0.37,標準(小型),182,中小候補,GO,GO,GO,,,https://www.amazon.co.jp/dp/B0BSKXSK6V
A,B0FZJC1ZPS,bluetooth ワイヤレスイヤホン 6つシリコンマイク搭載 AIスマートENC通話90時間再生2026最新bluetooth 5.4耳掛け型オープンイヤー ,LangRay,LangRay,家電＆カメラ > イヤホン・ヘッドホン > イヤホン・ヘッドホン本体,6373,40,200,2,1299,1299,662,723,51.0,13.33,0.75,0.38,標準(小型),182,中小候補,GO,GO,GO,,,https://www.amazon.co.jp/dp/B0FZJC1ZPS
A,B0GCNXP689,集音器 高齢者 しゅうおんき【2026進化版！革命的なデジタルチップ&高性能BA型スピーカー搭載！無段階音量調整】35倍増幅 AI自動降噪,Yaotin,Yaotin,ホーム＆キッチン > 家電 > 健康家電,3161,40,500,2,6849,6849,4269,5349,62.3,13.33,0.75,0.38,標準(小型),182,中小候補,GO,GO,GO,,,https://www.amazon.co.jp/dp/B0GCNXP689
A,B0FDL5GPR5,水月雨 Moondrop Pill オープンイヤー型ワイヤレスイヤホン イヤーカフ イヤホン オープンイヤー ワイヤレス Bluetooth 6.0,Moondrop,Moondrop,家電＆カメラ > イヤホン・ヘッドホン > イヤホン・ヘッドホン本体,4398,40,100,2,6750,5643,3485,4719,51.6,13.33,0.75,0.38,標準(小型),182,中小候補,GO,GO,GO,,,https://www.amazon.co.jp/dp/B0FDL5GPR5
A,B09SP8LYFS,八番屋 マキタ掃除機スタンド クリーナースタンド 掃除機スタンド 掃除機収納スタンド スティッククリーナースタンド 組立簡単 ホワイト,八番屋,八番屋,ホーム＆キッチン > 家電 > 生活家電,5467,40,200,2,2150,1938,927,801,43.1,13.33,0.75,0.38,標準2,332,中小候補,GO,GO,GO,,,https://www.amazon.co.jp/dp/B09SP8LYFS
A,B0FY2ZJXSR,プロジェクター 家庭用 超小型【2026新登場・本体318g超軽い・28000LM】 WiFiなしでも使える＆スマホ対応＆初心者向け 小型 270°回転 108,Sainellor,sainellor,家電＆カメラ > テレビ・レコーダー > ホームプロジェクター,7282,40,200,2,4998,4998,2966,3882,59.4,13.33,0.75,0.38,標準1,282,中小候補,GO,GO,GO,,,https://www.amazon.co.jp/dp/B0FY2ZJXSR
B,B0GJ3S68KD,Android 16 タブレット 11インチ Wi-Fiモデル Headwolf WPad7、In-Cell 1920x1200 FHD、8000mAh、8コア,Headwolf,Headwolf,パソコン・周辺機器 > タブレット,8585,40,100,2,16999,16999,10717,14793,63.0,13.33,0.75,0.38,標準2,332,中小候補,GO,GO,GO,,,https://www.amazon.co.jp/dp/B0GJ3S68KD
A,B0DHBTXVBF,サンワダイレクト リングマウス Bluetooth ホイール搭載 USB-C充電 PowerPoint・Keynote操作対応 Windows/Mac 5ボタン,サンワダイレクト,サンワダイレクト,パソコン・周辺機器 > キーボード・マウス・入力機器 > マウス,3419,39,100,2,5900,4800,2938,3944,49.8,13.0,0.77,0.38,標準(小型),182,中小候補,GO,GO,GO,,,https://www.amazon.co.jp/dp/B0DHBTXVBF
A,B0G33ZH58T,JJC DJI Osmo Pocket 4P Osmo Pocket 4 マウントベース Osmo Pocket 3 固定ベース 定点撮影用 滑り止め 軽量 持,JJC,"Jinjiacheng Photography Equipment Co.,Ltd.",家電＆カメラ > カメラ > アクセサリ,4737,39,200,2,1599,1359,701,778,43.9,13.0,0.77,0.38,標準(小型),182,中小候補,GO,GO,GO,,,https://www.amazon.co.jp/dp/B0G33ZH58T
A,B0DM9MMBH1,iFace BeBling Wave MagSafe対応 スマホリング MagSynq Ring Holder (ブラック),Hamee(ハミィ),Hamee(ハミィ),家電＆カメラ > 携帯電話・スマートフォン > 携帯電話・スマートフォンアクセサリ,2633,39,100,2,3150,3118,1844,2396,58.6,13.0,0.77,0.38,標準(小型),182,中小候補,GO,GO,GO,,,https://www.amazon.co.jp/dp/B0DM9MMBH1
A,B0FPD1ZY3J,iClever ワイヤレスキーボード テンキー付き フルサイズ Bluetooth・2.4GHz JIS配列 Type-C充電 DK03 白,iClever,iClever,パソコン・周辺機器 > キーボード・マウス・入力機器 > パソコン用キーボード,2695,39,200,2,4799,3563,2033,2561,42.4,13.0,0.77,0.38,標準1,282,中小候補,GO,GO,GO,,,https://www.amazon.co.jp/dp/B0FPD1ZY3J
A,B0FKH2TKQ8,Letmy 懐中電灯 強力 ledライト ハンディライト 2025新型 超高輝度6000ルーメン ディジタル電気量 一個セット,LETMY,LETMY,スポーツ＆アウトドア > アウトドア > ライト・ランタン,9615,39,100,2,2089,1524,808,823,38.7,13.0,0.77,0.38,標準(小型),182,中小候補,GO,GO,GO,,,https://www.amazon.co.jp/dp/B0FKH2TKQ8
A,B0FFBBXSQV,衣類スチーマー Pursay かけたまま スチームアイロン 100-240V 海外対応【濡れずにすぐに着られる×大量超微細スチーム】 ハンディ コンパクト シワ,Pursay,Pursay,ホーム＆キッチン > 家電 > 生活家電,6968,39,100,2,7581,5984,3607,4370,47.6,13.0,0.77,0.38,標準1,282,中小候補,GO,GO,GO,,,https://www.amazon.co.jp/dp/B0FFBBXSQV
B,B0BSKW371H,"コダック コンパクトデジタルカメラ FZ45 単三電池式 (ブラック, 電池・SD・ポーチセット)",ノーブランド品,ノーブランド品,家電＆カメラ > カメラ > デジタルカメラ,6513,39,100,2,19800,15920,10066,13930,50.8,13.0,0.77,0.38,標準1,282,中小候補,GO,GO,GO,,,https://www.amazon.co.jp/dp/B0BSKW371H
B,B0BSKMRSPF,Kodak コダック デジタルカメラ FZ45 単三電池式 (レッド),ノーブランド品,ノーブランド品,家電＆カメラ > カメラ > デジタルカメラ,8441,39,,2,18300,15120,9646,13438,52.7,13.0,0.77,0.38,標準(小型),182,中小候補,GO,GO,GO,,,https://www.amazon.co.jp/dp/B0BSKMRSPF
A,B0GDXX5GD4,掃除機 コードレス 強力吸引45000Pa 35分稼働 超軽量 静音 スティック型 一人暮らし ペットの毛・猫砂対応 本体0.5kg 充電式コンパクト,Fochai,Fochai,ホーム＆キッチン > 家電 > 生活家電,4315,38,500,2,5758,5641,3334,3948,57.9,12.67,0.79,0.39,標準2,332,中小候補,GO,GO,GO,,,https://www.amazon.co.jp/dp/B0GDXX5GD4
A,B0CWMT5NYG,サンワダイレクト リングマウス Bluetooth 充電式 5ボタン Windows/Mac ブラック 400-MABT156BK2,サンワダイレクト,サンワダイレクト,パソコン・周辺機器 > キーボード・マウス・入力機器 > マウス,7476,38,50,2,3850,3850,2320,3070,60.3,12.67,0.79,0.39,標準(小型),182,中小候補,GO,GO,GO,,,https://www.amazon.co.jp/dp/B0CWMT5NYG
A,B0G4CWLMYS,Tecaki プロジェクター 家庭用 【Android TV搭載・270°回転・自動台形補正】 高輝度25000LM 超小型 天井投影 1080P ぷろじえくた,Tecaki,Tecaki,家電＆カメラ > テレビ・レコーダー > ホームプロジェクター,4261,38,100,2,7988,7988,4910,6632,61.5,12.67,0.79,0.39,標準1,282,中小候補,GO,GO,GO,,,https://www.amazon.co.jp/dp/B0G4CWLMYS
A,B0FX8MQ4M7,【Amazon.co.jp限定】モニターアーム 17～32インチ対応 耐荷重2～11kg VESA規格対応 5軸可動式 多角度調節 ガススプリング式 アルミニウ,Vexify,Vexify,パソコン・周辺機器 > PCアクセサリ・サプライ > モニターアクセサリ,5542,38,100,2,4980,3399,1877,2281,37.7,12.67,0.79,0.39,標準2,332,中小候補,GO,GO,GO,,,https://www.amazon.co.jp/dp/B0FX8MQ4M7
A,B0G8VJDDC7,モバイルバッテリー 大容量 小型 20000mAh タイプC&ライトニング両対応 2台同時充電 2.4A急速充電 スマホバッテリー ワイヤレス充電器 持ち運び便,Kungix,Kungix,家電＆カメラ > 携帯電話・スマートフォン > 携帯電話・スマートフォンアクセサリ,2734,38,300,2,3020,3020,1781,2306,59.0,12.67,0.79,0.39,標準(小型),182,中小候補,GO,GO,GO,,,https://www.amazon.co.jp/dp/B0G8VJDDC7
A,B0G48XY23B,ハンドブレンダー 【無段階変速】ブレンダー 電動 氷も砕ける ミキサー フードプロセッサー ジューサー/離乳食/スムージー/スープ,Ｌａｚｙｍｅ,LAZYME,ホーム＆キッチン > 家電 > キッチン家電,1523,38,500,2,3579,3544,2021,2296,56.5,12.67,0.79,0.39,標準1,282,中小候補,GO,GO,GO,,,https://www.amazon.co.jp/dp/B0G48XY23B
A,B0D65TH8PY,iClever ゲーミングキーボード 赤軸 メカニカル キーボード 日本語配列 有線 マクロ対応 カスタマイズ G07 ブラック,iClever,iClever,パソコン・周辺機器 > キーボード・マウス・入力機器 > ゲーミングキーボード,3930,38,100,2,6190,5048,2999,3928,48.5,12.67,0.79,0.39,標準1,282,中小候補,GO,GO,GO,,,https://www.amazon.co.jp/dp/B0D65TH8PY
B,B0FH23M456,BOIFUN バイク用スマートモニター【業界初・縦横表示切替対応・ 6.25インチ大画面】Carplay/Android Auto対応・ バイク用モニター スマ,BOIFUN,BOIFUN,車＆バイク > バイクアクセサリ > バイク用通信機器・GPS,2264,38,100,2,16495,15998,10116,12882,61.3,12.67,0.79,0.39,標準1,282,中小候補,GO,GO,GO,,,https://www.amazon.co.jp/dp/B0FH23M456
B,B0GKH36WB5,SCYROX V6 軽量 ワイヤレスゲーミングマウス 40g Pixart 3950センサー 8k ドングル同梱済み kailhスイッチ版【日本正規代理店保証】,SCYROX,SCYROX,パソコン・周辺機器 > キーボード・マウス・入力機器 > ゲーミングマウス,3465,38,100,2,11800,9702,6024,8209,51.1,12.67,0.79,0.39,標準1,282,中小候補,GO,GO,GO,,,https://www.amazon.co.jp/dp/B0GKH36WB5
A,B0FYG2NDBR,モバイルバッテリー MagSafe対応 10000mAh ワイヤレス充電 22.5W急速充電 USB-C内蔵ケーブル 小型 軽量 薄型 最大3台同時充電 PD対,CHUSII,"Shenzhen Joway Power Supply Co., Ltd.",家電＆カメラ > 携帯電話・スマートフォン > 携帯電話・スマートフォンアクセサリ,2538,50,300,3,1563,1563,833,965,53.4,12.5,0.8,0.4,標準(小型),182,中小候補,GO,GO,GO,,,https://www.amazon.co.jp/dp/B0FYG2NDBR
A,B0FD855CBD,プリペイドSIMカード 【RAKUTEN回線】 国内海外 プリペイドSIM 3GB/月6ヶ月間有効 5G/4G-LTE対応 SMS認証可能 データ通信 専用 S,A AHAGEN,NETTRUST CARD,家電＆カメラ > 携帯電話・スマートフォン > SIMカード,6767,37,100,2,3380,3128,1751,2161,51.8,12.33,0.81,0.41,標準1,282,中小候補,GO,GO,GO,,,https://www.amazon.co.jp/dp/B0FD855CBD
A,B0C4X9TW9C,[マーナ] Shupatto 保冷バッグ (20L/ホワイトバーチ) シュパット 一気にたためる エコバッグ (折り畳み/大容量) 保冷バッグ,マーナ(Marna),Shupatto,ファッション > バッグ・スーツケース > エコバッグ・買い物バッグ,2268,37,200,2,4180,4138,2507,3045,60.0,12.33,0.81,0.41,標準(小型),182,中小候補,GO,GO,GO,,,https://www.amazon.co.jp/dp/B0C4X9TW9C
A,B0CZTFF4V2,エレコム モバイルバッテリー 15W 5000mAh 2ポート Type-C USB-A &me 小型 軽量 ラベンダー DE-C45-5000PU,エレコム(ELECOM),エレコム,家電＆カメラ > 携帯電話・スマートフォン > 携帯電話・スマートフォンアクセサリ,9058,37,100,2,1580,1348,694,768,43.9,12.33,0.81,0.41,標準(小型),182,大手/海外疑い,GO,GO,GO,,,https://www.amazon.co.jp/dp/B0CZTFF4V2
A,B0FQ1X5R8C,【2026新登場・360°回転・折り畳み式】 タブレット スタンド iPad スタンド 4.7~13インチ対応 軽量 高さ 角度調整 滑り止め 放熱 通気性 安,Kungix,Kungix,パソコン・周辺機器 > PCアクセサリ・サプライ > タブレットアクセサリ,1533,37,300,2,1963,1946,982,1074,50.1,12.33,0.81,0.41,標準1,282,中小候補,GO,GO,GO,,,https://www.amazon.co.jp/dp/B0FQ1X5R8C
A,B0FDPYH3JR,水月雨 Moondrop Pill オープンイヤー型ワイヤレスイヤホン イヤーカフ イヤホン オープンイヤー ワイヤレス Bluetooth 6.0,Moondrop,Moondrop,家電＆カメラ > イヤホン・ヘッドホン > イヤホン・ヘッドホン本体,4950,37,50,2,6750,5700,3523,4772,52.2,12.33,0.81,0.41,標準(小型),182,中小候補,GO,GO,GO,,,https://www.amazon.co.jp/dp/B0FDPYH3JR
A,B0GCMVLX3K,【亜鉛合金 高精度150mm】デジタルノギス フルメタル 亜鉛合金製 防水 高精度デジタルノギス 内径/外径/深さ/段差測定対応 大工・DIY・工業用 大画面L,EELHOE,EELHOE,DIY・工具・ガーデン > 測定工具 > ノギス,1316,37,50,2,1699,1299,562,388,33.1,12.33,0.81,0.41,標準1,282,中小候補,GO,GO,GO,,,https://www.amazon.co.jp/dp/B0GCMVLX3K
B,B0G4F1XXWT,ファイナル(final) VR3000 Wireless for Gaming+ ゲーム専用イヤホン 20ｍs以下の超低遅延接続 ハイブリッドANC搭載 USB,ファイナル(final),final Inc.,パソコン・周辺機器 > PCアクセサリ・サプライ > PCゲーミングアクセサリ,1485,37,,2,15800,14220,9061,12610,57.3,12.33,0.81,0.41,標準(小型),182,中小候補,GO,GO,GO,,,https://www.amazon.co.jp/dp/B0G4F1XXWT
A,B0G7G1XGS2,プロジェクター 小型 270°回転 ネイティブ1080P 32000LM 天井投影 Bluetooth5.4 ホームプロジェクター 4k対応 家庭用プロジェクタ,Alprojec,Alprojec,家電＆カメラ > テレビ・レコーダー > ホームプロジェクター,1748,49,500,3,5699,5698,3421,4526,60.0,12.25,0.82,0.41,標準1,282,中小候補,GO,GO,GO,,,https://www.amazon.co.jp/dp/B0G7G1XGS2
A,B0FVLZ7YCP,Magcubic プロジェクター 家庭用 小型 天井投影 Android 14搭載 4K対応 360°HIFI 立体スピーカー,Magcubic,Magcubic,家電＆カメラ > テレビ・レコーダー > ホームプロジェクター,8564,36,200,2,7549,6794,4134,5534,54.8,12.0,0.83,0.42,標準1,282,中小候補,GO,GO,GO,,,https://www.amazon.co.jp/dp/B0FVLZ7YCP
A,B0CX56D9HY,延長コード 2M 電源タップ タワー Type-C付 8個AC口 2個USB-Cポート 2個USB-Aポート Micshion USB コンセント 個別スイッチ,Micshion,Micshion,パソコン・周辺機器 > PCアクセサリ・サプライ > 電源タップ,3540,36,50,2,3699,2799,1537,1859,41.6,12.0,0.83,0.42,標準1,282,中小候補,GO,GO,GO,,,https://www.amazon.co.jp/dp/B0CX56D9HY
A,B0GHMT3457,Juliyas ネックケア 首 リラクゼーション器 EMS×TENS Ｗ効果 振動 首元ケア ホットケア 10種類のモード 19段階強度調節,Juliyas,Juliyas,ホーム＆キッチン > 家電 > 健康家電,3968,36,300,2,1999,1979,1104,1210,55.2,12.0,0.83,0.42,標準(小型),182,中小候補,GO,GO,GO,,,https://www.amazon.co.jp/dp/B0GHMT3457
A,B0BY7YHDZH,ロジテックダイレクト BD-RE AACS対応 ブルーレイディスク Blu-ray Disc 2倍速 くり返し録画用 記録用 25GB 記録メディア スピンドル,ロジテック,ロジテックダイレクト,パソコン・周辺機器 > PCアクセサリ・サプライ > 記録メディア,1773,36,50,2,2780,2549,1374,1629,49.5,12.0,0.83,0.42,標準1,282,中小候補,GO,GO,GO,,,https://www.amazon.co.jp/dp/B0BY7YHDZH
A,B0FX7X94T4,【2026革新型・高質感・高速処理】 cd dvdドライブ 外付け dvd ドライブ 外付け cdドライブ 光学ドライブ 6-in-1 外付けdvdドライブ U,Nexmora,Nexmora,パソコン・周辺機器 > 外付けドライブ・ストレージ > 外付光学式ドライブ,1776,36,200,2,2680,2679,1459,1748,54.5,12.0,0.83,0.42,標準1,282,中小候補,GO,GO,GO,,,https://www.amazon.co.jp/dp/B0FX7X94T4
A,B0GH7VP7MW,THREEKEY マグセーフ充電器 Qi2認証 25W急速充電 高風量冷却ファン搭載,THREEKEY,"Shenzhen Suiqi Innovation Technology Co.,Ltd.",家電＆カメラ > 携帯電話・スマートフォン > 携帯電話・スマートフォンアクセサリ,5745,36,200,2,2999,2999,1767,2287,58.9,12.0,0.83,0.42,標準(小型),182,中小候補,GO,GO,GO,,,https://www.amazon.co.jp/dp/B0GH7VP7MW
A,B09W1B39MK,LED電球 E26 口金直径26mm 100w形相当 電球色相当(12.5W) 一般電球 全方向タイプ 1個入り 密閉器具対応,POIUYTO,,ホーム＆キッチン > 家電 > 照明,5314,36,200,2,1630,1614,867,899,53.2,12.0,0.83,0.42,標準(小型),182,中小候補,GO,GO,GO,,,https://www.amazon.co.jp/dp/B09W1B39MK
A,B0F6LKG8ZT,【Amazon.co.jp限定】ミスト ファン 扇風機 卓上扇風機 キャンプ 風量無段階調節 55時間連続使用 アウトドア ミストスプレーファン Sinessy,Sinessy,Sinessy,ホーム＆キッチン > 家電 > 空調・季節家電,2014,36,1000,2,6999,5990,3561,4245,50.9,12.0,0.83,0.42,標準2,332,中小候補,GO,GO,GO,,,https://www.amazon.co.jp/dp/B0F6LKG8ZT
A,B0GC548RFC,ワイヤレスHDMI送受信機セット 無線 HDMI【2WAY接続で対応率99%】0.1秒超低遅延 1080P/50m伝送 音画同期 WiFi・設定不要,Yaotin,Yaotin,パソコン・周辺機器 > PCアクセサリ・サプライ,2414,36,200,2,6999,6999,4367,5967,62.4,12.0,0.83,0.42,標準(小型),182,中小候補,GO,GO,GO,,,https://www.amazon.co.jp/dp/B0GC548RFC
A,B0F2M5QFQ2,Newsoul モニターアーム VESA モバイルモニタースタンド 卓上 持ち運び モバイルディスプレイアームスタンド 自立式 2段,Newsoul,Newsoul,パソコン・周辺機器 > PCアクセサリ・サプライ > モニターアクセサリ,3080,36,200,2,2699,1999,1017,1123,37.7,12.0,0.83,0.42,標準1,282,中小候補,GO,GO,GO,,,https://www.amazon.co.jp/dp/B0F2M5QFQ2
B,B0FJS3VBHQ,"Anker Prime Wireless Charging Station (3-in-1, MagGo, AirCool, Dock Stand)",Anker,Anker,家電＆カメラ > 携帯電話・スマートフォン > 携帯電話・スマートフォンアクセサリ,5804,47,100,3,17990,15990,10061,13864,55.9,11.75,0.85,0.43,標準2,332,大手/海外疑い,GO,GO,GO,,,https://www.amazon.co.jp/dp/B0FJS3VBHQ
A,B0DG2K4RJ8,[Sinjimoru] MagSafe対応カードケース スタンド付きグリップ 片手操作 強力磁石 iPhone 12~17シリーズ対応 ブラック,Sinjimoru,Sinjimoru Co.Ltd,家電＆カメラ > 携帯電話・スマートフォン > 携帯電話・スマートフォンアクセサリ,3657,35,200,2,2980,1780,975,1165,32.7,11.67,0.86,0.43,標準(小型),182,中小候補,GO,GO,GO,,,https://www.amazon.co.jp/dp/B0DG2K4RJ8
A,B0DH2MV4VL,GravaStar キーボード用コイルケーブル USB-C ケーブル コイル状 ゲーミングキーボード type-c 航空コネクタ 高速データ伝送,GravaStar,"ZhuoYe ChuangYi Co., Ltd.",パソコン・周辺機器 > PCアクセサリ・サプライ > ケーブル・アクセサリ,3125,35,100,2,3980,3582,2046,2579,51.4,11.67,0.86,0.43,標準1,282,中小候補,GO,GO,GO,,,https://www.amazon.co.jp/dp/B0DH2MV4VL
A,B0FHYM3FXB,アンジュスマイル手動さく乳器 乳首 哺乳びん 手動搾乳機 さく乳機 赤ちゃん 授乳 吸引力 母乳育児 母乳保存 断乳 ベビー用品 ベビー さくにゅうき 搾乳ポン,アンジュスマイル,ちゃいなび,ベビー＆マタニティ > 授乳・食事 > 搾乳器,3003,35,,2,1602,1602,759,645,47.4,11.67,0.86,0.43,標準1,282,中小候補,GO,GO,GO,,,https://www.amazon.co.jp/dp/B0FHYM3FXB
A,B0G125V3W6,iFace BeBling 2 MagSafe対応 スマホリング MagSynq Ring Holder (クリア),iface,Hamee(ハミィ),家電＆カメラ > 携帯電話・スマートフォン > 携帯電話・スマートフォンアクセサリ,3217,35,100,2,3520,2980,1755,2269,49.9,11.67,0.86,0.43,標準(小型),182,中小候補,GO,GO,GO,,,https://www.amazon.co.jp/dp/B0G125V3W6
A,B0GJ37HXXY,Ｌａｚｙｍｅ コードレス フードプロセッサー 小型 時短調理 チョッパー 1台5役 2種の刃 離乳食/肉挽き/野菜/氷/対応 キッチン家電 家庭用,Ｌａｚｙｍｅ,Ｌａｚｙｍｅ,ホーム＆キッチン > 家電 > キッチン家電,7137,35,300,2,2980,2980,1655,1817,55.5,11.67,0.86,0.43,標準1,282,中小候補,GO,GO,GO,,,https://www.amazon.co.jp/dp/B0GJ37HXXY
A,B0D1C44P6W,FAR EAST GADGET ファーイーストガジェット タイプスティックス (Black),FAR EAST GADGET,FAR EAST GADGET,パソコン・周辺機器 > PCアクセサリ・サプライ > キーボード&マウスアクセサリ,1679,35,200,2,2480,2480,1430,1809,57.7,11.67,0.86,0.43,標準(小型),182,中小候補,GO,GO,GO,,,https://www.amazon.co.jp/dp/B0D1C44P6W
A,B0GK6PLP2Y,モバイルバッテリー 20000mAh 安心大容量 22.5W 急速充電 複数デバイス同時充電対応（最大5台まで） 軽量 薄型 コンパクト 3種ケーブル内蔵（Ty,TopLuck,wapik,家電＆カメラ > 携帯電話・スマートフォン > 携帯電話・スマートフォンアクセサリ,3648,35,100,2,1759,1759,861,902,49.0,11.67,0.86,0.43,標準1,282,中小候補,GO,GO,GO,,,https://www.amazon.co.jp/dp/B0GK6PLP2Y
B,B0FC1MSSMK,EPA認証済み ＵＤＡＰ 熊撃退スプレー ホルスター付 （アメリカ森林警備隊採用品）正規輸入品 熊スプレー 業務用 自治体導入 法人 専用ホルスター (1本),スペシャルギフト,UDAP,スポーツ＆アウトドア > アウトドア > 安全対策・サバイバル,5250,35,100,2,9000,6480,3930,4792,43.7,11.67,0.86,0.43,標準1,282,中小候補,GO,GO,GO,,,https://www.amazon.co.jp/dp/B0FC1MSSMK
A,B0DLT44228,Kachiari(カチアリ) 電動ドライバー KA-9 18V対応 40N.m 家具組立 ネジ締め 本体のみ,Kachiari,Kachiari KA-9,DIY・工具・ガーデン > 電動工具・エア工具 > 穴あけ・締付工具,6379,34,50,2,4160,3024,1683,1854,40.5,11.33,0.88,0.44,標準1,282,中小候補,GO,GO,GO,,,https://www.amazon.co.jp/dp/B0DLT44228
A,B07FNLRB88,8(eight) (エイト) 本格派 桐 本桐 2枚歯 下駄 紳士用 男性 ブラック Ｌ 約28.0cm,8(eight),,ファッション > メンズ > シューズ,6531,34,100,2,2690,2590,1401,1485,52.1,11.33,0.88,0.44,標準1,282,中小候補,GO,GO,GO,,,https://www.amazon.co.jp/dp/B07FNLRB88
A,B0G3WNRCPF,iClever キーボード マウスセット ワイヤレス Bluetooth＆2.4G JIS日本語配列 フルサイズ テンキー付き マウス4段調節可能DPI 静音 ,iClever,iClever,パソコン・周辺機器 > キーボード・マウス・入力機器 > キーボード・マウスセット,2269,34,50,2,5790,4920,2916,3810,50.4,11.33,0.88,0.44,標準1,282,中小候補,GO,GO,GO,,,https://www.amazon.co.jp/dp/B0G3WNRCPF
A,B0G52HJ2BL,Yoaioブロワー 第3代ブロアー コードレス充電式 洗車強力 78dB超低音・風速ロック・マキタ互換3000mAhバッテリー2個・ハンギングライト,Yoaio,Yoaio,DIY・工具・ガーデン > ガーデン > 農業・園芸用機器,1315,34,100,2,6899,3899,2202,2468,31.9,11.33,0.88,0.44,標準2,332,中小候補,GO,GO,GO,,,https://www.amazon.co.jp/dp/B0G52HJ2BL
A,B0CKYLHY5T,Fotopro カーボン三脚延長チューブ P-2A 63cm 3段 260g 軽量 センターポール 耐荷重10kg,Fotopro,Fotopro,家電＆カメラ > カメラ > アクセサリ,10552,34,50,2,2900,2175,1131,1285,39.0,11.33,0.88,0.44,標準1,282,中小候補,GO,GO,GO,,,https://www.amazon.co.jp/dp/B0CKYLHY5T
A,B0FJR8KGRJ,FULNG キッチン排水口用 シンク 排水口 ゴミ受け ステンレス キッチン 排水口 排水溝 水切りネットホルダー ?口径14.5cm対応 お手入れ簡単 流し用,FULNG,FULNG,ホーム＆キッチン > キッチン用品 > シンク周り用品,2107,34,800,2,2480,1417,639,488,25.8,11.33,0.88,0.44,標準1,282,中小候補,GO,GO,GO,,,https://www.amazon.co.jp/dp/B0FJR8KGRJ
A,B0FK91X6DF,3in1 ワイヤレス充電器 折り畳み式 15W急速充電 I-phone17/16/15/14/13/12 マグセーフ 角度調整可能 雰囲気ライト付き 3台同時充,Inkkey,"SHENZHEN XU HUI WEIYE ELECTRONIC TECHNOLOGY CO., LTD.",家電＆カメラ > 携帯電話・スマートフォン > 携帯電話・スマートフォンアクセサリ,6247,34,100,2,2998,2849,1569,1905,52.4,11.33,0.88,0.44,標準1,282,中小候補,GO,GO,GO,,,https://www.amazon.co.jp/dp/B0FK91X6DF
A,B07PQRBV8V,からからつみき 木製 積み木 ギフト 知育玩具 モンテッソーリ | 240ピース 日本製 宮崎県産杉100%使用 無塗装 木のおもちゃ 0歳 1歳 2歳 3歳 ,からからつみき(KARAKARATSUMIKI),からからつみき(Karakaratsumiki),おもちゃ > 赤ちゃん・幼児のおもちゃ > 積み木,4558,34,50,2,6980,4900,2853,3319,40.9,11.33,0.88,0.44,標準2,332,中小候補,GO,GO,GO,,,https://www.amazon.co.jp/dp/B07PQRBV8V
A,B0DDTGF4YH,[ハミィ] iFace Hang and ストラップホルダー ダブルリング(シルバー),Hamee(ハミィ),,家電＆カメラ > 携帯電話・スマートフォン > 携帯電話・スマートフォンアクセサリ,1491,34,600,2,1980,1781,975,1166,49.3,11.33,0.88,0.44,標準(小型),182,中小候補,GO,GO,GO,,,https://www.amazon.co.jp/dp/B0DDTGF4YH
A,B0FBM6X15S,Belkin Cubic Charger 67W 充電器 type-c PD充電器 USB-C*2 急速充電 ZSP技術を搭載(待機消費0) ホワイト,Belkin,Belkin,家電＆カメラ > 携帯電話・スマートフォン > 携帯電話・スマートフォンアクセサリ,7837,34,50,2,4157,3873,2335,3091,56.2,11.33,0.88,0.44,標準(小型),182,中小候補,GO,GO,GO,,,https://www.amazon.co.jp/dp/B0FBM6X15S
A,B0F3CQ2G4K,YUDOFICAL 延長コード 2m 電源タップ USB コンセントタップ 4個AC+2個USB-A+1個Type-C 黒,YUDOFICAL,YUDOFICAL,パソコン・周辺機器 > PCアクセサリ・サプライ > 電源タップ,4180,34,100,2,1825,1825,904,963,49.5,11.33,0.88,0.44,標準1,282,中小候補,GO,GO,GO,,,https://www.amazon.co.jp/dp/B0F3CQ2G4K
A,B0GL4NVLY8,RiDATA BD-RE ブルーレイディスク 繰り返し録画用BD-RE 50GB BE260PW2X.20SCHS 20枚パック,RiDATA,RiDATA,パソコン・周辺機器 > PCアクセサリ・サプライ > 記録メディア,6134,34,50,2,5280,4930,2872,3689,54.4,11.33,0.88,0.44,標準2,332,中小候補,GO,GO,GO,,,https://www.amazon.co.jp/dp/B0GL4NVLY8
A,B08C7KZLWV,コジット 水に浮いたような座り心地 長時間座ってもお尻が痛くなりにくい Wゲル携帯クッション ハネナイト ブラウン,コジット,コジット,ホーム＆キッチン > ラグ・カーテン・ファブリック > クッション・座布団,3598,34,,2,2479,1000,368,134,14.8,11.33,0.88,0.44,標準1,282,中小候補,GO,GO,GO,,,https://www.amazon.co.jp/dp/B08C7KZLWV
B,B0FV6X8JR5,【リチャージWiFi】バッテリーレス 日本100GB+世界3GB 365日 ポケット WiFi ギガ付 海外利用可能【TD12-100GB/365日】,リチャージWiFi,カウスメディア,パソコン・周辺機器 > 無線LAN・ネットワーク機器 > モバイルルーター,482,34,200,2,9980,9980,6305,8709,63.2,11.33,0.88,0.44,標準(小型),182,中小候補,GO,GO,GO,,,https://www.amazon.co.jp/dp/B0FV6X8JR5
B,B0DD3MDNGG,Nextorage 日本メーカー UHS-II microSD U3 V60 128GB 動画 マイクロSD メモリーカード M2SE,Nextorage,Nextorage,パソコン・周辺機器 > PCアクセサリ・サプライ > メモリーカード,8040,34,50,2,11687,4680,2860,3833,24.5,11.33,0.88,0.44,標準(小型),182,中小候補,GO,GO,GO,,,https://www.amazon.co.jp/dp/B0DD3MDNGG
A,B0DQ81QZWP,【張る空気清浄機×5つの試験で99%】 ハウスダスト対策 エアコンフィルター 壁掛エアコン・空気清浄機用 掃除 ホコリ 換気扇 エアクリーンラボ 花粉対策 2枚,Airクリーンラボ,E-Surf,ホーム＆キッチン > 家電 > 空調・季節家電,5970,33,400,2,1980,1465,670,529,33.9,11.0,0.91,0.45,標準1,282,中小候補,GO,GO,GO,,,https://www.amazon.co.jp/dp/B0DQ81QZWP
A,B0CRGKBHJR,GORIX(ゴリックス) 自転車 スタンド [縦置き 横置き 掛置き L字 3タイプの置き方ができる] ロードバイク サイクルスタンド メンテナンス GX-01,GORIX(ゴリックス),GORIX(ゴリックス),スポーツ＆アウトドア > 自転車 > 自転車アクセサリ,10280,33,50,2,3599,3599,2007,2213,55.8,11.0,0.91,0.45,標準2,332,中小候補,GO,GO,GO,,,https://www.amazon.co.jp/dp/B0CRGKBHJR
A,B07CMT6G8V,[TABITUS+] タビタス ワンツーフィニッシュ ハンガーケース NEW JALUX ブラック…,TABITUS+,TABITUS+,ファッション > バッグ・スーツケース > スーツケース・トラベルバッグ,4264,33,100,2,3380,2980,1655,1817,49.0,11.0,0.91,0.45,標準1,282,中小候補,GO,GO,GO,,,https://www.amazon.co.jp/dp/B07CMT6G8V
A,B08BRWJNM4,SmallRig FUJIFILM用 X100VI/X100V対応 サムグリップ カメラホットシューサムレスト 装着簡単 カメラホールド感と安全性を向上 シリコ,SMALLRIG,SmallRig,家電＆カメラ > カメラ > アクセサリ,8096,33,100,2,2371,2134,1205,1491,50.8,11.0,0.91,0.45,標準(小型),182,中小候補,GO,GO,GO,,,https://www.amazon.co.jp/dp/B08BRWJNM4
A,B0DWFJT7LV,NIKE ナイキ ソリッドコアタオル ミディアム ブラック/ホワイト TW2001-010,ナイキ(NIKE),ナイキ(NIKE),スポーツ＆アウトドア > 水泳・スイミング > スポーツタオル,6676,33,300,2,2398,1541,819,837,34.2,11.0,0.91,0.45,標準(小型),182,大手/海外疑い,GO,GO,GO,,,https://www.amazon.co.jp/dp/B0DWFJT7LV
A,B0FJ1KGLQY,エンラージ商事 OBD2 診断機 DT-901 全システム診断 DTC読取 消去 OBD検査対応 トヨタ車用,EnlargeCorp,株式会社エンラージ商事,車＆バイク > カーパーツ > 電子パーツ,3308,33,100,2,7980,7182,4386,5388,55.0,11.0,0.91,0.45,標準1,282,中小候補,GO,GO,GO,,,https://www.amazon.co.jp/dp/B0FJ1KGLQY
A,B0FDQWPG35,Philips(フィリップス) モバイルバッテリー 小型 Apple Watch対応 5000mAh 直差し ケーブル内蔵 軽量 DLP2557V,PHILIPS,PHILIPS,家電＆カメラ > 携帯電話・スマートフォン > 携帯電話・スマートフォンアクセサリ,10562,33,100,2,3383,3349,1994,2609,59.0,11.0,0.91,0.45,標準(小型),182,大手/海外疑い,GO,GO,GO,,,https://www.amazon.co.jp/dp/B0FDQWPG35
A,B0CZD4NGSD,TOWOOZ MacBook Air ケース13-13.6インチ M5/M4/M3/M2/M1チップ/13インチMacBook Neo A18 Proチップ搭載,TOWOOZ,TOWOOZ,パソコン・周辺機器 > PCアクセサリ・サプライ > ノートパソコンアクセサリ,7085,33,50,2,3039,3039,1693,2079,55.7,11.0,0.91,0.45,標準1,282,中小候補,GO,GO,GO,,,https://www.amazon.co.jp/dp/B0CZD4NGSD
B,B0FVF3Z566,衣類スチーマー Pursay かけたまま スチームアイロン 100-240V 海外対応【濡れずにすぐに着られる×大量超微細スチーム】 ハンディ コンパクト シワ,Pursay,Pursay,ホーム＆キッチン > 家電 > 生活家電,6968,33,50,2,7980,6649,4039,4935,50.6,11.0,0.91,0.45,標準1,282,中小候補,GO,GO,GO,,,https://www.amazon.co.jp/dp/B0FVF3Z566
A,B0B5FWS7J7,オウルテック ライトニングケーブル 巻取り式 両引きタイプ データ転送 480Mbps MFi認証取得 軽量 コンパクト 静音 iPhone/iPad対応 1.,オウルテック,オウルテック,パソコン・周辺機器 > PCアクセサリ・サプライ > ケーブル・アクセサリ,4307,43,50,3,1780,1762,963,1149,54.1,10.75,0.93,0.47,標準(小型),182,中小候補,GO,GO,GO,,,https://www.amazon.co.jp/dp/B0B5FWS7J7
A,B0GCFK5NF3,Evinof ネックスピーカー テレビ用【テレビ全機種対応★2.4GHz送信機同梱】テレビスピーカー ワイヤレス 低遅延 左右バランス調整 マイク付き,Evinof,Evinof,家電＆カメラ > ポータブルオーディオ > ポータブルスピーカー・ドック,3412,43,200,3,6999,6999,4267,5723,61.0,10.75,0.93,0.47,標準1,282,中小候補,GO,GO,GO,,,https://www.amazon.co.jp/dp/B0GCFK5NF3
B,B0FJL244L8,[バンダイ(BANDAI)] 仮面ライダーゼッツ DXブレイカムゼッツァー 対象年齢 3 才以上,BANDAI,バンダイ(BANDAI),おもちゃ > ままごと・ごっこ遊び > ベルト・なりきりアイテム,12662,43,50,3,16980,2667,1451,1550,8.5,10.75,0.93,0.47,標準1,282,大手/海外疑い,GO,GO,GO,,,https://www.amazon.co.jp/dp/B0FJL244L8
A,B0F99M631F,hdmi 無線 ワイヤレス hdmi 送受信機セット 0.03秒超低遅延「1080P/5G+2.4G/100m安定転送/日本技適認証取得」,AOTOLO,AOTOLO,パソコン・周辺機器 > PCアクセサリ・サプライ,4748,32,300,2,5999,5699,3522,4771,58.7,10.67,0.94,0.47,標準(小型),182,中小候補,GO,GO,GO,,,https://www.amazon.co.jp/dp/B0F99M631F
A,B0G2XTLCBL,LAOPAO ソープディスペンサー 自動 液体 2段階 オートディスペンサー ハンドソープディスペンサー シャンパン色 液体 [並行輸入品],LAOPAO,LAOPAO,ホーム＆キッチン > バス・トイレ・洗面用品 > バス用品,10091,32,50,2,3399,2889,1595,1739,47.0,10.67,0.94,0.47,標準1,282,中小候補,GO,GO,GO,,,https://www.amazon.co.jp/dp/B0G2XTLCBL
