preset,ASIN,商品名,ブランド,メーカー,カテゴリ,ランク,月間ドロップ数,月間販売数,新品オファー数,実セラー数,セラー名一覧,メーカー直販フラグ,新品最安値(送料込),過去最安値(送料込・2026-02-23以降),参考_365日最安(価格定義混在),価格定義混在,採用窓,窓差率%,損益分岐仕入れ値,損益分岐仕入れ値_精緻,仕入れ掛け率上限%,想定月販,消化月数,消化月数_ロット5,分母の根拠,FBAサイズ区分,外注費,規模フラグ,段1回転,段2値下げ耐性,判定,見送り理由,出品制限チェック,Amazonページ
A,B0GK7MN552,骨伝導イヤホン bluetooth、Kemeskin 水泳 防水イヤホン IP68完全防水 32GBメモリ内蔵 最大8000曲 こつでんどうイヤホン bluet,Kemeskin,"Dongguan Kemi Electronic Technology Co., Ltd",家電＆カメラ > イヤホン・ヘッドホン > イヤホン・ヘッドホン本体,6198,49,200,4,2,henanjinganlongkejiyouxian / Kemeskin Direct JP,メーカー直販,5301,5133,5133,いいえ,2026-02-23以降,0.0,3154,4250,59.5,16.33,0.61,0.31,実セラー数,標準(小型),182,中小候補,GO,GO,GO,,,https://www.amazon.co.jp/dp/B0GK7MN552
B,B0GL852YPJ,Keculboデジカメ 5K 75MP デジタルカメラWIFI スマホに送れるオートフォーカス3.0インチ180度回転画面 Micro SDカード黑,Keculbo,Keculbo,家電＆カメラ > カメラ > デジタルカメラ,6044,49,100,4,2,Keculbo-ghl / Keculbo 株式会社,メーカー直販,11499,8909,8909,はい,2026-02-23以降,0.0,5508,7480,47.9,16.33,0.61,0.31,実セラー数,標準1,282,中小候補,GO,GO,GO,,,https://www.amazon.co.jp/dp/B0GL852YPJ
B,B0FPB5DSB4,"Anker Charger (100W, 3 Ports) with USB-C & USB-Cケーブル ダークグレー",Anker,Anker,家電＆カメラ > 携帯電話・スマートフォン > 携帯電話・スマートフォンアクセサリ,3387,48,1000,2,2,AnkerDirect / 安心末広ショップ,メーカー直販,9990,5990,5990,はい,2026-02-23以降,0.0,3611,4794,36.2,16.0,0.62,0.31,実セラー数,標準1,282,大手/海外疑い,GO,GO,GO,,,https://www.amazon.co.jp/dp/B0FPB5DSB4
A,B0FSSPVT5C,ソーラーモバイルバッテリー 大容量 40800mAh 【22.5W/PD18W急速充電 4本ケーブル内蔵】 6台同時充電 ソーラーチャージャー,Toyomii,Toyomii,家電＆カメラ > 携帯電話・スマートフォン > 携帯電話・スマートフォンアクセサリ,4467,47,300,2,2,PEILUN SHOP / TianXiang-shop,,3488,3488,3488,はい,2026-02-23以降,0.0,1985,2492,56.9,15.67,0.64,0.32,実セラー数,標準1,282,中小候補,GO,GO,GO,,,https://www.amazon.co.jp/dp/B0FSSPVT5C
A,B0FDQ73HJJ,水月雨 Moondrop Pill オープンイヤー型ワイヤレスイヤホン イヤーカフ イヤホン オープンイヤー ワイヤレス Bluetooth 6.0,Moondrop,Moondrop,家電＆カメラ > イヤホン・ヘッドホン > イヤホン・ヘッドホン本体,4951,47,50,2,2,水月雨(MOONDROP)公式ストア / e☆イヤホン【イヤホン・ヘッドホン専門店 16時までの通常注文は当日発送！】,メーカー直販,6750,5643,5643,はい,2026-02-23以降,0.0,3485,4719,51.6,15.67,0.64,0.32,実セラー数,標準(小型),182,中小候補,GO,GO,GO,,,https://www.amazon.co.jp/dp/B0FDQ73HJJ
A,B0DNT9Z2HS,UGREEN 100W GaN 卓上急速充電器 (4*USB-C+2*USB-A) コンパクト【PSE技術基準適合/PD3.0/QC4.0/PPS対応】 複数台,UGREEN,Ugreen Group Limited,家電＆カメラ > 携帯電話・スマートフォン > 携帯電話・スマートフォンアクセサリ,1089,47,500,2,2,"Ugreen Japan Co., Ltd / SK堂本店",メーカー直販,5235,5183,5183,はい,2026-02-23以降,0.0,3086,4052,59.0,15.67,0.64,0.32,実セラー数,標準1,282,大手/海外疑い,GO,GO,GO,,,https://www.amazon.co.jp/dp/B0DNT9Z2HS
A,B0GCFT1YLL,Evinof テレビ スピーカー ワイヤレス【テレビ全機種対応★2.4G送信機同梱】手元スピーカー テレビ用 最大30m 低遅延 27時間連続再生,Evinof,Evinof,家電＆カメラ > ポータブルオーディオ > ポータブルスピーカー・ドック,1652,46,900,2,2,Evinof-shop / Evinof-direct,メーカー直販,6997,6997,6997,いいえ,2026-02-23以降,0.0,4266,5721,61.0,15.33,0.65,0.33,実セラー数,標準1,282,中小候補,GO,GO,GO,,,https://www.amazon.co.jp/dp/B0GCFT1YLL
A,B0FSSL4JP2,ソーラーモバイルバッテリー 大容量 63200mAh 22.5W/PD18W急速充電 手回し充電 ケーブル内蔵 ソーラーチャージャー 防水 ブラック,Toyomii,Toyomii,家電＆カメラ > 携帯電話・スマートフォン > 携帯電話・スマートフォンアクセサリ,3650,44,300,2,2,PEILUN SHOP / IGARASHI STORE,,5111,5111,5111,いいえ,2026-02-23以降,0.0,2990,3856,58.5,14.67,0.68,0.34,実セラー数,標準2,332,中小候補,GO,GO,GO,,,https://www.amazon.co.jp/dp/B0FSSL4JP2
A,B0CN99RD5L,TELESIN スマホネックレスマウント スマホ ネックホルダー 磁気マグネット 首掛けスマホホルダー iPhone対応,TELESIN,TELESIN°,家電＆カメラ > 携帯電話・スマートフォン > 携帯電話・スマートフォンアクセサリ,2019,44,500,2,2,TELESIN GLOBAL / TELESIN Shop,メーカー直販,3215,3215,3215,はい,2026-02-23以降,0.0,1807,2241,56.2,14.67,0.68,0.34,実セラー数,標準1,282,中小候補,GO,GO,GO,,,https://www.amazon.co.jp/dp/B0CN99RD5L
B,B0FXWZ5XGX,【電池式の限界を超える·常時録画×360°自動追尾 】ieGeek 防犯カメラ 屋外 ソーラー 9000mAhバッテリー 9Wソーラー/連続給電 25m暗視距離,ieGeek,ieGeek,家電＆カメラ > カメラ > 防犯カメラ,7845,44,400,2,2,SanMI Store / MySHOPTOP,,13990,9985,9985,はい,2026-02-23以降,0.0,6158,8340,44.0,14.67,0.68,0.34,実セラー数,標準2,332,中小候補,GO,GO,GO,,,https://www.amazon.co.jp/dp/B0FXWZ5XGX
A,B0GJSPJ661,プラネタリウム 家庭用 スタープロジェクター 月 オーロラ 15種類光 USB充電式 Bluetooth 音楽再生 パーティー 睡眠グッズ リモコン,Cambink,CAMBINK,家電＆カメラ > テレビ・レコーダー > ホームプロジェクター,4006,43,400,2,2,ORIENTEC / SOUNDGIC-JP,,4179,3940,3940,はい,2026-02-23以降,0.0,2279,2908,54.5,14.33,0.7,0.35,実セラー数,標準1,282,中小候補,GO,GO,GO,,,https://www.amazon.co.jp/dp/B0GJSPJ661
B,B0DK79LN9H,CIO NovaPort TRIOⅡ 140W PD急速充電器 USB-C×3 PD3.1 3台同時充電 世界最小級（ブラック）,CIO,CIO,パソコン・周辺機器 > PCアクセサリ・サプライ > ノートパソコンアクセサリ,4884,43,100,2,2,株式会社CIO / オールズマーケットweb支店,メーカー直販,11800,8956,8956,はい,2026-02-23以降,0.0,5539,7523,46.9,14.33,0.7,0.35,実セラー数,標準1,282,中小候補,GO,GO,GO,,,https://www.amazon.co.jp/dp/B0DK79LN9H
A,B0D86XCN4G,iClever ゲーミングキーボード テンキーレス 赤軸 メカニカル キーボード 日本語配列 マクロ対応 G06 ブラック,iClever,iClever,パソコン・周辺機器 > キーボード・マウス・入力機器 > ゲーミングキーボード,1386,42,300,2,2,Thousandshores JP / Thousandshores Direct JP,,3990,3391,3352,はい,2026-02-23以降,1.2,1922,2403,48.2,14.0,0.71,0.36,実セラー数,標準1,282,中小候補,GO,GO,GO,,,https://www.amazon.co.jp/dp/B0D86XCN4G
A,B0D1VDZ34M,MIATONE Bluetooth スピーカー 360°サウンド 重低音モデル IPX7防水 ワイヤレス お風呂 ブルートゥース スピーカー デュアルパッシブラ,MIATONE,MIATONE,家電＆カメラ > ポータブルオーディオ > ポータブルスピーカー・ドック,7984,42,100,2,2,INNOTECH CORP / MYA-JP,,2759,2759,2759,はい,2026-02-23以降,0.0,1511,1822,54.8,14.0,0.71,0.36,実セラー数,標準1,282,中小候補,GO,GO,GO,,,https://www.amazon.co.jp/dp/B0D1VDZ34M
A,B0FB9JHXTX,CIO SMARTCOBY TRIO 35W モバイルバッテリー PD USB-C×2 USB-A×1 大容量20000mAh (ホワイト),CIO,CIO,家電＆カメラ > 携帯電話・スマートフォン > 携帯電話・スマートフォンアクセサリ,3666,42,100,2,2,株式会社CIO / トライアングル*,メーカー直販,4470,4470,4470,はい,2026-02-23以降,0.0,2623,3396,58.7,14.0,0.71,0.36,実セラー数,標準1,282,中小候補,GO,GO,GO,,,https://www.amazon.co.jp/dp/B0FB9JHXTX
B,B0FJY1KB32,"Anker Prime Wireless Charging Station (3-in-1, MagGo, AirCool, Dock Stand)",Anker,Anker,家電＆カメラ > 携帯電話・スマートフォン > 携帯電話・スマートフォンアクセサリ,5804,42,50,2,2,AnkerDirect / 【インボイス対応】フローレッド,メーカー直販,17990,15990,15990,はい,2026-02-23以降,0.0,10061,13864,55.9,14.0,0.71,0.36,実セラー数,標準2,332,大手/海外疑い,GO,GO,GO,,,https://www.amazon.co.jp/dp/B0FJY1KB32
A,B0GF295GM5,骨伝導イヤホン マイク付き、Kemeskin ビジネス 通話専用ヘッドセットBluetooth 6.1、ENC DSP高精度ノイズキャンセリングマイク付きイヤホ,Kemeskin,"DongGuan Kemi Electronics Technology Co., Ltd",家電＆カメラ > イヤホン・ヘッドホン > イヤホン・ヘッドホン本体,3340,41,200,3,2,Bestroad chain / zhengzhoujinyuzaishengziyuanhuishou,,5980,5980,5980,はい,2026-02-23以降,0.0,3705,5029,62.0,13.67,0.73,0.37,実セラー数,標準(小型),182,中小候補,GO,GO,GO,,,https://www.amazon.co.jp/dp/B0GF295GM5
B,B0DK79VFWN,CIO NovaPort TRIOⅡ 140W PD急速充電器 USB-C×3 PD3.1 3台同時充電 世界最小級（ホワイト）,CIO,CIO,パソコン・周辺機器 > PCアクセサリ・サプライ > ノートパソコンアクセサリ,4884,41,50,2,2,株式会社CIO / オールズマーケットweb支店,メーカー直販,12980,7658,7658,はい,2026-02-23以降,0.0,4695,6329,36.2,13.67,0.73,0.37,実セラー数,標準1,282,中小候補,GO,GO,GO,,,https://www.amazon.co.jp/dp/B0DK79VFWN
A,B0GCNXP689,集音器 高齢者 しゅうおんき【2026進化版！革命的なデジタルチップ&高性能BA型スピーカー搭載！無段階音量調整】35倍増幅 AI自動降噪,Yaotin,Yaotin,ホーム＆キッチン > 家電 > 健康家電,3161,40,500,2,2,Yaotin-JP / Yaotin Store,メーカー直販,6849,6849,6849,はい,2026-02-23以降,0.0,4269,5349,62.3,13.33,0.75,0.38,実セラー数,標準(小型),182,中小候補,GO,GO,GO,,,https://www.amazon.co.jp/dp/B0GCNXP689
A,B0FDL5GPR5,水月雨 Moondrop Pill オープンイヤー型ワイヤレスイヤホン イヤーカフ イヤホン オープンイヤー ワイヤレス Bluetooth 6.0,Moondrop,Moondrop,家電＆カメラ > イヤホン・ヘッドホン > イヤホン・ヘッドホン本体,4398,40,100,2,2,e☆イヤホン【イヤホン・ヘッドホン専門店 16時までの通常注文は当日発送！】 / 水月雨(MOONDROP)公式ストア,メーカー直販,6750,5643,5643,はい,2026-02-23以降,0.0,3485,4719,51.6,13.33,0.75,0.38,実セラー数,標準(小型),182,中小候補,GO,GO,GO,,,https://www.amazon.co.jp/dp/B0FDL5GPR5
B,B0GJ3S68KD,Android 16 タブレット 11インチ Wi-Fiモデル Headwolf WPad7、In-Cell 1920x1200 FHD、8000mAh、8コア,Headwolf,Headwolf,パソコン・周辺機器 > タブレット,8585,40,100,2,2,Headwolf 直営店 / Headwolf HBY公式ストア,メーカー直販,16999,16999,16999,いいえ,2026-02-23以降,0.0,10717,14793,63.0,13.33,0.75,0.38,実セラー数,標準2,332,中小候補,GO,GO,GO,,,https://www.amazon.co.jp/dp/B0GJ3S68KD
A,B0DHBTXVBF,サンワダイレクト リングマウス Bluetooth ホイール搭載 USB-C充電 PowerPoint・Keynote操作対応 Windows/Mac 5ボタン,サンワダイレクト,サンワダイレクト,パソコン・周辺機器 > キーボード・マウス・入力機器 > マウス,3419,39,100,2,2,サンワサプライ直営【サンワダイレクト】14時までの注文は国内から当日出荷≪土日も出荷中≫ / スバコカンパニー,メーカー直販,5900,5382,4800,はい,2026-02-23以降,12.1,3316,4479,56.2,13.0,0.77,0.38,実セラー数,標準(小型),182,中小候補,GO,GO,GO,,,https://www.amazon.co.jp/dp/B0DHBTXVBF
A,B0DM9MMBH1,iFace BeBling Wave MagSafe対応 スマホリング MagSynq Ring Holder (ブラック),Hamee(ハミィ),Hamee(ハミィ),家電＆カメラ > 携帯電話・スマートフォン > 携帯電話・スマートフォンアクセサリ,2633,39,100,2,2,Hamee(ハミィ) / dream 本店,メーカー直販,3150,3118,3118,はい,2026-02-23以降,0.0,1844,2396,58.6,13.0,0.77,0.38,実セラー数,標準(小型),182,中小候補,GO,GO,GO,,,https://www.amazon.co.jp/dp/B0DM9MMBH1
A,B0FPD1ZY3J,iClever ワイヤレスキーボード テンキー付き フルサイズ Bluetooth・2.4GHz JIS配列 Type-C充電 DK03 白,iClever,iClever,パソコン・周辺機器 > キーボード・マウス・入力機器 > パソコン用キーボード,2695,39,200,2,2,Thousandshores JP / Thousandshores Direct JP,,4799,3563,3563,はい,2026-02-23以降,0.0,2033,2561,42.4,13.0,0.77,0.38,実セラー数,標準1,282,中小候補,GO,GO,GO,,,https://www.amazon.co.jp/dp/B0FPD1ZY3J
A,B0FKH2TKQ8,Letmy 懐中電灯 強力 ledライト ハンディライト 2025新型 超高輝度6000ルーメン ディジタル電気量 一個セット,LETMY,LETMY,スポーツ＆アウトドア > アウトドア > ライト・ランタン,9615,39,100,2,2,TuyLuxe Home / LETMY JP,メーカー直販,2089,1524,1524,はい,2026-02-23以降,0.0,808,823,38.7,13.0,0.77,0.38,実セラー数,標準(小型),182,中小候補,GO,GO,GO,,,https://www.amazon.co.jp/dp/B0FKH2TKQ8
A,B0FFBBXSQV,衣類スチーマー Pursay かけたまま スチームアイロン 100-240V 海外対応【濡れずにすぐに着られる×大量超微細スチーム】 ハンディ コンパクト シワ,Pursay,Pursay,ホーム＆キッチン > 家電 > 生活家電,6968,39,100,2,2,Pursay販売店【日本語対応・365日製品品質保証】 / Pursay電気屋【最大18月間安心保証･日本語サポート･30日間返金返品保証】,メーカー直販,7581,5984,5984,はい,2026-02-23以降,0.0,3607,4370,47.6,13.0,0.77,0.38,実セラー数,標準1,282,中小候補,GO,GO,GO,,,https://www.amazon.co.jp/dp/B0FFBBXSQV
A,B0GDXX5GD4,掃除機 コードレス 強力吸引45000Pa 35分稼働 超軽量 静音 スティック型 一人暮らし ペットの毛・猫砂対応 本体0.5kg 充電式コンパクト,Fochai,Fochai,ホーム＆キッチン > 家電 > 生活家電,4315,38,500,2,2,Fochai JP公式店--HKXW / Fochai JP公式店-xl,メーカー直販,5758,5641,5641,はい,2026-02-23以降,0.0,3334,3948,57.9,12.67,0.79,0.39,実セラー数,標準2,332,中小候補,GO,GO,GO,,,https://www.amazon.co.jp/dp/B0GDXX5GD4
A,B0FX8MQ4M7,【Amazon.co.jp限定】モニターアーム 17～32インチ対応 耐荷重2～11kg VESA規格対応 5軸可動式 多角度調節 ガススプリング式 アルミニウ,Vexify,Vexify,パソコン・周辺機器 > PCアクセサリ・サプライ > モニターアクセサリ,5542,38,100,2,2,TANG MJING / wangzeng JP,,4980,3399,3399,はい,2026-02-23以降,0.0,1877,2281,37.7,12.67,0.79,0.39,実セラー数,標準2,332,中小候補,GO,GO,GO,,,https://www.amazon.co.jp/dp/B0FX8MQ4M7
A,B0D65TH8PY,iClever ゲーミングキーボード 赤軸 メカニカル キーボード 日本語配列 有線 マクロ対応 カスタマイズ G07 ブラック,iClever,iClever,パソコン・周辺機器 > キーボード・マウス・入力機器 > ゲーミングキーボード,3930,38,100,2,2,Thousandshores JP / Thousandshores Direct JP,,6190,5048,5048,はい,2026-02-23以降,0.0,2999,3928,48.5,12.67,0.79,0.39,実セラー数,標準1,282,中小候補,GO,GO,GO,,,https://www.amazon.co.jp/dp/B0D65TH8PY
B,B0FH23M456,BOIFUN バイク用スマートモニター【業界初・縦横表示切替対応・ 6.25インチ大画面】Carplay/Android Auto対応・ バイク用モニター スマ,BOIFUN,BOIFUN,車＆バイク > バイクアクセサリ > バイク用通信機器・GPS,2264,38,100,2,2,"HONG KONG CHULAN XIN CO., LIMITED / MomBackL｜プレミアム直販店・2年保証（2015年創業メーカー）",,16495,16331,15998,はい,2026-02-23以降,2.1,10333,13165,62.6,12.67,0.79,0.39,実セラー数,標準1,282,中小候補,GO,GO,GO,,,https://www.amazon.co.jp/dp/B0FH23M456
B,B0GKH36WB5,SCYROX V6 軽量 ワイヤレスゲーミングマウス 40g Pixart 3950センサー 8k ドングル同梱済み kailhスイッチ版【日本正規代理店保証】,SCYROX,SCYROX,パソコン・周辺機器 > キーボード・マウス・入力機器 > ゲーミングマウス,3465,38,100,2,2,Rabbit0-Shop / XPRICE,,11800,9702,9702,はい,2026-02-23以降,0.0,6024,8209,51.1,12.67,0.79,0.39,実セラー数,標準1,282,中小候補,GO,GO,GO,,,https://www.amazon.co.jp/dp/B0GKH36WB5
A,B0FYG2NDBR,モバイルバッテリー MagSafe対応 10000mAh ワイヤレス充電 22.5W急速充電 USB-C内蔵ケーブル 小型 軽量 薄型 最大3台同時充電 PD対,CHUSII,"Shenzhen Joway Power Supply Co., Ltd.",家電＆カメラ > 携帯電話・スマートフォン > 携帯電話・スマートフォンアクセサリ,2538,50,300,3,3,JunqianStore / Camer Tech / 惠州市博莱博科技有限公司,,1563,1563,1563,はい,2026-02-23以降,0.0,833,965,53.4,12.5,0.8,0.4,実セラー数,標準(小型),182,中小候補,GO,GO,GO,,,https://www.amazon.co.jp/dp/B0FYG2NDBR
A,B0C4X9TW9C,[マーナ] Shupatto 保冷バッグ (20L/ホワイトバーチ) シュパット 一気にたためる エコバッグ (折り畳み/大容量) 保冷バッグ,マーナ(Marna),Shupatto,ファッション > バッグ・スーツケース > エコバッグ・買い物バッグ,2268,37,200,2,2,マーナ公式 アマゾン店 / Amazon US,,4180,4138,4138,はい,2026-02-23以降,0.0,2507,3045,60.0,12.33,0.81,0.41,実セラー数,標準(小型),182,中小候補,GO,GO,GO,,,https://www.amazon.co.jp/dp/B0C4X9TW9C
A,B0FQ1X5R8C,【2026新登場・360°回転・折り畳み式】 タブレット スタンド iPad スタンド 4.7~13インチ対応 軽量 高さ 角度調整 滑り止め 放熱 通気性 安,Kungix,Kungix,パソコン・周辺機器 > PCアクセサリ・サプライ > タブレットアクセサリ,1533,37,300,2,2,HIDEMI SHOP / YUKA NO1,,1963,1946,1946,はい,2026-02-23以降,0.0,982,1074,50.1,12.33,0.81,0.41,実セラー数,標準1,282,中小候補,GO,GO,GO,,,https://www.amazon.co.jp/dp/B0FQ1X5R8C
A,B0FDPYH3JR,水月雨 Moondrop Pill オープンイヤー型ワイヤレスイヤホン イヤーカフ イヤホン オープンイヤー ワイヤレス Bluetooth 6.0,Moondrop,Moondrop,家電＆カメラ > イヤホン・ヘッドホン > イヤホン・ヘッドホン本体,4950,37,50,2,2,e☆イヤホン【イヤホン・ヘッドホン専門店 16時までの通常注文は当日発送！】 / 水月雨(MOONDROP)公式ストア,メーカー直販,6750,5700,5700,いいえ,2026-02-23以降,0.0,3523,4772,52.2,12.33,0.81,0.41,実セラー数,標準(小型),182,中小候補,GO,GO,GO,,,https://www.amazon.co.jp/dp/B0FDPYH3JR
A,B0G7G1XGS2,プロジェクター 小型 270°回転 ネイティブ1080P 32000LM 天井投影 Bluetooth5.4 ホームプロジェクター 4k対応 家庭用プロジェクタ,Alprojec,Alprojec,家電＆カメラ > テレビ・レコーダー > ホームプロジェクター,1748,49,500,3,3,Benkaer【翌日発送】 / Alprojec / Al-Alprojec【当日発送】,メーカー直販,5699,5698,5698,はい,2026-02-23以降,0.0,3421,4526,60.0,12.25,0.82,0.41,実セラー数,標準1,282,中小候補,GO,GO,GO,,,https://www.amazon.co.jp/dp/B0G7G1XGS2
A,B0FVLZ7YCP,Magcubic プロジェクター 家庭用 小型 天井投影 Android 14搭載 4K対応 360°HIFI 立体スピーカー,Magcubic,Magcubic,家電＆カメラ > テレビ・レコーダー > ホームプロジェクター,8564,36,200,2,2,Professional Projectors Store / Visual perception,,7549,6794,6794,はい,2026-02-23以降,0.0,4134,5534,54.8,12.0,0.83,0.42,実セラー数,標準1,282,中小候補,GO,GO,GO,,,https://www.amazon.co.jp/dp/B0FVLZ7YCP
A,B0GHMT3457,Juliyas ネックケア 首 リラクゼーション器 EMS×TENS Ｗ効果 振動 首元ケア ホットケア 10種類のモード 19段階強度調節,Juliyas,Juliyas,ホーム＆キッチン > 家電 > 健康家電,3968,36,300,2,2,ERCHE / ChenZU,,1999,1979,1979,はい,2026-02-23以降,0.0,1104,1210,55.2,12.0,0.83,0.42,実セラー数,標準(小型),182,中小候補,GO,GO,GO,,,https://www.amazon.co.jp/dp/B0GHMT3457
A,B0BY7YHDZH,ロジテックダイレクト BD-RE AACS対応 ブルーレイディスク Blu-ray Disc 2倍速 くり返し録画用 記録用 25GB 記録メディア スピンドル,ロジテック,ロジテックダイレクト,パソコン・周辺機器 > PCアクセサリ・サプライ > 記録メディア,1773,36,50,2,2,エレコムダイレクトショップ【ELECOM直営公式ストア】 / ロジテックダイレクト,メーカー直販,2780,2752,2752,はい,2026-02-23以降,0.0,1506,1815,54.2,12.0,0.83,0.42,実セラー数,標準1,282,中小候補,GO,GO,GO,,,https://www.amazon.co.jp/dp/B0BY7YHDZH
A,B0FX7X94T4,【2026革新型・高質感・高速処理】 cd dvdドライブ 外付け dvd ドライブ 外付け cdドライブ 光学ドライブ 6-in-1 外付けdvdドライブ U,Nexmora,Nexmora,パソコン・周辺機器 > 外付けドライブ・ストレージ > 外付光学式ドライブ,1776,36,200,2,2,Go.Fusion / mituho shop,,2680,2679,2679,はい,2026-02-23以降,0.0,1459,1748,54.5,12.0,0.83,0.42,実セラー数,標準1,282,中小候補,GO,GO,GO,,,https://www.amazon.co.jp/dp/B0FX7X94T4
A,B0GH7VP7MW,THREEKEY マグセーフ充電器 Qi2認証 25W急速充電 高風量冷却ファン搭載,THREEKEY,"Shenzhen Suiqi Innovation Technology Co.,Ltd.",家電＆カメラ > 携帯電話・スマートフォン > 携帯電話・スマートフォンアクセサリ,5745,36,200,2,2,Threekey Direct / Threekey-Office,メーカー直販,2999,2999,2999,はい,2026-02-23以降,0.0,1767,2287,58.9,12.0,0.83,0.42,実セラー数,標準(小型),182,中小候補,GO,GO,GO,,,https://www.amazon.co.jp/dp/B0GH7VP7MW
A,B0F6LKG8ZT,【Amazon.co.jp限定】ミスト ファン 扇風機 卓上扇風機 キャンプ 風量無段階調節 55時間連続使用 アウトドア ミストスプレーファン Sinessy,Sinessy,Sinessy,ホーム＆キッチン > 家電 > 空調・季節家電,2014,36,1000,2,2,Sinessy-専門店 / Karlsway-JP,メーカー直販,6999,6999,5990,はい,2026-02-23以降,16.8,4217,5103,60.3,12.0,0.83,0.42,実セラー数,標準2,332,中小候補,GO,GO,GO,,,https://www.amazon.co.jp/dp/B0F6LKG8ZT
A,B0GC548RFC,ワイヤレスHDMI送受信機セット 無線 HDMI【2WAY接続で対応率99%】0.1秒超低遅延 1080P/50m伝送 音画同期 WiFi・設定不要,Yaotin,Yaotin,パソコン・周辺機器 > PCアクセサリ・サプライ,2414,36,200,2,2,Yaotin-JP / Yaotin Store,メーカー直販,6999,6999,6999,はい,2026-02-23以降,0.0,4367,5967,62.4,12.0,0.83,0.42,実セラー数,標準(小型),182,中小候補,GO,GO,GO,,,https://www.amazon.co.jp/dp/B0GC548RFC
A,B0F2M5QFQ2,Newsoul モニターアーム VESA モバイルモニタースタンド 卓上 持ち運び モバイルディスプレイアームスタンド 自立式 2段,Newsoul,Newsoul,パソコン・周辺機器 > PCアクセサリ・サプライ > モニターアクセサリ,3080,36,200,2,2,HongKongNuofang / hongqikejiyouxiangongsi,,2699,2375,2199,はい,2026-02-23以降,8.0,1261,1469,46.7,12.0,0.83,0.42,実セラー数,標準1,282,中小候補,GO,GO,GO,,,https://www.amazon.co.jp/dp/B0F2M5QFQ2
B,B0FJS3VBHQ,"Anker Prime Wireless Charging Station (3-in-1, MagGo, AirCool, Dock Stand)",Anker,Anker,家電＆カメラ > 携帯電話・スマートフォン > 携帯電話・スマートフォンアクセサリ,5804,47,100,3,3,AnkerDirect / 安心末広ショップ / 【インボイス対応】フローレッド,メーカー直販,17990,15990,15990,はい,2026-02-23以降,0.0,10061,13864,55.9,11.75,0.85,0.43,実セラー数,標準2,332,大手/海外疑い,GO,GO,GO,,,https://www.amazon.co.jp/dp/B0FJS3VBHQ
A,B0DG2K4RJ8,[Sinjimoru] MagSafe対応カードケース スタンド付きグリップ 片手操作 強力磁石 iPhone 12~17シリーズ対応 ブラック,Sinjimoru,Sinjimoru Co.Ltd,家電＆カメラ > 携帯電話・スマートフォン > 携帯電話・スマートフォンアクセサリ,3657,35,200,2,2,Sinjimoru Co. Ltd / WESTHILLS JAPAN,メーカー直販,2980,2213,2213,はい,2026-02-23以降,0.0,1256,1563,42.2,11.67,0.86,0.43,実セラー数,標準(小型),182,中小候補,GO,GO,GO,,,https://www.amazon.co.jp/dp/B0DG2K4RJ8
A,B0G125V3W6,iFace BeBling 2 MagSafe対応 スマホリング MagSynq Ring Holder (クリア),iface,Hamee(ハミィ),家電＆カメラ > 携帯電話・スマートフォン > 携帯電話・スマートフォンアクセサリ,3217,35,100,2,2,Hamee(ハミィ) / 株式会社コジマ,,3520,2980,2980,はい,2026-02-23以降,0.0,1755,2269,49.9,11.67,0.86,0.43,実セラー数,標準(小型),182,中小候補,GO,GO,GO,,,https://www.amazon.co.jp/dp/B0G125V3W6
A,B0GJ37HXXY,Ｌａｚｙｍｅ コードレス フードプロセッサー 小型 時短調理 チョッパー 1台5役 2種の刃 離乳食/肉挽き/野菜/氷/対応 キッチン家電 家庭用,Ｌａｚｙｍｅ,Ｌａｚｙｍｅ,ホーム＆キッチン > 家電 > キッチン家電,7137,35,300,2,2,XuShiAn JP / BendiT,,2980,2980,2980,はい,2026-02-23以降,0.0,1655,1817,55.5,11.67,0.86,0.43,実セラー数,標準1,282,中小候補,GO,GO,GO,,,https://www.amazon.co.jp/dp/B0GJ37HXXY
A,B0D1C44P6W,FAR EAST GADGET ファーイーストガジェット タイプスティックス (Black),FAR EAST GADGET,FAR EAST GADGET,パソコン・周辺機器 > PCアクセサリ・サプライ > キーボード&マウスアクセサリ,1679,35,200,2,2,ファーイーストガジェット / PFUダイレクト,,2480,2480,2480,はい,2026-02-23以降,0.0,1430,1809,57.7,11.67,0.86,0.43,実セラー数,標準(小型),182,中小候補,GO,GO,GO,,,https://www.amazon.co.jp/dp/B0D1C44P6W
A,B0DLT44228,Kachiari(カチアリ) 電動ドライバー KA-9 18V対応 40N.m 家具組立 ネジ締め 本体のみ,Kachiari,Kachiari KA-9,DIY・工具・ガーデン > 電動工具・エア工具 > 穴あけ・締付工具,6379,34,50,2,2,SYPOUSY LIMITED / Kachiari,メーカー直販,4160,3553,3024,はい,2026-02-23以降,17.5,2027,2304,48.7,11.33,0.88,0.44,実セラー数,標準1,282,中小候補,GO,GO,GO,,,https://www.amazon.co.jp/dp/B0DLT44228
A,B0CKYLHY5T,Fotopro カーボン三脚延長チューブ P-2A 63cm 3段 260g 軽量 センターポール 耐荷重10kg,Fotopro,Fotopro,家電＆カメラ > カメラ > アクセサリ,10552,34,50,2,2,iStabilizer-JP / Amazon US,,2900,2175,2175,はい,2026-02-23以降,0.0,1131,1285,39.0,11.33,0.88,0.44,実セラー数,標準1,282,中小候補,GO,GO,GO,,,https://www.amazon.co.jp/dp/B0CKYLHY5T
A,B0FK91X6DF,3in1 ワイヤレス充電器 折り畳み式 15W急速充電 I-phone17/16/15/14/13/12 マグセーフ 角度調整可能 雰囲気ライト付き 3台同時充,Inkkey,"SHENZHEN XU HUI WEIYE ELECTRONIC TECHNOLOGY CO., LTD.",家電＆カメラ > 携帯電話・スマートフォン > 携帯電話・スマートフォンアクセサリ,6247,34,100,2,2,Zecti / Minggelan,,2998,2849,2849,はい,2026-02-23以降,0.0,1569,1905,52.4,11.33,0.88,0.44,実セラー数,標準1,282,中小候補,GO,GO,GO,,,https://www.amazon.co.jp/dp/B0FK91X6DF
A,B07PQRBV8V,からからつみき 木製 積み木 ギフト 知育玩具 モンテッソーリ | 240ピース 日本製 宮崎県産杉100%使用 無塗装 木のおもちゃ 0歳 1歳 2歳 3歳 ,からからつみき(KARAKARATSUMIKI),からからつみき(Karakaratsumiki),おもちゃ > 赤ちゃん・幼児のおもちゃ > 積み木,4558,34,50,2,2,IRODORI Heart（イロドリハート） / キャラメルカフェ(株)２点購入で5％OFF（対象商品）,,6980,6240,5000,はい,2026-02-23以降,24.8,3724,4458,53.4,11.33,0.88,0.44,実セラー数,標準2,332,中小候補,GO,GO,GO,,,https://www.amazon.co.jp/dp/B07PQRBV8V
A,B0DDTGF4YH,[ハミィ] iFace Hang and ストラップホルダー ダブルリング(シルバー),Hamee(ハミィ),,家電＆カメラ > 携帯電話・スマートフォン > 携帯電話・スマートフォンアクセサリ,1491,34,600,2,2,Hamee(ハミィ) / 株式会社コジマ,メーカー直販,1980,1782,1781,はい,2026-02-23以降,0.1,976,1167,49.3,11.33,0.88,0.44,実セラー数,標準(小型),182,中小候補,GO,GO,GO,,,https://www.amazon.co.jp/dp/B0DDTGF4YH
A,B0FBM6X15S,Belkin Cubic Charger 67W 充電器 type-c PD充電器 USB-C*2 急速充電 ZSP技術を搭載(待機消費0) ホワイト,Belkin,Belkin,家電＆カメラ > 携帯電話・スマートフォン > 携帯電話・スマートフォンアクセサリ,7837,34,50,2,2,Belkin Japan / PLUS YU（プラスユウ）,メーカー直販,4157,3873,3873,はい,2026-02-23以降,0.0,2335,3091,56.2,11.33,0.88,0.44,実セラー数,標準(小型),182,中小候補,GO,GO,GO,,,https://www.amazon.co.jp/dp/B0FBM6X15S
A,B0F3CQ2G4K,YUDOFICAL 延長コード 2m 電源タップ USB コンセントタップ 4個AC+2個USB-A+1個Type-C 黒,YUDOFICAL,YUDOFICAL,パソコン・周辺機器 > PCアクセサリ・サプライ > 電源タップ,4180,34,100,2,2,Honcoo / YUDOFICAL Direct,メーカー直販,1825,1825,1825,はい,2026-02-23以降,0.0,904,963,49.5,11.33,0.88,0.44,実セラー数,標準1,282,中小候補,GO,GO,GO,,,https://www.amazon.co.jp/dp/B0F3CQ2G4K
A,B08C7KZLWV,コジット 水に浮いたような座り心地 長時間座ってもお尻が痛くなりにくい Wゲル携帯クッション ハネナイト ブラウン,コジット,コジット,ホーム＆キッチン > ラグ・カーテン・ファブリック > クッション・座布団,3598,34,,2,2,暮らしのデパート / ＨＹショップ【賞味期限のある商品はできる限り新しいものをお送り致します】,,2479,1545,1358,はい,2026-02-23以降,13.8,722,597,29.1,11.33,0.88,0.44,実セラー数,標準1,282,中小候補,GO,GO,GO,,,https://www.amazon.co.jp/dp/B08C7KZLWV
B,B0DD3MDNGG,Nextorage 日本メーカー UHS-II microSD U3 V60 128GB 動画 マイクロSD メモリーカード M2SE,Nextorage,Nextorage,パソコン・周辺機器 > PCアクセサリ・サプライ > メモリーカード,8040,34,50,2,2,Nextorage ダイレクト / 【公式】グローバルオンラインストア 本店,メーカー直販,11687,10365,4680,はい,2026-02-23以降,121.5,6555,9063,56.1,11.33,0.88,0.44,実セラー数,標準(小型),182,中小候補,GO,GO,GO,,,https://www.amazon.co.jp/dp/B0DD3MDNGG
A,B0DQ81QZWP,【張る空気清浄機×5つの試験で99%】 ハウスダスト対策 エアコンフィルター 壁掛エアコン・空気清浄機用 掃除 ホコリ 換気扇 エアクリーンラボ 花粉対策 2枚,Airクリーンラボ,E-Surf,ホーム＆キッチン > 家電 > 空調・季節家電,5970,33,400,2,2,モノラボ【30日間保証付】【24時間迅速配送】 / モノづくり本舗【30日間保証付】【24時間迅速配送】,,1980,1465,1465,はい,2026-02-23以降,0.0,670,529,33.9,11.0,0.91,0.45,実セラー数,標準1,282,中小候補,GO,GO,GO,,,https://www.amazon.co.jp/dp/B0DQ81QZWP
A,B07CMT6G8V,[TABITUS+] タビタス ワンツーフィニッシュ ハンガーケース NEW JALUX ブラック…,TABITUS+,TABITUS+,ファッション > バッグ・スーツケース > スーツケース・トラベルバッグ,4264,33,100,2,2,【公式】A2ショップ / グレンチェック,,3380,3380,2980,はい,2026-02-23以降,13.4,1915,2157,56.7,11.0,0.91,0.45,実セラー数,標準1,282,中小候補,GO,GO,GO,,,https://www.amazon.co.jp/dp/B07CMT6G8V
A,B08BRWJNM4,SmallRig FUJIFILM用 X100VI/X100V対応 サムグリップ カメラホットシューサムレスト 装着簡単 カメラホールド感と安全性を向上 シリコ,SMALLRIG,SmallRig,家電＆カメラ > カメラ > アクセサリ,8096,33,100,2,2,SmallRig Japan / 株式会社コジマ,メーカー直販,2371,2232,2134,はい,2026-02-23以降,4.6,1268,1581,53.5,11.0,0.91,0.45,実セラー数,標準(小型),182,中小候補,GO,GO,GO,,,https://www.amazon.co.jp/dp/B08BRWJNM4
A,B0DWFJT7LV,NIKE ナイキ ソリッドコアタオル ミディアム ブラック/ホワイト TW2001-010,ナイキ(NIKE),ナイキ(NIKE),スポーツ＆アウトドア > 水泳・スイミング > スポーツタオル,6676,33,300,2,2,ゴルフ安売王 / 大福屋 本店,,2398,1541,1541,はい,2026-02-23以降,0.0,819,837,34.2,11.0,0.91,0.45,実セラー数,標準(小型),182,大手/海外疑い,GO,GO,GO,,,https://www.amazon.co.jp/dp/B0DWFJT7LV
A,B0CZD4NGSD,TOWOOZ MacBook Air ケース13-13.6インチ M5/M4/M3/M2/M1チップ/13インチMacBook Neo A18 Proチップ搭載,TOWOOZ,TOWOOZ,パソコン・周辺機器 > PCアクセサリ・サプライ > ノートパソコンアクセサリ,7085,33,50,2,2,TOWOOZ-JP専門店【HXL】 / TOWOOZ-JP専門店【NA】,メーカー直販,3039,3039,3039,はい,2026-02-23以降,0.0,1693,2079,55.7,11.0,0.91,0.45,実セラー数,標準1,282,中小候補,GO,GO,GO,,,https://www.amazon.co.jp/dp/B0CZD4NGSD
B,B0FVF3Z566,衣類スチーマー Pursay かけたまま スチームアイロン 100-240V 海外対応【濡れずにすぐに着られる×大量超微細スチーム】 ハンディ コンパクト シワ,Pursay,Pursay,ホーム＆キッチン > 家電 > 生活家電,6968,33,50,2,2,Pursay販売店【日本語対応・365日製品品質保証】 / Pursay電気屋【最大18月間安心保証･日本語サポート･30日間返金返品保証】,メーカー直販,7980,6649,6649,はい,2026-02-23以降,0.0,4039,4935,50.6,11.0,0.91,0.45,実セラー数,標準1,282,中小候補,GO,GO,GO,,,https://www.amazon.co.jp/dp/B0FVF3Z566
A,B0B5FWS7J7,オウルテック ライトニングケーブル 巻取り式 両引きタイプ データ転送 480Mbps MFi認証取得 軽量 コンパクト 静音 iPhone/iPad対応 1.,オウルテック,オウルテック,パソコン・周辺機器 > PCアクセサリ・サプライ > ケーブル・アクセサリ,4307,43,50,3,3,オウルテック ダイレクト / ミーニャ 簡易梱包、衣類ぬいぐるみ等は圧縮後発送となります / ECJOY! [創業24年インボイスT7011001061049],メーカー直販,1780,1762,1762,はい,2026-02-23以降,0.0,963,1149,54.1,10.75,0.93,0.47,実セラー数,標準(小型),182,中小候補,GO,GO,GO,,,https://www.amazon.co.jp/dp/B0B5FWS7J7
A,B0GCFK5NF3,Evinof ネックスピーカー テレビ用【テレビ全機種対応★2.4GHz送信機同梱】テレビスピーカー ワイヤレス 低遅延 左右バランス調整 マイク付き,Evinof,Evinof,家電＆カメラ > ポータブルオーディオ > ポータブルスピーカー・ドック,3412,43,200,3,3,国海商店 / Evinof-direct / Evinof-shop,メーカー直販,6999,6999,6999,はい,2026-02-23以降,0.0,4267,5723,61.0,10.75,0.93,0.47,実セラー数,標準1,282,中小候補,GO,GO,GO,,,https://www.amazon.co.jp/dp/B0GCFK5NF3
A,B0G2XTLCBL,LAOPAO ソープディスペンサー 自動 液体 2段階 オートディスペンサー ハンドソープディスペンサー シャンパン色 液体 [並行輸入品],LAOPAO,LAOPAO,ホーム＆キッチン > バス・トイレ・洗面用品 > バス用品,10091,32,50,2,2,Laopao(JP) Inc. / JDJD SOUND,メーカー直販,3399,2889,2889,はい,2026-02-23以降,0.0,1595,1739,47.0,10.67,0.94,0.47,実セラー数,標準1,282,中小候補,GO,GO,GO,,,https://www.amazon.co.jp/dp/B0G2XTLCBL
A,B07NN9Z9C8,ウッディプッディ(Woodypuddy) サラダセット,ウッディプッディ(Woodypuddy),ウッディプッディ(Woodypuddy),おもちゃ > ままごと・ごっこ遊び > ままごと用キッチン・食べ物,8098,32,,2,2,EMBL(エンブル)《適格請求書発行事業者登録済》 / 美鳩商会(ミハトショウカイ)適格請求書発行事業者,,6592,4537,4537,はい,2026-02-23以降,0.0,2667,3140,40.5,10.67,0.94,0.47,実セラー数,標準1,282,中小候補,GO,GO,GO,,,https://www.amazon.co.jp/dp/B07NN9Z9C8
A,B0CYNP4RQQ,イガラシ 120cm浮き輪 チルタイムウキワ ロープ付き RLC-121V,イガラシ(Igarashi),イガラシ(Igarashi),おもちゃ > アクション・スポーツトイ > プール・水遊び,10092,32,100,2,2,風船唐綿 / 住設プロ,,3117,2360,2360,はい,2026-02-23以降,0.0,1202,1160,38.6,10.67,0.94,0.47,実セラー数,標準2,332,中小候補,GO,GO,GO,,,https://www.amazon.co.jp/dp/B0CYNP4RQQ
A,B0FX9NQ3CF,[bagasin] パソコンバッグ 17 17.3インチ パソコンケース ブリーフケース,bagasin,bagasin,パソコン・周辺機器 > PCアクセサリ・サプライ > ノートパソコンアクセサリ,5967,32,50,2,2,lukesijp / Amazon US,,3299,2944,2944,はい,2026-02-23以降,0.0,1631,1992,49.5,10.67,0.94,0.47,実セラー数,標準1,282,中小候補,GO,GO,GO,,,https://www.amazon.co.jp/dp/B0FX9NQ3CF
A,B0DQ7RTLL9,PONAOO小型カメラ 小型防犯カメラ [DIYカメラ リモコン付き操作簡単 HD1080P モーション検知 7時間録画128GB対応]小型カメラ長時間録画 上,PONAOO,PONAOO,家電＆カメラ > カメラ > 防犯カメラ,7432,32,100,2,2,qiaomiaojuelun / MAZNA-カメラ専門店,,5035,4306,4306,はい,2026-02-23以降,0.0,2616,3489,52.0,10.67,0.94,0.47,実セラー数,標準(小型),182,中小候補,GO,GO,GO,,,https://www.amazon.co.jp/dp/B0DQ7RTLL9
B,B0DPHD9SDX,iGPSPORT BSC200S サイクルコンピュータ サイコン GPS ナビ付き 2.4インチカラー液晶 ルートナビ対応 ケイデンス・スピードセンサー・パワー,iGPSPORT,iGPSPORT,スポーツ＆アウトドア > スポーツケア・アクセサリ・競技備品 > スポーツ・レクリエーションテクノロジー,6772,32,100,2,2,iGPSPORT Official / FIND SHOP,メーカー直販,11800,10030,10030,はい,2026-02-23以降,0.0,6337,8053,53.7,10.67,0.94,0.47,実セラー数,標準(小型),182,中小候補,GO,GO,GO,,,https://www.amazon.co.jp/dp/B0DPHD9SDX
B,B0FCRL29CW,NINJA GAIDEN 4 Deluxe Edition -PS5 【特典】リュウ用スキン「トラディショナルダークブルー」 「レジェンダリーブラックファルコン,マイクロソフト,日本マイクロソフト,ゲーム > 機種別 > プレイステーション5,2530,32,,2,2,【適格請求書発行事業者】AI電気 / Nkzrストア,,15800,10890,10890,はい,2026-02-23以降,0.0,6896,8784,43.6,10.67,0.94,0.47,実セラー数,標準(小型),182,中小候補,GO,GO,GO,,,https://www.amazon.co.jp/dp/B0FCRL29CW
B,B0DJWH7XD1,COMEDYKING EMS ピロー 【日本で人気！5つ機能付き】 リモコン付き 簡単操作 PC作業 テレワーク 運動 家事 育児 誕生日プレゼント女性 母親 ,COMEDYKING,Pingyang County Hongxing Arts and Crafts Factory,ホーム＆キッチン > 家電 > 健康家電,5005,32,200,2,2,COMEDYKING 専門店 保証付き / COMEDYKING専門店-保証付き,メーカー直販,9214,9214,9214,はい,2026-02-23以降,0.0,5707,7115,61.9,10.67,0.94,0.47,実セラー数,標準1,282,中小候補,GO,GO,GO,,,https://www.amazon.co.jp/dp/B0DJWH7XD1
A,B0GLQ2X652,Flomep【2026年新モデル】筋トレグッズ アームバー エキスパンダー 胸筋トレーニング器具 3段調節可能(30-60kg) ツイスターアームトレーナー 静,Flomep,Flomep,スポーツ＆アウトドア > フィットネス・トレーニング > 筋力トレーニング,390,31,700,2,2,Flomep 公式販売店 / Flomep フィットネス公式ショップ,メーカー直販,2680,2546,2546,いいえ,2026-02-23以降,0.0,1322,1318,49.4,10.33,0.97,0.48,実セラー数,標準2,332,中小候補,GO,GO,GO,,,https://www.amazon.co.jp/dp/B0GLQ2X652
A,B0DCC7RP2Y,Kachiari(カチアリ) 電動ドリル 18V 45N.m コードレスドリル 18V対応 本体のみ,Kachiari,Kachiari,DIY・工具・ガーデン > 電動工具・エア工具 > 穴あけ・締付工具,6379,31,50,2,2,Kachiari / SYPOUSY LIMITED,メーカー直販,4160,3553,2985,はい,2026-02-23以降,19.0,2027,2304,48.7,10.33,0.97,0.48,実セラー数,標準1,282,中小候補,GO,GO,GO,,,https://www.amazon.co.jp/dp/B0DCC7RP2Y
A,B0D5R4R2L9,ESR magsafe リング マグセーフ シール 強力吸着 位置合わせクリップ付属 マグネット 磁気ワイヤレス充電対応キット 超薄型 磁気固定メタルリング ス,ESR,ESR,家電＆カメラ > 携帯電話・スマートフォン > 携帯電話・スマートフォンアクセサリ,2648,31,,2,2,WワールドマーケットW / dosanko.salmon.michi,,4736,4736,1699,はい,2026-02-23以降,178.8,2896,3885,61.2,10.33,0.97,0.48,実セラー数,標準(小型),182,中小候補,GO,GO,GO,,,https://www.amazon.co.jp/dp/B0D5R4R2L9
A,B07CNCTB6R,[TABITUS/タビタス] ワンツーフィニッシュ ハンガーケース NEW JALUX ネイビー…,TABITUS+,TABITUS+,ファッション > バッグ・スーツケース > スーツケース・トラベルバッグ,4264,31,100,2,2,【公式】A2ショップ / グレンチェック,,4059,3380,2980,はい,2026-02-23以降,13.4,1915,2157,47.2,10.33,0.97,0.48,実セラー数,標準1,282,中小候補,GO,GO,GO,,,https://www.amazon.co.jp/dp/B07CNCTB6R
A,B006BY6UAI,TOSHIBA USBメモリ 16GB USB2.0 キャップ式 ホワイト (国内正規品) TNU-A016G,東芝(TOSHIBA),東芝(TOSHIBA),パソコン・周辺機器 > 外付けドライブ・ストレージ > USBメモリ・フラッシュドライブ,3494,31,,2,2,"幸香プロダクツ【インボイス対応店】 / green,note",,2980,1397,1397,はい,2026-02-23以降,0.0,726,813,24.4,10.33,0.97,0.48,実セラー数,標準(小型),182,大手/海外疑い,GO,GO,GO,,,https://www.amazon.co.jp/dp/B006BY6UAI
A,B0F8HMWT3X,【POP MART 公式ストア】CRYBABY Wild but Cutie シリーズ - ぬいぐるみペンダント 【1ピース】 クライベイビー ポップマート ブ,POP MART,POP MART,ホビー > フィギュア・コレクタードール,6888,31,50,2,2,POP MART JAPAN / スニフの夢(適格請求書発行事業者)商品の詳細情報(コンディション)に説明がある場合がございます。,メーカー直販,1815,1720,1720,はい,2026-02-23以降,0.0,936,990,51.6,10.33,0.97,0.48,実セラー数,標準(小型),182,中小候補,GO,GO,GO,,,https://www.amazon.co.jp/dp/B0F8HMWT3X
A,B09SZ79YMZ,Runbod HDMI RCA 変換ケーブル HDMI to AV変換コンバーター/コンポジット/3色端子 変換アダプター 1080P hdmi ケーブル 1M,Runbod,,家電＆カメラ > オーディオ > ホームオーディオアクセサリ,4313,31,200,2,2,cleantt / ooseal,,1599,1369,1369,はい,2026-02-23以降,0.0,707,787,44.3,10.33,0.97,0.48,実セラー数,標準(小型),182,中小候補,GO,GO,GO,,,https://www.amazon.co.jp/dp/B09SZ79YMZ
A,B0CD56D3XQ,ファーイーストガジェット タイプスティックス TS01（White）,FAR EAST GADGET,FAR EAST GADGET,パソコン・周辺機器 > キーボード・マウス・入力機器 > パソコン用キーボード,1679,31,100,2,2,ファーイーストガジェット / PFUダイレクト,,2480,2480,2480,いいえ,繰越(境界後の記録なし),0.0,1430,1809,57.7,10.33,0.97,0.48,実セラー数,標準(小型),182,中小候補,GO,GO,GO,,,https://www.amazon.co.jp/dp/B0CD56D3XQ
B,B0FBFN25C5,[バンダイ(BANDAI)] キミとアイドルプリキュア♪ キミとアイドル変身キラキラショータイムマイク(特典:プリキュアキラルンリボン キュアズキューン&キュア,BANDAI,バンダイ(BANDAI),おもちゃ > ままごと・ごっこ遊び > ベルト・なりきりアイテム,3615,31,,2,2,ツチノコShop / スマイル天月,,8770,7280,6600,はい,2026-02-23以降,10.3,4450,5472,50.7,10.33,0.97,0.48,実セラー数,標準1,282,大手/海外疑い,GO,GO,GO,,,https://www.amazon.co.jp/dp/B0FBFN25C5
A,B0FSS1VVGD,YINCODI プロジェクター 家庭用【業界初超小型＆軽量・Android TV 搭載・270°回転】 プロジェクター 小型 25000lm 1080P 天井投,YINCODI,YINCODI,家電＆カメラ > テレビ・レコーダー > ホームプロジェクター,3971,41,200,3,3,JZY吉之源 / HXR恒鑫日 / NWC Collection,,7597,7597,7597,はい,2026-02-23以降,0.0,4656,6273,61.3,10.25,0.98,0.49,実セラー数,標準1,282,中小候補,GO,GO,GO,,,https://www.amazon.co.jp/dp/B0FSS1VVGD
A,B0GCF5DR6Y,Evinof ネックスピーカー テレビ用【テレビ全機種対応★2.4GHz送信機同梱】テレビスピーカー ワイヤレス 低遅延 左右バランス調整 マイク付き,Evinof,Evinof,家電＆カメラ > ポータブルオーディオ > ポータブルスピーカー・ドック,3412,41,200,3,3,国海商店 / Evinof-direct / Evinof-shop,メーカー直販,6999,6999,6999,はい,2026-02-23以降,0.0,4267,5723,61.0,10.25,0.98,0.49,実セラー数,標準1,282,中小候補,GO,GO,GO,,,https://www.amazon.co.jp/dp/B0GCF5DR6Y
B,B072NCGDCF,Champion Jockey Special - Switch,KT,コーエーテクモゲームス,ゲーム > 機種別 > Nintendo Switch,8467,41,,3,3,お宝創庫オンラインストア (土日定休日) / YY ストア / Yggdrasill SHOP,,9763,9213,9213,はい,2026-02-23以降,0.0,5806,7359,59.5,10.25,0.98,0.49,実セラー数,標準(小型),182,中小候補,GO,GO,GO,,,https://www.amazon.co.jp/dp/B072NCGDCF
A,B0DM9M67TW,iFace BeBling Wave MagSafe対応 スマホリング MagSynq Ring Holder (シルバー),Hamee(ハミィ),Hamee(ハミィ),家電＆カメラ > 携帯電話・スマートフォン > 携帯電話・スマートフォンアクセサリ,2633,40,200,3,3,Hamee(ハミィ) / dream 本店 / 株式会社コジマ,メーカー直販,3150,2871,2871,はい,2026-02-23以降,0.0,1684,2169,53.5,10.0,1.0,0.5,実セラー数,標準(小型),182,中小候補,GO,GO,GO,,,https://www.amazon.co.jp/dp/B0DM9M67TW
A,B0F993JSLR,GAGULA for Apple Watch バンド チェーン ベルト アップルウォッチ バンド 調整器具不要 ステンレス SE 3/SE 2/SE/ 11 1,GAGULA,GAGULA,家電＆カメラ > 携帯電話・スマートフォン > 携帯電話・スマートフォンアクセサリ,2465,30,300,2,2,LJAMAZ / SLH-JP,,2599,2276,1399,はい,2026-02-23以降,62.7,1297,1621,49.9,10.0,1.0,0.5,実セラー数,標準(小型),182,大手/海外疑い,GO,GO,GO,,,https://www.amazon.co.jp/dp/B0F993JSLR
A,B0DJ86LWCM,エレコム usb c 変換ケーブル 3m Type-C to HDMI 4K(3840×2160px)/60Hz マルチディスプレイ ミラーリング 【iPhon,エレコム(ELECOM),エレコム,パソコン・周辺機器 > PCアクセサリ・サプライ > ケーブル・アクセサリ,10691,30,,2,2,hobby's market【すり替え詐欺対策店】 / ショップいぶき,,3199,2780,1698,はい,2026-02-23以降,63.7,1625,2085,50.8,10.0,1.0,0.5,実セラー数,標準(小型),182,大手/海外疑い,GO,GO,GO,,,https://www.amazon.co.jp/dp/B0DJ86LWCM
A,B0CZCSDFP8,TOWOOZ MacBook Air ケース13-13.6インチ M5/M4/M3/M2/M1チップ/13インチMacBook Neo A18 Proチップ搭載,TOWOOZ,TOWOOZ,パソコン・周辺機器 > PCアクセサリ・サプライ > ノートパソコンアクセサリ,7085,30,50,2,2,TOWOOZ-JP専門店【HXL】 / TOWOOZ-JP専門店【NA】,メーカー直販,3039,3039,3039,はい,2026-02-23以降,0.0,1693,2079,55.7,10.0,1.0,0.5,実セラー数,標準1,282,中小候補,GO,GO,GO,,,https://www.amazon.co.jp/dp/B0CZCSDFP8
A,B0FJFSKR5R,【2026新登場・360°回転・折り畳み式】 タブレット スタンド iPad スタンド 4.7~13インチ対応 軽量 高さ 角度調整 滑り止め 放熱 通気性 安,Kungix,Kungix,パソコン・周辺機器 > PCアクセサリ・サプライ > タブレットアクセサリ,1533,30,100,2,2,HIDEMI SHOP / YUKA NO1,,2066,2048,2048,はい,2026-02-23以降,0.0,1049,1168,50.8,10.0,1.0,0.5,実セラー数,標準1,282,中小候補,GO,GO,GO,,,https://www.amazon.co.jp/dp/B0FJFSKR5R
A,B0F98Z8NRY,GAGULA for Apple Watch バンド チェーン ベルト アップルウォッチ バンド 調整器具不要 ステンレス SE 3/SE 2/SE/ 11 1,GAGULA,GAGULA,家電＆カメラ > 携帯電話・スマートフォン > 携帯電話・スマートフォンアクセサリ,2464,30,300,2,2,LJAMAZ / SLH-JP,,2399,2137,2137,はい,2026-02-23以降,0.0,1207,1494,50.3,10.0,1.0,0.5,実セラー数,標準(小型),182,大手/海外疑い,GO,GO,GO,,,https://www.amazon.co.jp/dp/B0F98Z8NRY
A,B0GLGWCC6R,英語はAIが9割（プレジデント2026年3/20号）,プレジデント社,プレジデント社,本 > ジャンル別 > 雑誌,58018,30,,2,2,☆ To You ☆ / ブックマーケティング(ご注文確定前に表示の到着予定日をご確認下さい、ご注文後のキャンセルご遠慮下さい,,1729,680,680,はい,2026-02-23以降,0.0,160,-138,9.3,10.0,1.0,0.5,実セラー数,標準1,282,中小候補,GO,GO,GO,,,https://www.amazon.co.jp/dp/B0GLGWCC6R
A,B01BOT1NBA,日本農薬 展着剤 クサリノー 10% 500ml,日本農薬,日本農薬,DIY・工具・ガーデン > ガーデン > 害獣・害虫対策用品,16812,30,200,2,2,アークランズオンライン アマゾン支店 / (有)丸山昌治商店【肥料農薬・包装資材・緑化資材・ドローン専門店】,,1714,968,968,はい,2026-02-23以降,0.0,347,106,20.3,10.0,1.0,0.5,実セラー数,標準1,282,中小候補,GO,GO,GO,,,https://www.amazon.co.jp/dp/B01BOT1NBA
A,B0D8KPJ18N,シーリングファンライト E26 【壁スイッチ断電記憶 】ファン付き照明 4.5畳用 調光調色調風 リモコン付 サーキュレーター 5枚羽 扇風機 換気 トイレ f,慧光 (EKOU),,ホーム＆キッチン > 家電 > 照明,13113,30,500,2,2,慧光 / エコLED蛍光灯,メーカー直販,2380,2280,1780,はい,2026-02-23以降,28.1,1200,1222,50.4,10.0,1.0,0.5,実セラー数,標準1,282,中小候補,GO,GO,GO,,,https://www.amazon.co.jp/dp/B0D8KPJ18N
A,B091YCZWTZ,レヂトン 切断砥石 金の卵 105×1.0×15【30枚セット】 (ステンレス/金属用),レヂトン(Resiton),レヂトン(Resiton),DIY・工具・ガーデン > 電動工具・エア工具 > 電動工具パーツ・アクセサリ,2455,30,,2,2,k Store008 / manoha-lando,,5899,5395,4989,はい,2026-02-23以降,8.1,3224,3869,54.7,10.0,1.0,0.5,実セラー数,標準1,282,中小候補,GO,GO,GO,,,https://www.amazon.co.jp/dp/B091YCZWTZ
A,B0DSVWSYRJ,【業界先端 Type-C＆USB-A対応】 マウス 無線 Bluetooth type-c口接続 ワイヤレスマウス 静音 超薄型 小型 高感度 ブルートゥース ,BUODCO,BUODCO,パソコン・周辺機器 > キーボード・マウス・入力機器 > マウス,3936,30,100,2,2,Asduermos / HIDEMI SHOP,,1943,1924,1924,はい,2026-02-23以降,0.0,1068,1298,55.0,10.0,1.0,0.5,実セラー数,標準(小型),182,中小候補,GO,GO,GO,,,https://www.amazon.co.jp/dp/B0DSVWSYRJ
A,B0F9JCYXMP,[ビームスボーイ] キャンパス・バッグ ARC’TERYX MANTIS1 WESTPACK レディース 24K Black FREE,BEAMS BOY(ビームスボーイ),,ファッション > レディース > バッグ・財布,7254,30,100,2,2,BEAMS_ / Hams and YETI,メーカー直販,6820,6820,6820,はい,2026-02-23以降,0.0,4251,5325,62.3,10.0,1.0,0.5,実セラー数,標準(小型),182,中小候補,GO,GO,GO,,,https://www.amazon.co.jp/dp/B0F9JCYXMP
A,B0FLQFN9CZ,2個セット TOPADRE 30W 急速充電器 Type-C 巻き取り式 タイプc 充電器【業界超ミニ・超軽量・折畳式プラグ・PSE認証】type-c コンセン,TOPADRE,"Shenzhenshi Ezreal Technology Co.,Ltd",家電＆カメラ > 携帯電話・スマートフォン > 携帯電話・スマートフォンアクセサリ,4972,30,50,2,2,TOPADRE Tech JP / TOPADRE-JP販売店,メーカー直販,2526,2526,2526,はい,2026-02-23以降,0.0,1459,1851,57.8,10.0,1.0,0.5,実セラー数,標準(小型),182,中小候補,GO,GO,GO,,,https://www.amazon.co.jp/dp/B0FLQFN9CZ
A,B0F6SJJCPV,折りたたみ式3in1ワイヤレス充電器、iPhone・Apple Watch・Airpods同時充電、MagSafe対応磁力150mT Maxスタンド,TOPKYO,"Shenzhen You & Me Electronics Co., LTD",家電＆カメラ > 携帯電話・スマートフォン > 携帯電話・スマートフォンアクセサリ,5395,30,200,2,2,TopKyo / TOPKYO-東京都,メーカー直販,3980,3332,2719,はい,2026-02-23以降,22.5,1883,2349,47.3,10.0,1.0,0.5,実セラー数,標準1,282,大手/海外疑い,GO,GO,GO,,,https://www.amazon.co.jp/dp/B0F6SJJCPV
